/home/mike/git/np/samples/least-squares/benchmark.cpp:37: warning: Compound BenchmarkResult is not documented.
/home/mike/git/np/include/np/Exception.hpp:61: warning: Compound np::Exception is not documented.
/home/mike/git/np/include/np/internal/cpu/LstSqGelsdBlas_amx.hpp:50: warning: Compound np::internal::cpu::AmxTileConfig is not documented.
/home/mike/git/np/include/np/internal/cpu/LstSqGelsdTraits.hpp:41: warning: Compound np::internal::cpu::GelsdTraits< double > is not documented.
/home/mike/git/np/include/np/internal/cpu/LstSqGelsdTraits.hpp:48: warning: Compound np::internal::cpu::GelsdTraits< float > is not documented.
/home/mike/git/np/include/np/ndarray/constant/NDArrayConstant.hpp:42: warning: Compound np::ndarray::array_constant::NDArrayConstant is not documented.
/home/mike/git/np/include/np/ndarray/constant/NDArrayConstant.hpp:51: warning: Compound np::ndarray::array_constant::NDArrayConstant is not documented.
/home/mike/git/np/include/np/ndarray/constant/internal/NDArrayConstantStorage.hpp:44: warning: Compound np::ndarray::array_constant::internal::NDArrayConstantStorage is not documented.
/home/mike/git/np/include/np/ndarray/constant/internal/NDArrayConstantStorage.hpp:200: warning: Compound np::ndarray::array_constant::internal::NDArrayConstantStorage::const_iterator is not documented.
/home/mike/git/np/include/np/ndarray/constant/internal/NDArrayConstantStorage.hpp:94: warning: Compound np::ndarray::array_constant::internal::NDArrayConstantStorage::iterator is not documented.
/home/mike/git/np/include/np/ndarray/constant/internal/NDArrayConstantStorageStreamIoImpl.hpp:38: warning: Compound np::ndarray::array_constant::internal::SquareBracketsInserter is not documented.
/home/mike/git/np/include/np/ndarray/diagonal/NDArrayDiagonal.hpp:48: warning: Compound np::ndarray::array_diagonal::NDArrayDiagonal is not documented.
/home/mike/git/np/include/np/ndarray/diagonal/NDArrayDiagonal.hpp:57: warning: Compound np::ndarray::array_diagonal::NDArrayDiagonal is not documented.
/home/mike/git/np/include/np/ndarray/diagonal/NDArrayIdentity.hpp:42: warning: Compound np::ndarray::array_diagonal::NDArrayIdentity is not documented.
/home/mike/git/np/include/np/ndarray/diagonal/NDArrayIdentity.hpp:51: warning: Compound np::ndarray::array_diagonal::NDArrayIdentity is not documented.
/home/mike/git/np/include/np/ndarray/diagonal/internal/NDArrayDiagonalStorage.hpp:44: warning: Compound np::ndarray::array_diagonal::internal::NDArrayDiagonalStorage is not documented.
/home/mike/git/np/include/np/ndarray/diagonal/internal/NDArrayDiagonalStorage.hpp:226: warning: Compound np::ndarray::array_diagonal::internal::NDArrayDiagonalStorage::const_iterator is not documented.
/home/mike/git/np/include/np/ndarray/diagonal/internal/NDArrayDiagonalStorage.hpp:120: warning: Compound np::ndarray::array_diagonal::internal::NDArrayDiagonalStorage::iterator is not documented.
/home/mike/git/np/include/np/ndarray/diagonal/internal/NDArrayIdentityStorage.hpp:44: warning: Compound np::ndarray::array_diagonal::internal::NDArrayIdentityStorage is not documented.
/home/mike/git/np/include/np/ndarray/diagonal/internal/NDArrayIdentityStorage.hpp:208: warning: Compound np::ndarray::array_diagonal::internal::NDArrayIdentityStorage::const_iterator is not documented.
/home/mike/git/np/include/np/ndarray/diagonal/internal/NDArrayIdentityStorage.hpp:102: warning: Compound np::ndarray::array_diagonal::internal::NDArrayIdentityStorage::iterator is not documented.
/home/mike/git/np/include/np/ndarray/diagonal/internal/NDArrayDiagonalStorageStreamIoImpl.hpp:38: warning: Compound np::ndarray::array_diagonal::internal::SquareBracketsInserter is not documented.
/home/mike/git/np/include/np/ndarray/diagonal/internal/NDArrayIdentityStorageStreamIoImpl.hpp:38: warning: Compound np::ndarray::array_diagonal::internal::SquareBracketsInserter is not documented.
/home/mike/git/np/include/np/ndarray/dynamic/NDArrayDynamic.hpp:48: warning: Compound np::ndarray::array_dynamic::NDArrayDynamic is not documented.
/home/mike/git/np/include/np/ndarray/dynamic/NDArrayDynamic.hpp:68: warning: Compound np::ndarray::array_dynamic::NDArrayDynamic is not documented.
/home/mike/git/np/include/np/ndarray/dynamic/NDArrayDynamic.hpp:217: warning: Compound np::ndarray::array_dynamic::NDArrayDynamicHasher is not documented.
/home/mike/git/np/include/np/ndarray/dynamic/internal/NDArrayDynamicStorage.hpp:49: warning: Compound np::ndarray::array_dynamic::internal::NDArrayDynamicStorage is not documented.
/home/mike/git/np/include/np/ndarray/dynamic/internal/NDArrayDynamicStorage.hpp:589: warning: Compound np::ndarray::array_dynamic::internal::NDArrayDynamicStorage::const_iterator is not documented.
/home/mike/git/np/include/np/ndarray/dynamic/internal/NDArrayDynamicStorage.hpp:483: warning: Compound np::ndarray::array_dynamic::internal::NDArrayDynamicStorage::iterator is not documented.
/home/mike/git/np/include/np/ndarray/dynamic/internal/NDArrayDynamicStorageStreamIoImpl.hpp:38: warning: Compound np::ndarray::array_dynamic::internal::SquareBracketsInserter is not documented.
/home/mike/git/np/include/np/ndarray/static/NDArrayStatic.hpp:48: warning: Compound np::ndarray::array_static::NDArrayStatic is not documented.
/home/mike/git/np/include/np/ndarray/static/NDArrayStatic.hpp:69: warning: Compound np::ndarray::array_static::NDArrayStatic is not documented.
/home/mike/git/np/include/np/ndarray/static/internal/NDArrayStaticStorage.hpp:44: warning: Compound np::ndarray::array_static::internal::NDArrayStaticStorage is not documented.
/home/mike/git/np/include/np/ndarray/static/internal/NDArrayStaticStorage.hpp:59: warning: Compound np::ndarray::array_static::internal::NDArrayStaticStorage is not documented.
/home/mike/git/np/include/np/ndarray/static/internal/NDArrayStaticStorage.hpp:454: warning: Compound np::ndarray::array_static::internal::NDArrayStaticStorage::const_iterator is not documented.
/home/mike/git/np/include/np/ndarray/static/internal/NDArrayStaticStorage.hpp:348: warning: Compound np::ndarray::array_static::internal::NDArrayStaticStorage::iterator is not documented.
/home/mike/git/np/include/np/ndarray/internal/AllToNumberConvertor.hpp:89: warning: Compound np::ndarray::internal::AllToNumberConvertor< bool_ > is not documented.
/home/mike/git/np/include/np/ndarray/internal/AllToNumberConvertor.hpp:49: warning: Compound np::ndarray::internal::AllToNumberConvertor< float_ > is not documented.
/home/mike/git/np/include/np/ndarray/internal/AllToNumberConvertor.hpp:73: warning: Compound np::ndarray::internal::AllToNumberConvertor< int_ > is not documented.
/home/mike/git/np/include/np/ndarray/internal/AllToNumberConvertor.hpp:65: warning: Compound np::ndarray::internal::AllToNumberConvertor< intc > is not documented.
/home/mike/git/np/include/np/ndarray/internal/AllToNumberConvertor.hpp:81: warning: Compound np::ndarray::internal::AllToNumberConvertor< longlong > is not documented.
/home/mike/git/np/include/np/ndarray/internal/AllToNumberConvertor.hpp:57: warning: Compound np::ndarray::internal::AllToNumberConvertor< short_ > is not documented.
/home/mike/git/np/include/np/ndarray/internal/AllToNumberConvertor.hpp:41: warning: Compound np::ndarray::internal::AllToNumberConvertor< std::string > is not documented.
/home/mike/git/np/include/np/ndarray/internal/Expression.hpp:256: warning: Compound np::ndarray::internal::ArrayExpression is not documented.
/home/mike/git/np/include/np/ndarray/internal/Expression.hpp:919: warning: Compound np::ndarray::internal::ArrayExpression is not documented.
/home/mike/git/np/include/np/ndarray/internal/Expression.hpp:108: warning: Compound np::ndarray::internal::BinaryExpression is not documented.
/home/mike/git/np/include/np/ndarray/internal/Expression.hpp:283: warning: Compound np::ndarray::internal::BinaryExpression is not documented.
/home/mike/git/np/include/np/ndarray/internal/Nep1.hpp:83: warning: Compound np::ndarray::internal::DTypeToDescrConvertor is not documented.
/home/mike/git/np/include/np/ndarray/internal/Nep1.hpp:47: warning: Compound np::ndarray::internal::Descr is not documented.
/home/mike/git/np/include/np/ndarray/internal/Expression.hpp:130: warning: Compound np::ndarray::internal::EmptyStorage is not documented.
/home/mike/git/np/include/np/ndarray/internal/Expression.hpp:157: warning: Compound np::ndarray::internal::ExpressionBase is not documented.
/home/mike/git/np/include/np/ndarray/internal/Tools.hpp:118: warning: Compound np::ndarray::internal::ExtendedGCDResult is not documented.
/home/mike/git/np/include/np/ndarray/internal/Indexing.hpp:81: warning: Compound np::ndarray::internal::IndexingHandler is not documented.
/home/mike/git/np/include/np/ndarray/internal/NDArrayBase.hpp:46: warning: Compound np::ndarray::internal::NDArrayBase is not documented.
/home/mike/git/np/include/np/ndarray/internal/NDArrayBase.hpp:68: warning: Compound np::ndarray::internal::NDArrayBase is not documented.
/home/mike/git/np/include/np/ndarray/internal/NDArrayIndexStorage.hpp:42: warning: Compound np::ndarray::internal::NDArrayBase is not documented.
/home/mike/git/np/include/np/ndarray/internal/NDArrayBase.hpp:513: warning: Compound np::ndarray::internal::NDArrayBaseEqualTo is not documented.
/home/mike/git/np/include/np/ndarray/internal/NDArrayBase.hpp:502: warning: Compound np::ndarray::internal::NDArrayBaseHasher is not documented.
/home/mike/git/np/include/np/ndarray/internal/NDArrayBase.hpp:58: warning: Compound np::ndarray::internal::NDArrayIndex is not documented.
/home/mike/git/np/include/np/ndarray/internal/NDArrayIndex.hpp:37: warning: Compound np::ndarray::internal::NDArrayIndex is not documented.
/home/mike/git/np/include/np/ndarray/internal/NDArrayBase.hpp:61: warning: Compound np::ndarray::internal::NDArrayIndexStorage is not documented.
/home/mike/git/np/include/np/ndarray/internal/NDArrayIndexStorage.hpp:45: warning: Compound np::ndarray::internal::NDArrayIndexStorage is not documented.
/home/mike/git/np/include/np/ndarray/internal/NDArrayIndexStorage.hpp:213: warning: Compound np::ndarray::internal::NDArrayIndexStorage::const_iterator is not documented.
/home/mike/git/np/include/np/ndarray/internal/NDArrayIndexStorage.hpp:99: warning: Compound np::ndarray::internal::NDArrayIndexStorage::iterator is not documented.
/home/mike/git/np/include/np/ndarray/internal/NDArrayShaped.hpp:46: warning: Compound np::ndarray::internal::NDArrayShaped is not documented.
/home/mike/git/np/include/np/ndarray/internal/OffsetType.hpp:34: warning: Compound np::ndarray::internal::OffsetType is not documented.
/home/mike/git/np/include/np/ndarray/internal/Indexing.hpp:49: warning: Compound np::ndarray::internal::OperatorWithArg is not documented.
/home/mike/git/np/include/np/ndarray/internal/Indexing.hpp:87: warning: Compound np::ndarray::internal::Pattern is not documented.
/home/mike/git/np/include/np/ndarray/internal/Expression.hpp:119: warning: Compound np::ndarray::internal::ScalarWrapper is not documented.
/home/mike/git/np/include/np/ndarray/internal/Tools.hpp:102: warning: Compound np::ndarray::internal::SquareBracketsInserter is not documented.
/home/mike/git/np/include/np/ndarray/internal/Expression.hpp:249: warning: Compound np::ndarray::internal::is_arithmetic_binary_expr< BinaryExpression< Op, Left, Right > > is not documented.
/home/mike/git/np/include/np/Creators.hpp:430: warning: Compound np::random::rand_helper is not documented.
/home/mike/git/np/include/np/Creators.hpp:524: warning: Compound np::random::randn_helper is not documented.
/home/mike/git/np/samples/least-squares/benchmark.cpp:38: warning: Member solver (variable) of struct BenchmarkResult is not documented.
/home/mike/git/np/samples/least-squares/benchmark.cpp:39: warning: Member rows (variable) of struct BenchmarkResult is not documented.
/home/mike/git/np/samples/least-squares/benchmark.cpp:40: warning: Member cols (variable) of struct BenchmarkResult is not documented.
/home/mike/git/np/samples/least-squares/benchmark.cpp:41: warning: Member error (variable) of struct BenchmarkResult is not documented.
/home/mike/git/np/samples/least-squares/benchmark.cpp:42: warning: Member time_us (variable) of struct BenchmarkResult is not documented.
/home/mike/git/np/samples/least-squares/compare_python_lstsq.py:209: warning: Member run_benchmark() (function) of namespace compare_python_lstsq is not documented.
/home/mike/git/np/samples/monte-carlo/compare_python_monte_carlo.py:167: warning: Member run_benchmark() (function) of namespace compare_python_monte_carlo is not documented.
/home/mike/git/np/include/np/Array.hpp:50: warning: Member Array (typedef) of namespace np is not documented.
/home/mike/git/np/include/np/Array.hpp:81: warning: Member ArrayIndexKeyType (typedef) of namespace np is not documented.
/home/mike/git/np/include/np/Array.hpp:87: warning: Member ArrayIndexMap (typedef) of namespace np is not documented.
/home/mike/git/np/include/np/Array.hpp:93: warning: Member ArrayIndexConstMap (typedef) of namespace np is not documented.
/home/mike/git/np/include/np/Axis.hpp:33: warning: Member Axis (typedef) of namespace np is not documented.
/home/mike/git/np/include/np/Constants.hpp:34: warning: Member Size (typedef) of namespace np is not documented.
/home/mike/git/np/include/np/Constants.hpp:37: warning: Member SignedSize (typedef) of namespace np is not documented.
/home/mike/git/np/include/np/DType.hpp:35: warning: Member int8 (typedef) of namespace np is not documented.
/home/mike/git/np/include/np/DType.hpp:37: warning: Member int16 (typedef) of namespace np is not documented.
/home/mike/git/np/include/np/DType.hpp:39: warning: Member int32 (typedef) of namespace np is not documented.
/home/mike/git/np/include/np/DType.hpp:41: warning: Member int64 (typedef) of namespace np is not documented.
/home/mike/git/np/include/np/DType.hpp:44: warning: Member uint8 (typedef) of namespace np is not documented.
/home/mike/git/np/include/np/DType.hpp:46: warning: Member uint16 (typedef) of namespace np is not documented.
/home/mike/git/np/include/np/DType.hpp:48: warning: Member uint32 (typedef) of namespace np is not documented.
/home/mike/git/np/include/np/DType.hpp:50: warning: Member uint64 (typedef) of namespace np is not documented.
/home/mike/git/np/include/np/DType.hpp:53: warning: Member float32 (typedef) of namespace np is not documented.
/home/mike/git/np/include/np/DType.hpp:54: warning: Member float64 (typedef) of namespace np is not documented.
/home/mike/git/np/include/np/DType.hpp:55: warning: Member float_ (typedef) of namespace np is not documented.
/home/mike/git/np/include/np/DType.hpp:56: warning: Member longdouble (typedef) of namespace np is not documented.
/home/mike/git/np/include/np/DType.hpp:59: warning: Member bool_ (typedef) of namespace np is not documented.
/home/mike/git/np/include/np/DType.hpp:61: warning: Member byte (typedef) of namespace np is not documented.
/home/mike/git/np/include/np/DType.hpp:62: warning: Member intc (typedef) of namespace np is not documented.
/home/mike/git/np/include/np/DType.hpp:63: warning: Member short_ (typedef) of namespace np is not documented.
/home/mike/git/np/include/np/DType.hpp:64: warning: Member int_ (typedef) of namespace np is not documented.
/home/mike/git/np/include/np/DType.hpp:65: warning: Member longlong (typedef) of namespace np is not documented.
/home/mike/git/np/include/np/DType.hpp:67: warning: Member ubyte (typedef) of namespace np is not documented.
/home/mike/git/np/include/np/DType.hpp:68: warning: Member ushort (typedef) of namespace np is not documented.
/home/mike/git/np/include/np/DType.hpp:69: warning: Member uintc (typedef) of namespace np is not documented.
/home/mike/git/np/include/np/DType.hpp:70: warning: Member uint (typedef) of namespace np is not documented.
/home/mike/git/np/include/np/DType.hpp:71: warning: Member ulonglong (typedef) of namespace np is not documented.
/home/mike/git/np/include/np/DType.hpp:74: warning: Member object (typedef) of namespace np is not documented.
/home/mike/git/np/include/np/DType.hpp:77: warning: Member string_ (typedef) of namespace np is not documented.
/home/mike/git/np/include/np/DType.hpp:80: warning: Member unicode_ (typedef) of namespace np is not documented.
/home/mike/git/np/include/np/DType.hpp:82: warning: Member DTypeDefault (typedef) of namespace np is not documented.
/home/mike/git/np/include/np/Agg.hpp:60: warning: Member averageImpl(const Array< DType, SizeT > &array, const Array< DType2, SizeT2 > &weights, auto &result) (function) of namespace np is not documented.
/home/mike/git/np/include/np/Agg.hpp:65: warning: Member average(const Array< DType, SizeT > &array, const Array< DType2, SizeT2 > &weights=Array< DType2, SizeT2 >{}) (function) of namespace np is not documented.
/home/mike/git/np/include/np/Agg.hpp:87: warning: Member sumImpl(const Array< DType, SizeT > &array, float_ &result) (function) of namespace np is not documented.
/home/mike/git/np/include/np/Agg.hpp:92: warning: Member sum(const Array< DType, SizeT > &array) (function) of namespace np is not documented.
/home/mike/git/np/include/np/Agg.hpp:114: warning: Member nansumImpl(const Array< DType, SizeT > &array, float_ &result) (function) of namespace np is not documented.
/home/mike/git/np/include/np/Agg.hpp:119: warning: Member nansum(const Array< DType, SizeT > &array) (function) of namespace np is not documented.
/home/mike/git/np/include/np/Agg.hpp:141: warning: Member minImpl(const Array< DType, SizeT > &array, float_ &result) (function) of namespace np is not documented.
/home/mike/git/np/include/np/Agg.hpp:146: warning: Member min(const Array< DType, SizeT > &array) (function) of namespace np is not documented.
/home/mike/git/np/include/np/Agg.hpp:168: warning: Member maxImpl(const Array< DType, SizeT > &array, float_ &result) (function) of namespace np is not documented.
/home/mike/git/np/include/np/Agg.hpp:173: warning: Member max(const Array< DType, SizeT > &array) (function) of namespace np is not documented.
/home/mike/git/np/include/np/Agg.hpp:195: warning: Member cumsumImpl(const Array< DType, SizeT > &array, Array< DType > &result) (function) of namespace np is not documented.
/home/mike/git/np/include/np/Agg.hpp:200: warning: Member cumsum(const Array< DType, SizeT > &array) (function) of namespace np is not documented.
/home/mike/git/np/include/np/Agg.hpp:222: warning: Member nancumsumImpl(const Array< DType, SizeT > &array, Array< DType > &result) (function) of namespace np is not documented.
/home/mike/git/np/include/np/Agg.hpp:227: warning: Member nancumsum(const Array< DType, SizeT > &array) (function) of namespace np is not documented.
/home/mike/git/np/include/np/Agg.hpp:249: warning: Member meanImpl(const Array< DType, SizeT > &array, float_ &result) (function) of namespace np is not documented.
/home/mike/git/np/include/np/Agg.hpp:254: warning: Member mean(const Array< DType, SizeT > &array) (function) of namespace np is not documented.
/home/mike/git/np/include/np/Agg.hpp:276: warning: Member nanmeanImpl(const Array< DType, SizeT > &array, float_ &result) (function) of namespace np is not documented.
/home/mike/git/np/include/np/Agg.hpp:281: warning: Member nanmean(const Array< DType, SizeT > &array) (function) of namespace np is not documented.
/home/mike/git/np/include/np/Agg.hpp:305: warning: Member medianImpl(const Array< DType, SizeT > &array, float_ &result) (function) of namespace np is not documented.
/home/mike/git/np/include/np/Agg.hpp:310: warning: Member median(const Array< DType, SizeT > &array) (function) of namespace np is not documented.
/home/mike/git/np/include/np/Agg.hpp:334: warning: Member nanmedianImpl(const Array< DType, SizeT > &array, float_ &result) (function) of namespace np is not documented.
/home/mike/git/np/include/np/Agg.hpp:339: warning: Member nanmedian(const Array< DType, SizeT > &array) (function) of namespace np is not documented.
/home/mike/git/np/include/np/Agg.hpp:361: warning: Member covImpl(const Array< DType, SizeT > &array, Array< float_ > &result) (function) of namespace np is not documented.
/home/mike/git/np/include/np/Agg.hpp:366: warning: Member cov(const Array< DType, SizeT > &array) (function) of namespace np is not documented.
/home/mike/git/np/include/np/Agg.hpp:389: warning: Member corrcoefImpl(const Array< DType, SizeT > &array, Array< float_ > &result) (function) of namespace np is not documented.
/home/mike/git/np/include/np/Agg.hpp:394: warning: Member corrcoef(const Array< DType, SizeT > &array) (function) of namespace np is not documented.
/home/mike/git/np/include/np/Agg.hpp:417: warning: Member stdImpl(const Array< DType, SizeT > &array, float_ &result) (function) of namespace np is not documented.
/home/mike/git/np/include/np/Agg.hpp:422: warning: Member std_(const Array< DType, SizeT > &array) (function) of namespace np is not documented.
/home/mike/git/np/include/np/Agg.hpp:445: warning: Member nanstdImpl(const Array< DType, SizeT > &array, float_ &result) (function) of namespace np is not documented.
/home/mike/git/np/include/np/Agg.hpp:450: warning: Member nanstd(const Array< DType, SizeT > &array) (function) of namespace np is not documented.
/home/mike/git/np/include/np/Agg.hpp:473: warning: Member varImpl(const Array< DType, SizeT > &array, float_ &result) (function) of namespace np is not documented.
/home/mike/git/np/include/np/Agg.hpp:478: warning: Member var(const Array< DType, SizeT > &array) (function) of namespace np is not documented.
/home/mike/git/np/include/np/Agg.hpp:501: warning: Member nanvarImpl(const Array< DType, SizeT > &array, float_ &result) (function) of namespace np is not documented.
/home/mike/git/np/include/np/Agg.hpp:506: warning: Member nanvar(const Array< DType, SizeT > &array) (function) of namespace np is not documented.
/home/mike/git/np/include/np/Array.hpp:56: warning: Member createArray(Args &&...args) (function) of namespace np is not documented.
/home/mike/git/np/include/np/Array.hpp:61: warning: Member createIntArray(Args &&...args) (function) of namespace np is not documented.
/home/mike/git/np/include/np/Array.hpp:66: warning: Member createFloatArray(Args &&...args) (function) of namespace np is not documented.
/home/mike/git/np/include/np/Array.hpp:71: warning: Member createStringArray(Args &&...args) (function) of namespace np is not documented.
/home/mike/git/np/include/np/Array.hpp:76: warning: Member createUnicodeArray(Args &&...args) (function) of namespace np is not documented.
/home/mike/git/np/include/np/Creators.hpp:599: warning: Member diag1(const ndarray::internal::NDArrayBase< DType, Derived, Storage > &v, int k=0) (function) of namespace np is not documented.
/home/mike/git/np/include/np/Creators.hpp:607: warning: Member diag2(const ndarray::internal::NDArrayBase< DType, Derived, Storage > &v, int k=0) (function) of namespace np is not documented.
/home/mike/git/np/include/np/Exception.hpp:58: warning: Member addStackTrace(const std::string &message) (function) of namespace np is not documented.
/home/mike/git/np/include/np/Index.hpp:28: warning: Member ravel_multi_index(const Shape &indices, const Shape &shape) (function) of namespace np is not documented.
/home/mike/git/np/include/np/Manip.hpp:192: warning: Member allEmpty(const Arg &arg1, Args &&...args) (function) of namespace np is not documented.
/home/mike/git/np/include/np/Manip.hpp:197: warning: Member checkDim(Size dim, const Arg &array) (function) of namespace np is not documented.
/home/mike/git/np/include/np/Manip.hpp:202: warning: Member checkDim(Size dim, const Arg &arg1, Args &&...args) (function) of namespace np is not documented.
/home/mike/git/np/include/np/Manip.hpp:211: warning: Member getMaxDims(const Arg &array) (function) of namespace np is not documented.
/home/mike/git/np/include/np/Manip.hpp:216: warning: Member getMaxDims(const Arg &array, Args &&...args) (function) of namespace np is not documented.
/home/mike/git/np/include/np/Manip.hpp:226: warning: Member getSumDim(Size dim, const Arg &array) (function) of namespace np is not documented.
/home/mike/git/np/include/np/Manip.hpp:231: warning: Member getSumDim(Size dim, const Arg &array, Args &&...args) (function) of namespace np is not documented.
/home/mike/git/np/include/np/Manip.hpp:236: warning: Member fill(Target &target, Size &indexTarget, Size rowSource, const Arg &array) (function) of namespace np is not documented.
/home/mike/git/np/include/np/Manip.hpp:244: warning: Member fill(Target &target, Size &indexTarget, Size rowSource, const Arg &arg1, Args &&...args) (function) of namespace np is not documented.
/home/mike/git/np/include/np/Manip.hpp:250: warning: Member column_stack(const ndarray::internal::NDArrayBase< DType, Derived, Storage > &arg1, Args &&...args) (function) of namespace np is not documented.
/home/mike/git/np/include/np/Manip.hpp:279: warning: Member checkShape(const Arg &array) (function) of namespace np is not documented.
/home/mike/git/np/include/np/Manip.hpp:284: warning: Member checkShape(const Arg &arg1, Args &&...args) (function) of namespace np is not documented.
/home/mike/git/np/include/np/Manip.hpp:293: warning: Member stack(Target &&target, Size &indexTarget, const Arg &arg1) (function) of namespace np is not documented.
/home/mike/git/np/include/np/Manip.hpp:300: warning: Member stack(Target &&target, Size &indexTarget, const Arg &arg1, Args &&...args) (function) of namespace np is not documented.
/home/mike/git/np/include/np/Manip.hpp:464: warning: Member where_inplace(const ndarray::internal::NDArrayBase< DType, Derived, Storage > &x, ndarray::internal::NDArrayBase< DType, DerivedOut, StorageOut > &out, Cond &&condition, Pos &&positive, Neg &&negative) (function) of namespace np is not documented.
/home/mike/git/np/include/np/Manip.hpp:490: warning: Member where_tukey(const ndarray::internal::NDArrayBase< DType, Derived, Storage > &x, DType k) (function) of namespace np is not documented.
/home/mike/git/np/include/np/Manip.hpp:517: warning: Member where_tukey_inplace(const ndarray::internal::NDArrayBase< DType, Derived, Storage > &x, ndarray::internal::NDArrayBase< DType, DerivedOut, StorageOut > &out, DType k) (function) of namespace np is not documented.
/home/mike/git/np/include/np/Manip.hpp:544: warning: Member abs_sub(const ndarray::internal::NDArrayBase< DType, Derived1, Storage1 > &a, const ndarray::internal::NDArrayBase< DType, Derived2, Storage2 > &b) (function) of namespace np is not documented.
/home/mike/git/np/include/np/Manip.hpp:572: warning: Member sum_sq_weighted(const ndarray::internal::NDArrayBase< DType, Derived1, Storage1 > &a, const ndarray::internal::NDArrayBase< DType, Derived2, Storage2 > &w) (function) of namespace np is not documented.
/home/mike/git/np/include/np/Math.hpp:77: warning: Member operator+(const ndarray::internal::NDArrayBase< DType1, Derived1, Storage1 > &a, const ndarray::internal::NDArrayBase< DType2, Derived2, Storage2 > &b) (function) of namespace np is not documented.
/home/mike/git/np/include/np/Math.hpp:89: warning: Member operator+(ndarray::internal::NDArrayBase< DType1, Derived1, Storage1 > &&a, const ndarray::internal::NDArrayBase< DType2, Derived2, Storage2 > &b) (function) of namespace np is not documented.
/home/mike/git/np/include/np/Math.hpp:99: warning: Member operator+(const ndarray::internal::NDArrayBase< DType1, Derived1, Storage1 > &a, ndarray::internal::NDArrayBase< DType2, Derived2, Storage2 > &&b) (function) of namespace np is not documented.
/home/mike/git/np/include/np/Math.hpp:110: warning: Member operator+(ndarray::internal::NDArrayBase< DType1, Derived1, Storage1 > &&a, ndarray::internal::NDArrayBase< DType2, Derived2, Storage2 > &&b) (function) of namespace np is not documented.
/home/mike/git/np/include/np/Math.hpp:118: warning: Member operator+=(ndarray::internal::NDArrayBase< DType1, Derived1, Storage1 > &array1, const ndarray::internal::NDArrayBase< DType2, Derived2, Storage2 > &array2) (function) of namespace np is not documented.
/home/mike/git/np/include/np/Math.hpp:123: warning: Member operator+(const ndarray::internal::NDArrayBase< DType1, Derived1, Storage1 > &array, const DType2 &value) (function) of namespace np is not documented.
/home/mike/git/np/include/np/Math.hpp:128: warning: Member operator+(const DType2 &value, const ndarray::internal::NDArrayBase< DType1, Derived1, Storage1 > &array) (function) of namespace np is not documented.
/home/mike/git/np/include/np/Math.hpp:133: warning: Member operator+=(ndarray::internal::NDArrayBase< DType1, Derived1, Storage1 > &array, const DType2 &value) (function) of namespace np is not documented.
/home/mike/git/np/include/np/Math.hpp:139: warning: Member operator-(const ndarray::internal::NDArrayBase< DType1, Derived1, Storage1 > &a, const ndarray::internal::NDArrayBase< DType2, Derived2, Storage2 > &b) (function) of namespace np is not documented.
/home/mike/git/np/include/np/Math.hpp:150: warning: Member operator-(ndarray::internal::NDArrayBase< DType1, Derived1, Storage1 > &&a, const ndarray::internal::NDArrayBase< DType2, Derived2, Storage2 > &b) (function) of namespace np is not documented.
/home/mike/git/np/include/np/Math.hpp:160: warning: Member operator-(const ndarray::internal::NDArrayBase< DType1, Derived1, Storage1 > &a, ndarray::internal::NDArrayBase< DType2, Derived2, Storage2 > &&b) (function) of namespace np is not documented.
/home/mike/git/np/include/np/Math.hpp:171: warning: Member operator-(ndarray::internal::NDArrayBase< DType1, Derived1, Storage1 > &&a, ndarray::internal::NDArrayBase< DType2, Derived2, Storage2 > &&b) (function) of namespace np is not documented.
/home/mike/git/np/include/np/Math.hpp:179: warning: Member operator-=(ndarray::internal::NDArrayBase< DType1, Derived1, Storage1 > &array1, const ndarray::internal::NDArrayBase< DType2, Derived2, Storage2 > &array2) (function) of namespace np is not documented.
/home/mike/git/np/include/np/Math.hpp:184: warning: Member operator-(const ndarray::internal::NDArrayBase< DType1, Derived1, Storage1 > &array, const DType2 &value) (function) of namespace np is not documented.
/home/mike/git/np/include/np/Math.hpp:189: warning: Member operator-=(ndarray::internal::NDArrayBase< DType1, Derived1, Storage1 > &array, const DType2 &value) (function) of namespace np is not documented.
/home/mike/git/np/include/np/Math.hpp:196: warning: Member operator*(const ndarray::internal::NDArrayBase< DType1, Derived1, Storage1 > &a, const ndarray::internal::NDArrayBase< DType2, Derived2, Storage2 > &b) (function) of namespace np is not documented.
/home/mike/git/np/include/np/Math.hpp:207: warning: Member operator*(ndarray::internal::NDArrayBase< DType1, Derived1, Storage1 > &&a, const ndarray::internal::NDArrayBase< DType2, Derived2, Storage2 > &b) (function) of namespace np is not documented.
/home/mike/git/np/include/np/Math.hpp:217: warning: Member operator*(const ndarray::internal::NDArrayBase< DType1, Derived1, Storage1 > &a, ndarray::internal::NDArrayBase< DType2, Derived2, Storage2 > &&b) (function) of namespace np is not documented.
/home/mike/git/np/include/np/Math.hpp:228: warning: Member operator*(ndarray::internal::NDArrayBase< DType1, Derived1, Storage1 > &&a, ndarray::internal::NDArrayBase< DType2, Derived2, Storage2 > &&b) (function) of namespace np is not documented.
/home/mike/git/np/include/np/Math.hpp:236: warning: Member operator*(const ndarray::internal::NDArrayBase< DType1, Derived1, Storage1 > &array, const DType2 &value) (function) of namespace np is not documented.
/home/mike/git/np/include/np/Math.hpp:241: warning: Member operator*(const DType2 &value, const ndarray::internal::NDArrayBase< DType1, Derived1, Storage1 > &array) (function) of namespace np is not documented.
/home/mike/git/np/include/np/Math.hpp:247: warning: Member operator/(const ndarray::internal::NDArrayBase< DType1, Derived1, Storage1 > &a, const ndarray::internal::NDArrayBase< DType2, Derived2, Storage2 > &b) (function) of namespace np is not documented.
/home/mike/git/np/include/np/Math.hpp:258: warning: Member operator/(ndarray::internal::NDArrayBase< DType1, Derived1, Storage1 > &&a, const ndarray::internal::NDArrayBase< DType2, Derived2, Storage2 > &b) (function) of namespace np is not documented.
/home/mike/git/np/include/np/Math.hpp:268: warning: Member operator/(const ndarray::internal::NDArrayBase< DType1, Derived1, Storage1 > &a, ndarray::internal::NDArrayBase< DType2, Derived2, Storage2 > &&b) (function) of namespace np is not documented.
/home/mike/git/np/include/np/Math.hpp:279: warning: Member operator/(ndarray::internal::NDArrayBase< DType1, Derived1, Storage1 > &&a, ndarray::internal::NDArrayBase< DType2, Derived2, Storage2 > &&b) (function) of namespace np is not documented.
/home/mike/git/np/include/np/Math.hpp:287: warning: Member operator/(const ndarray::internal::NDArrayBase< DType1, Derived1, Storage1 > &array, const DType2 &value) (function) of namespace np is not documented.
/home/mike/git/np/include/np/Math.hpp:292: warning: Member operator/(const DType2 &value, const ndarray::internal::NDArrayBase< DType1, Derived1, Storage1 > &array) (function) of namespace np is not documented.
/home/mike/git/np/include/np/Math.hpp:313: warning: Member expInplace(ndarray::internal::NDArrayBase< DType1, Derived1, Storage1 > &array1, const ndarray::internal::NDArrayBase< DType2, Derived2, Storage2 > &array2) (function) of namespace np is not documented.
/home/mike/git/np/include/np/Math.hpp:333: warning: Member sqrtInplace(ndarray::internal::NDArrayBase< DType, Derived, Storage > &array) (function) of namespace np is not documented.
/home/mike/git/np/include/np/Math.hpp:353: warning: Member sinInplace(ndarray::internal::NDArrayBase< DType, Derived, Storage > &array) (function) of namespace np is not documented.
/home/mike/git/np/include/np/Math.hpp:373: warning: Member cosInplace(ndarray::internal::NDArrayBase< DType, Derived, Storage > &array) (function) of namespace np is not documented.
/home/mike/git/np/include/np/Math.hpp:394: warning: Member logInplace(ndarray::internal::NDArrayBase< DType, Derived, Storage > &array) (function) of namespace np is not documented.
/home/mike/git/np/include/np/Math.hpp:415: warning: Member absInplace(ndarray::internal::NDArrayBase< DType, Derived, Storage > &array) (function) of namespace np is not documented.
/home/mike/git/np/include/np/Math.hpp:621: warning: Member round(const ndarray::internal::NDArrayBase< DType, Derived, Storage > &a, int decimals=0) (function) of namespace np is not documented.
/home/mike/git/np/include/np/StackTrace.hpp:41: warning: Member getStackTrace() (function) of namespace np is not documented.
/home/mike/git/np/include/np/Manip.hpp:177: warning: argument 'arg1' of command @param is not found in the argument list of np::allEmpty(const Arg &array)
/home/mike/git/np/include/np/Manip.hpp:177: warning: argument 'args' of command @param is not found in the argument list of np::allEmpty(const Arg &array)
/home/mike/git/np/include/np/Manip.hpp:177: warning: The following parameter of np::allEmpty(const Arg &array) is not documented:
  parameter 'array'
/home/mike/git/np/include/np/Creators.hpp:105: warning: np::arange has @param documentation sections but no arguments
/home/mike/git/np/include/np/Creators.hpp:156: warning: np::arange has @param documentation sections but no arguments
/home/mike/git/np/include/np/Creators.hpp:123: warning: argument 'DType' of command @param is not found in the argument list of np::arange(DType start, DType stop, DType step=1)
/home/mike/git/np/include/np/Creators.hpp:86: warning: argument 'DType' of command @param is not found in the argument list of np::arange(DType stop)
/home/mike/git/np/include/np/Agg.hpp:46: warning: argument 'array' of command @param is not found in the argument list of np::averageImpl(const Array< DType, SizeT > &, const Array< DType2, SizeT2 > &, auto &)
/home/mike/git/np/include/np/Agg.hpp:46: warning: argument 'weights' of command @param is not found in the argument list of np::averageImpl(const Array< DType, SizeT > &, const Array< DType2, SizeT2 > &, auto &)
/home/mike/git/np/include/np/Agg.hpp:375: warning: argument 'array' of command @param is not found in the argument list of np::corrcoefImpl(const Array< DType, SizeT > &, Array< float_ > &)
/home/mike/git/np/include/np/Agg.hpp:348: warning: argument 'array' of command @param is not found in the argument list of np::covImpl(const Array< DType, SizeT > &, Array< float_ > &)
/home/mike/git/np/include/np/Agg.hpp:182: warning: argument 'array' of command @param is not found in the argument list of np::cumsumImpl(const Array< DType, SizeT > &, Array< DType > &)
/home/mike/git/np/include/np/Creators.hpp:581: warning: argument 'DType' of command @param is not found in the argument list of np::diag0(const ndarray::internal::NDArrayBase< DType, Derived, Storage > &v, int k=0)
/home/mike/git/np/include/np/Creators.hpp:565: warning: argument 'DType' of command @param is not found in the argument list of np::empty(Shape shape)
/home/mike/git/np/include/np/Creators.hpp:264: warning: argument 'DType' of command @param is not found in the argument list of np::eye(Size size)
/home/mike/git/np/include/np/Creators.hpp:264: warning: argument 'SizeT' of command @param is not found in the argument list of np::eye(Size size)
/home/mike/git/np/include/np/Creators.hpp:264: warning: argument 'SizeTs' of command @param is not found in the argument list of np::eye(Size size)
/home/mike/git/np/include/np/Creators.hpp:264: warning: The following parameter of np::eye(Size size) is not documented:
  parameter 'size'
/home/mike/git/np/include/np/Creators.hpp:247: warning: argument 'DType' of command @param is not found in the argument list of np::full(const DType &fillValue, const Shape &shape)
/home/mike/git/np/include/np/Manip.hpp:71: warning: The following parameter of np::insert(const ndarray::internal::NDArrayBase< DType, Derived1, Storage1 > &array1, Size index, const ndarray::internal::NDArrayBase< DType, Derived2, Storage2 > &array2) is not documented:
  parameter 'index'
/home/mike/git/np/include/np/Math.hpp:440: warning: argument 'left' of command @param is not found in the argument list of np::interp(const ndarray::internal::NDArrayBase< DType1, Derived1, Storage1 > &x, const ndarray::internal::NDArrayBase< DType2, Derived2, Storage2 > &xp, const ndarray::internal::NDArrayBase< DType3, Derived3, Storage3 > &fp, std::optional< DType1 >=std::nullopt, std::optional< DType1 >=std::nullopt, std::optional< DType1 >=std::nullopt)
/home/mike/git/np/include/np/Math.hpp:440: warning: argument 'right' of command @param is not found in the argument list of np::interp(const ndarray::internal::NDArrayBase< DType1, Derived1, Storage1 > &x, const ndarray::internal::NDArrayBase< DType2, Derived2, Storage2 > &xp, const ndarray::internal::NDArrayBase< DType3, Derived3, Storage3 > &fp, std::optional< DType1 >=std::nullopt, std::optional< DType1 >=std::nullopt, std::optional< DType1 >=std::nullopt)
/home/mike/git/np/include/np/Math.hpp:440: warning: argument 'period' of command @param is not found in the argument list of np::interp(const ndarray::internal::NDArrayBase< DType1, Derived1, Storage1 > &x, const ndarray::internal::NDArrayBase< DType2, Derived2, Storage2 > &xp, const ndarray::internal::NDArrayBase< DType3, Derived3, Storage3 > &fp, std::optional< DType1 >=std::nullopt, std::optional< DType1 >=std::nullopt, std::optional< DType1 >=std::nullopt)
/home/mike/git/np/include/np/Creators.hpp:218: warning: argument 'DType' of command @param is not found in the argument list of np::linspace(DType start, DType stop)
/home/mike/git/np/include/np/Creators.hpp:218: warning: argument 'num' of command @param is not found in the argument list of np::linspace(DType start, DType stop)
/home/mike/git/np/include/np/Creators.hpp:188: warning: argument 'DType' of command @param is not found in the argument list of np::linspace(DType start, DType stop, Size num=50)
/home/mike/git/np/include/np/Agg.hpp:155: warning: argument 'array' of command @param is not found in the argument list of np::maxImpl(const Array< DType, SizeT > &, float_ &)
/home/mike/git/np/include/np/Agg.hpp:236: warning: argument 'array' of command @param is not found in the argument list of np::meanImpl(const Array< DType, SizeT > &, float_ &)
/home/mike/git/np/include/np/Agg.hpp:290: warning: argument 'array' of command @param is not found in the argument list of np::medianImpl(const Array< DType, SizeT > &, float_ &)
/home/mike/git/np/include/np/Agg.hpp:128: warning: argument 'array' of command @param is not found in the argument list of np::minImpl(const Array< DType, SizeT > &, float_ &)
/home/mike/git/np/include/np/Agg.hpp:209: warning: argument 'array' of command @param is not found in the argument list of np::nancumsumImpl(const Array< DType, SizeT > &, Array< DType > &)
/home/mike/git/np/include/np/Agg.hpp:263: warning: argument 'array' of command @param is not found in the argument list of np::nanmeanImpl(const Array< DType, SizeT > &, float_ &)
/home/mike/git/np/include/np/Agg.hpp:319: warning: argument 'array' of command @param is not found in the argument list of np::nanmedianImpl(const Array< DType, SizeT > &, float_ &)
/home/mike/git/np/include/np/Agg.hpp:431: warning: argument 'array' of command @param is not found in the argument list of np::nanstdImpl(const Array< DType, SizeT > &, float_ &)
/home/mike/git/np/include/np/Agg.hpp:101: warning: argument 'array' of command @param is not found in the argument list of np::nansumImpl(const Array< DType, SizeT > &, float_ &)
/home/mike/git/np/include/np/Agg.hpp:487: warning: argument 'array' of command @param is not found in the argument list of np::nanvarImpl(const Array< DType, SizeT > &, float_ &)
/home/mike/git/np/include/np/Creators.hpp:70: warning: argument 'DType' of command @param is not found in the argument list of np::ones(Shape shape)
/home/mike/git/np/include/np/Agg.hpp:403: warning: argument 'array' of command @param is not found in the argument list of np::stdImpl(const Array< DType, SizeT > &, float_ &)
/home/mike/git/np/include/np/Agg.hpp:74: warning: argument 'array' of command @param is not found in the argument list of np::sumImpl(const Array< DType, SizeT > &, float_ &)
/home/mike/git/np/include/np/Agg.hpp:459: warning: argument 'array' of command @param is not found in the argument list of np::varImpl(const Array< DType, SizeT > &, float_ &)
/home/mike/git/np/include/np/Creators.hpp:54: warning: argument 'DType' of command @param is not found in the argument list of np::zeros(Shape shape)
/home/mike/git/np/include/np/Exception.hpp:63: warning: Member Exception(const std::string &message) (function) of class np::Exception is not documented.
/home/mike/git/np/include/np/Exception.hpp:67: warning: Member Exception(const std::string &message, const std::string &arg) (function) of class np::Exception is not documented.
/home/mike/git/np/include/np/Shape.hpp:48: warning: Member Storage (typedef) of class np::Shape is not documented.
/home/mike/git/np/include/np/Shape.hpp:86: warning: Member Shape(const Shape &another)=default (function) of class np::Shape is not documented.
/home/mike/git/np/include/np/Shape.hpp:87: warning: Member Shape(Shape &&another)=default (function) of class np::Shape is not documented.
/home/mike/git/np/include/np/Shape.hpp:89: warning: Member operator=(const Shape &another) (function) of class np::Shape is not documented.
/home/mike/git/np/include/np/Shape.hpp:96: warning: Member operator=(const Storage &storage) (function) of class np::Shape is not documented.
/home/mike/git/np/include/np/Shape.hpp:101: warning: Member operator=(Storage &&storage) noexcept (function) of class np::Shape is not documented.
/home/mike/git/np/include/np/Shape.hpp:197: warning: Member empty() const (function) of class np::Shape is not documented.
/home/mike/git/np/include/np/Shape.hpp:201: warning: Member clear() (function) of class np::Shape is not documented.
/home/mike/git/np/include/np/Shape.hpp:205: warning: Member size() const (function) of class np::Shape is not documented.
/home/mike/git/np/include/np/Shape.hpp:209: warning: Member calcSizeByShape() const (function) of class np::Shape is not documented.
/home/mike/git/np/include/np/Shape.hpp:216: warning: Member singleElement() (function) of class np::Shape is not documented.
/home/mike/git/np/include/np/Shape.hpp:220: warning: Member addDim(Size size) (function) of class np::Shape is not documented.
/home/mike/git/np/include/np/Shape.hpp:224: warning: Member expandDims(Size axis, Size dim=1) (function) of class np::Shape is not documented.
/home/mike/git/np/include/np/Shape.hpp:228: warning: Member removeFirstDim() (function) of class np::Shape is not documented.
/home/mike/git/np/include/np/Shape.hpp:235: warning: Member operator[](const size_t index) const (function) of class np::Shape is not documented.
/home/mike/git/np/include/np/Shape.hpp:239: warning: Member operator[](const size_t index) (function) of class np::Shape is not documented.
/home/mike/git/np/include/np/Shape.hpp:243: warning: Member begin() (function) of class np::Shape is not documented.
/home/mike/git/np/include/np/Shape.hpp:247: warning: Member cbegin() const (function) of class np::Shape is not documented.
/home/mike/git/np/include/np/Shape.hpp:251: warning: Member end() (function) of class np::Shape is not documented.
/home/mike/git/np/include/np/Shape.hpp:255: warning: Member cend() const (function) of class np::Shape is not documented.
/home/mike/git/np/include/np/Shape.hpp:259: warning: Member back() (function) of class np::Shape is not documented.
/home/mike/git/np/include/np/Shape.hpp:263: warning: Member back() const (function) of class np::Shape is not documented.
/home/mike/git/np/include/np/Shape.hpp:267: warning: Member broadcast(const Shape &another) const (function) of class np::Shape is not documented.
/home/mike/git/np/include/np/Shape.hpp:296: warning: Member operator==(const Shape &left, const Shape &right) (friend) of class np::Shape is not documented.
/home/mike/git/np/include/np/Shape.hpp:300: warning: Member operator!=(const Shape &left, const Shape &right) (friend) of class np::Shape is not documented.
/home/mike/git/np/include/np/Shape.hpp:304: warning: Member operator<<(std::ostream &stream, const Shape &shape) (friend) of class np::Shape is not documented.
/home/mike/git/np/include/np/internal/cpu/LstSqGelsdBlas_amx.hpp:51: warning: Member palette_id (variable) of struct np::internal::cpu::AmxTileConfig is not documented.
/home/mike/git/np/include/np/internal/cpu/LstSqGelsdBlas_amx.hpp:52: warning: Member start_row (variable) of struct np::internal::cpu::AmxTileConfig is not documented.
/home/mike/git/np/include/np/internal/cpu/LstSqGelsdBlas_amx.hpp:53: warning: Member reserved[14] (variable) of struct np::internal::cpu::AmxTileConfig is not documented.
/home/mike/git/np/include/np/internal/cpu/LstSqGelsdBlas_amx.hpp:54: warning: Member colsb[8] (variable) of struct np::internal::cpu::AmxTileConfig is not documented.
/home/mike/git/np/include/np/internal/cpu/LstSqGelsdBlas_amx.hpp:55: warning: Member rows[8] (variable) of struct np::internal::cpu::AmxTileConfig is not documented.
/home/mike/git/np/include/np/internal/cpu/LstSqGelsdTraits.hpp:42: warning: Member tol() (function) of struct np::internal::cpu::GelsdTraits< double > is not documented.
/home/mike/git/np/include/np/internal/cpu/LstSqGelsdTraits.hpp:43: warning: Member eps() (function) of struct np::internal::cpu::GelsdTraits< double > is not documented.
/home/mike/git/np/include/np/internal/cpu/LstSqGelsdTraits.hpp:44: warning: Member deflation_tol() (function) of struct np::internal::cpu::GelsdTraits< double > is not documented.
/home/mike/git/np/include/np/internal/cpu/LstSqGelsdTraits.hpp:49: warning: Member tol() (function) of struct np::internal::cpu::GelsdTraits< float > is not documented.
/home/mike/git/np/include/np/internal/cpu/LstSqGelsdTraits.hpp:50: warning: Member eps() (function) of struct np::internal::cpu::GelsdTraits< float > is not documented.
/home/mike/git/np/include/np/internal/cpu/LstSqGelsdTraits.hpp:51: warning: Member deflation_tol() (function) of struct np::internal::cpu::GelsdTraits< float > is not documented.
/home/mike/git/np/include/np/ndarray/constant/NDArrayConstant.hpp:58: warning: Member NDArrayConstant(const Shape &shape, const DType &value) noexcept (function) of class np::ndarray::array_constant::NDArrayConstant is not documented.
/home/mike/git/np/include/np/ndarray/constant/NDArrayConstant.hpp:62: warning: Member NDArrayConstant(const NDArrayConstant &another) noexcept=default (function) of class np::ndarray::array_constant::NDArrayConstant is not documented.
/home/mike/git/np/include/np/ndarray/constant/NDArrayConstant.hpp:64: warning: Member NDArrayConstant(NDArrayConstant &&another) noexcept=default (function) of class np::ndarray::array_constant::NDArrayConstant is not documented.
/home/mike/git/np/include/np/ndarray/constant/NDArrayConstant.hpp:68: warning: Member operator=(const NDArrayConstant &another) noexcept (function) of class np::ndarray::array_constant::NDArrayConstant is not documented.
/home/mike/git/np/include/np/ndarray/constant/NDArrayConstant.hpp:75: warning: Member operator=(NDArrayConstant &&another) noexcept (function) of class np::ndarray::array_constant::NDArrayConstant is not documented.
/home/mike/git/np/include/np/ndarray/internal/NDArrayShaped.hpp:50: warning: Member NDArrayShaped(const NDArrayShaped &another)=default (function) of class np::ndarray::internal::NDArrayShaped is not documented.
/home/mike/git/np/include/np/ndarray/internal/NDArrayShaped.hpp:52: warning: Member NDArrayShaped(NDArrayShaped &&another) noexcept=default (function) of class np::ndarray::internal::NDArrayShaped is not documented.
/home/mike/git/np/include/np/ndarray/internal/NDArrayShaped.hpp:54: warning: Member NDArrayShaped(const std::vector< DType > &vector, Shape shape) (function) of class np::ndarray::internal::NDArrayShaped is not documented.
/home/mike/git/np/include/np/ndarray/internal/NDArrayShaped.hpp:56: warning: Member NDArrayShaped(DType *data, Shape shape) (function) of class np::ndarray::internal::NDArrayShaped is not documented.
/home/mike/git/np/include/np/ndarray/internal/NDArrayShaped.hpp:59: warning: Member NDArrayShaped(Shape shape, Args &&...args) (function) of class np::ndarray::internal::NDArrayShaped is not documented.
/home/mike/git/np/include/np/ndarray/internal/NDArrayShaped.hpp:62: warning: Member NDArrayShaped(bool isColumnVector, Args &&...args) (function) of class np::ndarray::internal::NDArrayShaped is not documented.
/home/mike/git/np/include/np/ndarray/internal/NDArrayShaped.hpp:64: warning: Member operator=(const NDArrayShaped &another) (function) of class np::ndarray::internal::NDArrayShaped is not documented.
/home/mike/git/np/include/np/ndarray/internal/NDArrayShaped.hpp:66: warning: Member operator=(NDArrayShaped &&another) noexcept (function) of class np::ndarray::internal::NDArrayShaped is not documented.
/home/mike/git/np/include/np/ndarray/internal/NDArrayShaped.hpp:74: warning: Member shape() const override (function) of class np::ndarray::internal::NDArrayShaped is not documented.
/home/mike/git/np/include/np/ndarray/internal/NDArrayShaped.hpp:75: warning: Member setShape(const Shape &shape) override (function) of class np::ndarray::internal::NDArrayShaped is not documented.
/home/mike/git/np/include/np/ndarray/internal/NDArrayShaped.hpp:77: warning: Member empty() const override (function) of class np::ndarray::internal::NDArrayShaped is not documented.
/home/mike/git/np/include/np/ndarray/internal/NDArrayShaped.hpp:82: warning: Member len() const override (function) of class np::ndarray::internal::NDArrayShaped is not documented.
/home/mike/git/np/include/np/ndarray/internal/NDArrayShaped.hpp:87: warning: Member ndim() const override (function) of class np::ndarray::internal::NDArrayShaped is not documented.
/home/mike/git/np/include/np/ndarray/internal/NDArrayShaped.hpp:92: warning: Member size() const override (function) of class np::ndarray::internal::NDArrayShaped is not documented.
/home/mike/git/np/include/np/ndarray/internal/NDArrayShaped.hpp:97: warning: Member push_back(const value_type &value) (function) of class np::ndarray::internal::NDArrayShaped is not documented.
/home/mike/git/np/include/np/ndarray/internal/NDArrayBase.hpp:71: warning: Member NDArrayBase(Args &&...args) (function) of class np::ndarray::internal::NDArrayBase is not documented.
/home/mike/git/np/include/np/ndarray/internal/NDArrayBase.hpp:73: warning: Member NDArrayBase(const NDArrayBase &another) (function) of class np::ndarray::internal::NDArrayBase is not documented.
/home/mike/git/np/include/np/ndarray/internal/NDArrayBase.hpp:75: warning: Member NDArrayBase(NDArrayBase &&another) noexcept (function) of class np::ndarray::internal::NDArrayBase is not documented.
/home/mike/git/np/include/np/ndarray/internal/NDArrayBase.hpp:80: warning: Member derived() const (function) of class np::ndarray::internal::NDArrayBase is not documented.
/home/mike/git/np/include/np/ndarray/internal/NDArrayBase.hpp:84: warning: Member derived() (function) of class np::ndarray::internal::NDArrayBase is not documented.
/home/mike/git/np/include/np/ndarray/internal/NDArrayBase.hpp:88: warning: Member operator=(const NDArrayBase &another) (function) of class np::ndarray::internal::NDArrayBase is not documented.
/home/mike/git/np/include/np/ndarray/internal/NDArrayBase.hpp:90: warning: Member operator=(NDArrayBase &&another) noexcept (function) of class np::ndarray::internal::NDArrayBase is not documented.
/home/mike/git/np/include/np/ndarray/internal/NDArrayBase.hpp:93: warning: Member save(const char *filename) (function) of class np::ndarray::internal::NDArrayBase is not documented.
/home/mike/git/np/include/np/ndarray/internal/NDArrayBase.hpp:95: warning: Member savez(const char *filename) (function) of class np::ndarray::internal::NDArrayBase is not documented.
/home/mike/git/np/include/np/ndarray/internal/NDArrayBase.hpp:97: warning: Member load(const char *filename) (function) of class np::ndarray::internal::NDArrayBase is not documented.
/home/mike/git/np/include/np/ndarray/internal/NDArrayBase.hpp:100: warning: Member loadtxt(const char *filename) (function) of class np::ndarray::internal::NDArrayBase is not documented.
/home/mike/git/np/include/np/ndarray/internal/NDArrayBase.hpp:102: warning: Member genfromtxt(const char *filename) (function) of class np::ndarray::internal::NDArrayBase is not documented.
/home/mike/git/np/include/np/ndarray/internal/NDArrayBase.hpp:104: warning: Member savetxt(const char *filename, const char *delimiter) (function) of class np::ndarray::internal::NDArrayBase is not documented.
/home/mike/git/np/include/np/ndarray/internal/NDArrayBase.hpp:129: warning: Member dtype() (function) of class np::ndarray::internal::NDArrayBase is not documented.
/home/mike/git/np/include/np/ndarray/internal/NDArrayBase.hpp:133: warning: Member addInplace(const NDArrayBase< DType2, Derived2, Storage2 > &array) (function) of class np::ndarray::internal::NDArrayBase is not documented.
/home/mike/git/np/include/np/ndarray/internal/NDArrayBase.hpp:136: warning: Member add(const DType2 &value) const (function) of class np::ndarray::internal::NDArrayBase is not documented.
/home/mike/git/np/include/np/ndarray/internal/NDArrayBase.hpp:139: warning: Member addInplace(const DType2 &value) (function) of class np::ndarray::internal::NDArrayBase is not documented.
/home/mike/git/np/include/np/ndarray/internal/NDArrayBase.hpp:142: warning: Member subtractInplace(const NDArrayBase< DType2, Derived2, Storage2 > &array) (function) of class np::ndarray::internal::NDArrayBase is not documented.
/home/mike/git/np/include/np/ndarray/internal/NDArrayBase.hpp:145: warning: Member subtract(const DType2 &value) const (function) of class np::ndarray::internal::NDArrayBase is not documented.
/home/mike/git/np/include/np/ndarray/internal/NDArrayBase.hpp:148: warning: Member subtractInplace(const DType2 &value) (function) of class np::ndarray::internal::NDArrayBase is not documented.
/home/mike/git/np/include/np/ndarray/internal/NDArrayBase.hpp:151: warning: Member subtractFrom(const DType2 &value) const (function) of class np::ndarray::internal::NDArrayBase is not documented.
/home/mike/git/np/include/np/ndarray/internal/NDArrayBase.hpp:154: warning: Member multiplyInplace(const NDArrayBase< DType2, Derived2, Storage2 > &array) (function) of class np::ndarray::internal::NDArrayBase is not documented.
/home/mike/git/np/include/np/ndarray/internal/NDArrayBase.hpp:157: warning: Member multiply(const DType2 &value) const (function) of class np::ndarray::internal::NDArrayBase is not documented.
/home/mike/git/np/include/np/ndarray/internal/NDArrayBase.hpp:160: warning: Member multiplyInplace(const DType2 &value) (function) of class np::ndarray::internal::NDArrayBase is not documented.
/home/mike/git/np/include/np/ndarray/internal/NDArrayBase.hpp:163: warning: Member divideInplace(const NDArrayBase< DType2, Derived2, Storage2 > &array) (function) of class np::ndarray::internal::NDArrayBase is not documented.
/home/mike/git/np/include/np/ndarray/internal/NDArrayBase.hpp:166: warning: Member divide(const DType2 &value) const (function) of class np::ndarray::internal::NDArrayBase is not documented.
/home/mike/git/np/include/np/ndarray/internal/NDArrayBase.hpp:169: warning: Member divideInplace(const DType2 &value) (function) of class np::ndarray::internal::NDArrayBase is not documented.
/home/mike/git/np/include/np/ndarray/internal/NDArrayBase.hpp:172: warning: Member divideFrom(const DType2 &value) const (function) of class np::ndarray::internal::NDArrayBase is not documented.
/home/mike/git/np/include/np/ndarray/internal/NDArrayBase.hpp:174: warning: Member exp() const (function) of class np::ndarray::internal::NDArrayBase is not documented.
/home/mike/git/np/include/np/ndarray/internal/NDArrayBase.hpp:176: warning: Member expInplace() (function) of class np::ndarray::internal::NDArrayBase is not documented.
/home/mike/git/np/include/np/ndarray/internal/NDArrayBase.hpp:178: warning: Member sqrt() const (function) of class np::ndarray::internal::NDArrayBase is not documented.
/home/mike/git/np/include/np/ndarray/internal/NDArrayBase.hpp:180: warning: Member sqrtInplace() (function) of class np::ndarray::internal::NDArrayBase is not documented.
/home/mike/git/np/include/np/ndarray/internal/NDArrayBase.hpp:182: warning: Member sin() const (function) of class np::ndarray::internal::NDArrayBase is not documented.
/home/mike/git/np/include/np/ndarray/internal/NDArrayBase.hpp:184: warning: Member sinInplace() (function) of class np::ndarray::internal::NDArrayBase is not documented.
/home/mike/git/np/include/np/ndarray/internal/NDArrayBase.hpp:186: warning: Member cos() const (function) of class np::ndarray::internal::NDArrayBase is not documented.
/home/mike/git/np/include/np/ndarray/internal/NDArrayBase.hpp:188: warning: Member cosInplace() (function) of class np::ndarray::internal::NDArrayBase is not documented.
/home/mike/git/np/include/np/ndarray/internal/NDArrayBase.hpp:190: warning: Member log() const (function) of class np::ndarray::internal::NDArrayBase is not documented.
/home/mike/git/np/include/np/ndarray/internal/NDArrayBase.hpp:192: warning: Member logInplace() (function) of class np::ndarray::internal::NDArrayBase is not documented.
/home/mike/git/np/include/np/ndarray/internal/NDArrayBase.hpp:194: warning: Member abs() const (function) of class np::ndarray::internal::NDArrayBase is not documented.
/home/mike/git/np/include/np/ndarray/internal/NDArrayBase.hpp:196: warning: Member absInplace() (function) of class np::ndarray::internal::NDArrayBase is not documented.
/home/mike/git/np/include/np/ndarray/internal/NDArrayBase.hpp:200: warning: Member dot(const NDArrayBase< DType2, Derived2, Storage2 > &array) const (function) of class np::ndarray::internal::NDArrayBase is not documented.
/home/mike/git/np/include/np/ndarray/internal/NDArrayBase.hpp:204: warning: Member operator==(const NDArrayBase< DType2, Derived2, Storage2 > &array) const (function) of class np::ndarray::internal::NDArrayBase is not documented.
/home/mike/git/np/include/np/ndarray/internal/NDArrayBase.hpp:207: warning: Member operator<(const NDArrayBase< DType2, Derived2, Storage2 > &array) const (function) of class np::ndarray::internal::NDArrayBase is not documented.
/home/mike/git/np/include/np/ndarray/internal/NDArrayBase.hpp:210: warning: Member operator>(const NDArrayBase< DType2, Derived2, Storage2 > &array) const (function) of class np::ndarray::internal::NDArrayBase is not documented.
/home/mike/git/np/include/np/ndarray/internal/NDArrayBase.hpp:213: warning: Member array_equal(const DType &element) const (function) of class np::ndarray::internal::NDArrayBase is not documented.
/home/mike/git/np/include/np/ndarray/internal/NDArrayBase.hpp:219: warning: Member array_equal(const NDArrayBase< DType2, Derived2, Storage2 > &array) const (function) of class np::ndarray::internal::NDArrayBase is not documented.
/home/mike/git/np/include/np/ndarray/internal/NDArrayBase.hpp:234: warning: Member average(const NDArrayBase< DType2, Derived2, Storage2 > &weights) const (function) of class np::ndarray::internal::NDArrayBase is not documented.
/home/mike/git/np/include/np/ndarray/internal/NDArrayBase.hpp:237: warning: Member sum() const (function) of class np::ndarray::internal::NDArrayBase is not documented.
/home/mike/git/np/include/np/ndarray/internal/NDArrayBase.hpp:240: warning: Member nansum() const (function) of class np::ndarray::internal::NDArrayBase is not documented.
/home/mike/git/np/include/np/ndarray/internal/NDArrayBase.hpp:243: warning: Member min() const (function) of class np::ndarray::internal::NDArrayBase is not documented.
/home/mike/git/np/include/np/ndarray/internal/NDArrayBase.hpp:246: warning: Member max() const (function) of class np::ndarray::internal::NDArrayBase is not documented.
/home/mike/git/np/include/np/ndarray/internal/NDArrayBase.hpp:249: warning: Member cumsum() const (function) of class np::ndarray::internal::NDArrayBase is not documented.
/home/mike/git/np/include/np/ndarray/internal/NDArrayBase.hpp:252: warning: Member nancumsum() const (function) of class np::ndarray::internal::NDArrayBase is not documented.
/home/mike/git/np/include/np/ndarray/internal/NDArrayBase.hpp:255: warning: Member mean() const (function) of class np::ndarray::internal::NDArrayBase is not documented.
/home/mike/git/np/include/np/ndarray/internal/NDArrayBase.hpp:258: warning: Member nanmean() const (function) of class np::ndarray::internal::NDArrayBase is not documented.
/home/mike/git/np/include/np/ndarray/internal/NDArrayBase.hpp:261: warning: Member median() const (function) of class np::ndarray::internal::NDArrayBase is not documented.
/home/mike/git/np/include/np/ndarray/internal/NDArrayBase.hpp:264: warning: Member nanmedian() const (function) of class np::ndarray::internal::NDArrayBase is not documented.
/home/mike/git/np/include/np/ndarray/internal/NDArrayBase.hpp:267: warning: Member cov() const (function) of class np::ndarray::internal::NDArrayBase is not documented.
/home/mike/git/np/include/np/ndarray/internal/NDArrayBase.hpp:270: warning: Member corrcoef() const (function) of class np::ndarray::internal::NDArrayBase is not documented.
/home/mike/git/np/include/np/ndarray/internal/NDArrayBase.hpp:273: warning: Member std_() const (function) of class np::ndarray::internal::NDArrayBase is not documented.
/home/mike/git/np/include/np/ndarray/internal/NDArrayBase.hpp:276: warning: Member nanstd() const (function) of class np::ndarray::internal::NDArrayBase is not documented.
/home/mike/git/np/include/np/ndarray/internal/NDArrayBase.hpp:279: warning: Member var() const (function) of class np::ndarray::internal::NDArrayBase is not documented.
/home/mike/git/np/include/np/ndarray/internal/NDArrayBase.hpp:282: warning: Member nanvar() const (function) of class np::ndarray::internal::NDArrayBase is not documented.
/home/mike/git/np/include/np/ndarray/internal/NDArrayBase.hpp:285: warning: Member view() const (function) of class np::ndarray::internal::NDArrayBase is not documented.
/home/mike/git/np/include/np/ndarray/internal/NDArrayBase.hpp:288: warning: Member copy() const (function) of class np::ndarray::internal::NDArrayBase is not documented.
/home/mike/git/np/include/np/ndarray/internal/NDArrayBase.hpp:291: warning: Member sort() (function) of class np::ndarray::internal::NDArrayBase is not documented.
/home/mike/git/np/include/np/ndarray/internal/NDArrayBase.hpp:297: warning: Member transpose() const (function) of class np::ndarray::internal::NDArrayBase is not documented.
/home/mike/git/np/include/np/ndarray/internal/NDArrayBase.hpp:300: warning: Member ravel() const (function) of class np::ndarray::internal::NDArrayBase is not documented.
/home/mike/git/np/include/np/ndarray/internal/NDArrayBase.hpp:303: warning: Member reshape(const Shape &shape) const (function) of class np::ndarray::internal::NDArrayBase is not documented.
/home/mike/git/np/include/np/ndarray/internal/NDArrayBase.hpp:307: warning: Member resize(const Shape &shape) const (function) of class np::ndarray::internal::NDArrayBase is not documented.
/home/mike/git/np/include/np/ndarray/internal/NDArrayBase.hpp:311: warning: Member append(const NDArrayBase< DType2, Derived2, Storage2 > &array) const (function) of class np::ndarray::internal::NDArrayBase is not documented.
/home/mike/git/np/include/np/ndarray/internal/NDArrayBase.hpp:315: warning: Member insert(Size index, const NDArrayBase< DType2, Derived2, Storage2 > &array) const (function) of class np::ndarray::internal::NDArrayBase is not documented.
/home/mike/git/np/include/np/ndarray/internal/NDArrayBase.hpp:318: warning: Member del(Size index) const (function) of class np::ndarray::internal::NDArrayBase is not documented.
/home/mike/git/np/include/np/ndarray/internal/NDArrayBase.hpp:322: warning: Member concatenate(const NDArrayBase< DType2, Derived2, Storage2 > &array, std::optional< size_t > axis=std::nullopt) const (function) of class np::ndarray::internal::NDArrayBase is not documented.
/home/mike/git/np/include/np/ndarray/internal/NDArrayBase.hpp:326: warning: Member vstack(const NDArrayBase< DType2, Derived2, Storage2 > &array) const (function) of class np::ndarray::internal::NDArrayBase is not documented.
/home/mike/git/np/include/np/ndarray/internal/NDArrayBase.hpp:330: warning: Member r_(const NDArrayBase< DType2, Derived2, Storage2 > &array) const (function) of class np::ndarray::internal::NDArrayBase is not documented.
/home/mike/git/np/include/np/ndarray/internal/NDArrayBase.hpp:334: warning: Member hstack(const NDArrayBase< DType2, Derived2, Storage2 > &array) const (function) of class np::ndarray::internal::NDArrayBase is not documented.
/home/mike/git/np/include/np/ndarray/internal/NDArrayBase.hpp:338: warning: Member c_(const NDArrayBase< DType2, Derived2, Storage2 > &array) const (function) of class np::ndarray::internal::NDArrayBase is not documented.
/home/mike/git/np/include/np/ndarray/internal/NDArrayBase.hpp:341: warning: Member hsplit(size_t sections) const (function) of class np::ndarray::internal::NDArrayBase is not documented.
/home/mike/git/np/include/np/ndarray/internal/NDArrayBase.hpp:344: warning: Member vsplit(size_t sections) const (function) of class np::ndarray::internal::NDArrayBase is not documented.
/home/mike/git/np/include/np/ndarray/internal/NDArrayBase.hpp:347: warning: Member expand_dims(Size axis) const (function) of class np::ndarray::internal::NDArrayBase is not documented.
/home/mike/git/np/include/np/ndarray/internal/NDArrayBase.hpp:349: warning: Member data() const (function) of class np::ndarray::internal::NDArrayBase is not documented.
/home/mike/git/np/include/np/ndarray/internal/NDArrayBase.hpp:361: warning: Member data() (function) of class np::ndarray::internal::NDArrayBase is not documented.
/home/mike/git/np/include/np/ndarray/internal/NDArrayBase.hpp:370: warning: Member get(Size i) const (function) of class np::ndarray::internal::NDArrayBase is not documented.
/home/mike/git/np/include/np/ndarray/internal/NDArrayBase.hpp:374: warning: Member get(Size i) (function) of class np::ndarray::internal::NDArrayBase is not documented.
/home/mike/git/np/include/np/ndarray/internal/NDArrayBase.hpp:378: warning: Member set(Size i, const DType &value) (function) of class np::ndarray::internal::NDArrayBase is not documented.
/home/mike/git/np/include/np/ndarray/internal/NDArrayBase.hpp:383: warning: Member at(Size row, Size column) const (function) of class np::ndarray::internal::NDArrayBase is not documented.
/home/mike/git/np/include/np/ndarray/internal/NDArrayBase.hpp:397: warning: Member at(Size row, Size column) (function) of class np::ndarray::internal::NDArrayBase is not documented.
/home/mike/git/np/include/np/ndarray/internal/NDArrayBase.hpp:410: warning: Member getStorage() (function) of class np::ndarray::internal::NDArrayBase is not documented.
/home/mike/git/np/include/np/ndarray/internal/NDArrayBase.hpp:414: warning: Member getStorage() const (function) of class np::ndarray::internal::NDArrayBase is not documented.
/home/mike/git/np/include/np/ndarray/internal/NDArrayBase.hpp:418: warning: Member index(Size i) const (function) of class np::ndarray::internal::NDArrayBase is not documented.
/home/mike/git/np/include/np/ndarray/internal/NDArrayBase.hpp:426: warning: Member begin() (function) of class np::ndarray::internal::NDArrayBase is not documented.
/home/mike/git/np/include/np/ndarray/internal/NDArrayBase.hpp:430: warning: Member end() (function) of class np::ndarray::internal::NDArrayBase is not documented.
/home/mike/git/np/include/np/ndarray/internal/NDArrayBase.hpp:434: warning: Member cbegin() const (function) of class np::ndarray::internal::NDArrayBase is not documented.
/home/mike/git/np/include/np/ndarray/internal/NDArrayBase.hpp:438: warning: Member cend() const (function) of class np::ndarray::internal::NDArrayBase is not documented.
/home/mike/git/np/include/np/ndarray/internal/NDArrayBase.hpp:442: warning: Member push(const DType &value) (function) of class np::ndarray::internal::NDArrayBase is not documented.
/home/mike/git/np/include/np/ndarray/internal/NDArrayBase.hpp:450: warning: Member operator[](SignedSize i) const (function) of class np::ndarray::internal::NDArrayBase is not documented.
/home/mike/git/np/include/np/ndarray/internal/NDArrayBase.hpp:451: warning: Member operator[](SignedSize i) (function) of class np::ndarray::internal::NDArrayBase is not documented.
/home/mike/git/np/include/np/ndarray/internal/NDArrayBase.hpp:461: warning: Member operator[](const std::string &cond) const (function) of class np::ndarray::internal::NDArrayBase is not documented.
/home/mike/git/np/include/np/ndarray/internal/NDArrayBase.hpp:462: warning: Member operator[](const std::string &cond) (function) of class np::ndarray::internal::NDArrayBase is not documented.
/home/mike/git/np/include/np/ndarray/internal/NDArrayBase.hpp:464: warning: Member operator DType() const (function) of class np::ndarray::internal::NDArrayBase is not documented.
/home/mike/git/np/include/np/ndarray/internal/NDArrayShaped.hpp:68: warning: Member Base (typedef) of class np::ndarray::internal::NDArrayShaped is not documented.
/home/mike/git/np/include/np/ndarray/internal/NDArrayShaped.hpp:69: warning: Member BasePtrBool (typedef) of class np::ndarray::internal::NDArrayShaped is not documented.
/home/mike/git/np/include/np/ndarray/internal/NDArrayShaped.hpp:70: warning: Member BasePtr (typedef) of class np::ndarray::internal::NDArrayShaped is not documented.
/home/mike/git/np/include/np/ndarray/internal/NDArrayShaped.hpp:71: warning: Member BaseConstPtr (typedef) of class np::ndarray::internal::NDArrayShaped is not documented.
/home/mike/git/np/include/np/ndarray/internal/NDArrayShaped.hpp:96: warning: Member value_type (typedef) of class np::ndarray::internal::NDArrayShaped is not documented.
/home/mike/git/np/include/np/ndarray/internal/NDArrayBase.hpp:447: warning: Member IndexParentType (typedef) of class np::ndarray::internal::NDArrayBase is not documented.
/home/mike/git/np/include/np/ndarray/internal/NDArrayBase.hpp:448: warning: Member IndexParentConstType (typedef) of class np::ndarray::internal::NDArrayBase is not documented.
/home/mike/git/np/include/np/ndarray/internal/NDArrayBase.hpp:470: warning: Member getMaxElementSize() const (function) of class np::ndarray::internal::NDArrayBase is not documented.
/home/mike/git/np/include/np/ndarray/internal/NDArrayBase.hpp:483: warning: Member dumpToStreamAsBinary(std::ostream &stream) (function) of class np::ndarray::internal::NDArrayBase is not documented.
/home/mike/git/np/include/np/ndarray/internal/NDArrayBase.hpp:489: warning: Member runHandlers(Size dimIndex, const std::string &dimCond) const (function) of class np::ndarray::internal::NDArrayBase is not documented.
/home/mike/git/np/include/np/ndarray/internal/NDArrayBase.hpp:490: warning: Member none(Size dimIndex, const std::string &dimCond) const (function) of class np::ndarray::internal::NDArrayBase is not documented.
/home/mike/git/np/include/np/ndarray/internal/NDArrayBase.hpp:491: warning: Member subsetting(Size dimIndex, const std::string &dimCond) const (function) of class np::ndarray::internal::NDArrayBase is not documented.
/home/mike/git/np/include/np/ndarray/internal/NDArrayBase.hpp:492: warning: Member slicing(Size dimIndex, const std::string &dimCond) const (function) of class np::ndarray::internal::NDArrayBase is not documented.
/home/mike/git/np/include/np/ndarray/internal/NDArrayBase.hpp:493: warning: Member booleanIndexing(Size dimIndex, const std::string &dimCond) const (function) of class np::ndarray::internal::NDArrayBase is not documented.
/home/mike/git/np/include/np/ndarray/internal/NDArrayBase.hpp:495: warning: Member save(std::ostream &stream) (function) of class np::ndarray::internal::NDArrayBase is not documented.
/home/mike/git/np/include/np/ndarray/internal/NDArrayBase.hpp:496: warning: Member load(std::istream &stream) (function) of class np::ndarray::internal::NDArrayBase is not documented.
/home/mike/git/np/include/np/ndarray/internal/NDArrayShaped.hpp:108: warning: Member m_shape (variable) of class np::ndarray::internal::NDArrayShaped is not documented.
/home/mike/git/np/include/np/ndarray/constant/internal/NDArrayConstantStorage.hpp:46: warning: Member NDArrayConstantStorage(Size size, const DType &value) noexcept (function) of class np::ndarray::array_constant::internal::NDArrayConstantStorage is not documented.
/home/mike/git/np/include/np/ndarray/constant/internal/NDArrayConstantStorage.hpp:50: warning: Member NDArrayConstantStorage(const NDArrayConstantStorage &storage) (function) of class np::ndarray::array_constant::internal::NDArrayConstantStorage is not documented.
/home/mike/git/np/include/np/ndarray/constant/internal/NDArrayConstantStorage.hpp:54: warning: Member NDArrayConstantStorage(NDArrayConstantStorage &&storage) noexcept (function) of class np::ndarray::array_constant::internal::NDArrayConstantStorage is not documented.
/home/mike/git/np/include/np/ndarray/constant/internal/NDArrayConstantStorage.hpp:60: warning: Member operator=(const NDArrayConstantStorage &storage) (function) of class np::ndarray::array_constant::internal::NDArrayConstantStorage is not documented.
/home/mike/git/np/include/np/ndarray/constant/internal/NDArrayConstantStorage.hpp:68: warning: Member operator=(NDArrayConstantStorage &&storage) noexcept (function) of class np::ndarray::array_constant::internal::NDArrayConstantStorage is not documented.
/home/mike/git/np/include/np/ndarray/constant/internal/NDArrayConstantStorage.hpp:76: warning: Member get(Size) const (function) of class np::ndarray::array_constant::internal::NDArrayConstantStorage is not documented.
/home/mike/git/np/include/np/ndarray/constant/internal/NDArrayConstantStorage.hpp:80: warning: Member get(Size) (function) of class np::ndarray::array_constant::internal::NDArrayConstantStorage is not documented.
/home/mike/git/np/include/np/ndarray/constant/internal/NDArrayConstantStorage.hpp:86: warning: Member set(Size, DType) (function) of class np::ndarray::array_constant::internal::NDArrayConstantStorage is not documented.
/home/mike/git/np/include/np/ndarray/constant/internal/NDArrayConstantStorage.hpp:90: warning: Member sort() (function) of class np::ndarray::array_constant::internal::NDArrayConstantStorage is not documented.
/home/mike/git/np/include/np/ndarray/constant/internal/NDArrayConstantStorage.hpp:192: warning: Member begin() (function) of class np::ndarray::array_constant::internal::NDArrayConstantStorage is not documented.
/home/mike/git/np/include/np/ndarray/constant/internal/NDArrayConstantStorage.hpp:196: warning: Member end() (function) of class np::ndarray::array_constant::internal::NDArrayConstantStorage is not documented.
/home/mike/git/np/include/np/ndarray/constant/internal/NDArrayConstantStorage.hpp:298: warning: Member cbegin() const (function) of class np::ndarray::array_constant::internal::NDArrayConstantStorage is not documented.
/home/mike/git/np/include/np/ndarray/constant/internal/NDArrayConstantStorage.hpp:302: warning: Member cend() const (function) of class np::ndarray::array_constant::internal::NDArrayConstantStorage is not documented.
/home/mike/git/np/include/np/ndarray/constant/internal/NDArrayConstantStorage.hpp:306: warning: Member index(Size i) const (function) of class np::ndarray::array_constant::internal::NDArrayConstantStorage is not documented.
/home/mike/git/np/include/np/ndarray/constant/internal/NDArrayConstantStorage.hpp:310: warning: Member shape() const (function) of class np::ndarray::array_constant::internal::NDArrayConstantStorage is not documented.
/home/mike/git/np/include/np/ndarray/constant/internal/NDArrayConstantStorage.hpp:314: warning: Member setShape(const Shape &) (function) of class np::ndarray::array_constant::internal::NDArrayConstantStorage is not documented.
/home/mike/git/np/include/np/ndarray/constant/internal/NDArrayConstantStorage.hpp:318: warning: Member push_back(const DType &) (function) of class np::ndarray::array_constant::internal::NDArrayConstantStorage is not documented.
/home/mike/git/np/include/np/ndarray/constant/internal/NDArrayConstantStorage.hpp:322: warning: Member is_contiguous (variable) of class np::ndarray::array_constant::internal::NDArrayConstantStorage is not documented.
/home/mike/git/np/include/np/ndarray/constant/internal/NDArrayConstantStorage.hpp:323: warning: Member kDepth (variable) of class np::ndarray::array_constant::internal::NDArrayConstantStorage is not documented.
/home/mike/git/np/include/np/ndarray/constant/internal/NDArrayConstantStorage.hpp:202: warning: Member difference_type (typedef) of class np::ndarray::array_constant::internal::NDArrayConstantStorage::const_iterator is not documented.
/home/mike/git/np/include/np/ndarray/constant/internal/NDArrayConstantStorage.hpp:203: warning: Member value_type (typedef) of class np::ndarray::array_constant::internal::NDArrayConstantStorage::const_iterator is not documented.
/home/mike/git/np/include/np/ndarray/constant/internal/NDArrayConstantStorage.hpp:204: warning: Member pointer (typedef) of class np::ndarray::array_constant::internal::NDArrayConstantStorage::const_iterator is not documented.
/home/mike/git/np/include/np/ndarray/constant/internal/NDArrayConstantStorage.hpp:205: warning: Member reference (typedef) of class np::ndarray::array_constant::internal::NDArrayConstantStorage::const_iterator is not documented.
/home/mike/git/np/include/np/ndarray/constant/internal/NDArrayConstantStorage.hpp:206: warning: Member iterator_category (typedef) of class np::ndarray::array_constant::internal::NDArrayConstantStorage::const_iterator is not documented.
/home/mike/git/np/include/np/ndarray/constant/internal/NDArrayConstantStorage.hpp:208: warning: Member const_iterator(const NDArrayConstantStorage *container_, size_t offset_) (function) of class np::ndarray::array_constant::internal::NDArrayConstantStorage::const_iterator is not documented.
/home/mike/git/np/include/np/ndarray/constant/internal/NDArrayConstantStorage.hpp:212: warning: Member const_iterator(const const_iterator &it) (function) of class np::ndarray::array_constant::internal::NDArrayConstantStorage::const_iterator is not documented.
/home/mike/git/np/include/np/ndarray/constant/internal/NDArrayConstantStorage.hpp:216: warning: Member operator=(const const_iterator &it) (function) of class np::ndarray::array_constant::internal::NDArrayConstantStorage::const_iterator is not documented.
/home/mike/git/np/include/np/ndarray/constant/internal/NDArrayConstantStorage.hpp:224: warning: Member operator==(const const_iterator &it) const (function) of class np::ndarray::array_constant::internal::NDArrayConstantStorage::const_iterator is not documented.
/home/mike/git/np/include/np/ndarray/constant/internal/NDArrayConstantStorage.hpp:228: warning: Member operator!=(const const_iterator &it) const (function) of class np::ndarray::array_constant::internal::NDArrayConstantStorage::const_iterator is not documented.
/home/mike/git/np/include/np/ndarray/constant/internal/NDArrayConstantStorage.hpp:232: warning: Member operator>(const const_iterator &it) const (function) of class np::ndarray::array_constant::internal::NDArrayConstantStorage::const_iterator is not documented.
/home/mike/git/np/include/np/ndarray/constant/internal/NDArrayConstantStorage.hpp:237: warning: Member operator>=(const const_iterator &it) const (function) of class np::ndarray::array_constant::internal::NDArrayConstantStorage::const_iterator is not documented.
/home/mike/git/np/include/np/ndarray/constant/internal/NDArrayConstantStorage.hpp:242: warning: Member operator<(const const_iterator &it) const (function) of class np::ndarray::array_constant::internal::NDArrayConstantStorage::const_iterator is not documented.
/home/mike/git/np/include/np/ndarray/constant/internal/NDArrayConstantStorage.hpp:247: warning: Member operator<=(const const_iterator &it) const (function) of class np::ndarray::array_constant::internal::NDArrayConstantStorage::const_iterator is not documented.
/home/mike/git/np/include/np/ndarray/constant/internal/NDArrayConstantStorage.hpp:252: warning: Member operator++() (function) of class np::ndarray::array_constant::internal::NDArrayConstantStorage::const_iterator is not documented.
/home/mike/git/np/include/np/ndarray/constant/internal/NDArrayConstantStorage.hpp:256: warning: Member operator++(int) (function) of class np::ndarray::array_constant::internal::NDArrayConstantStorage::const_iterator is not documented.
/home/mike/git/np/include/np/ndarray/constant/internal/NDArrayConstantStorage.hpp:260: warning: Member operator--() (function) of class np::ndarray::array_constant::internal::NDArrayConstantStorage::const_iterator is not documented.
/home/mike/git/np/include/np/ndarray/constant/internal/NDArrayConstantStorage.hpp:264: warning: Member operator--(int) (function) of class np::ndarray::array_constant::internal::NDArrayConstantStorage::const_iterator is not documented.
/home/mike/git/np/include/np/ndarray/constant/internal/NDArrayConstantStorage.hpp:268: warning: Member operator-(difference_type diff) (function) of class np::ndarray::array_constant::internal::NDArrayConstantStorage::const_iterator is not documented.
/home/mike/git/np/include/np/ndarray/constant/internal/NDArrayConstantStorage.hpp:272: warning: Member operator+(difference_type diff) (function) of class np::ndarray::array_constant::internal::NDArrayConstantStorage::const_iterator is not documented.
/home/mike/git/np/include/np/ndarray/constant/internal/NDArrayConstantStorage.hpp:276: warning: Member operator+=(difference_type diff) (function) of class np::ndarray::array_constant::internal::NDArrayConstantStorage::const_iterator is not documented.
/home/mike/git/np/include/np/ndarray/constant/internal/NDArrayConstantStorage.hpp:280: warning: Member operator-=(difference_type diff) (function) of class np::ndarray::array_constant::internal::NDArrayConstantStorage::const_iterator is not documented.
/home/mike/git/np/include/np/ndarray/constant/internal/NDArrayConstantStorage.hpp:284: warning: Member operator-(const const_iterator &it) const (function) of class np::ndarray::array_constant::internal::NDArrayConstantStorage::const_iterator is not documented.
/home/mike/git/np/include/np/ndarray/constant/internal/NDArrayConstantStorage.hpp:289: warning: Member operator*() const (function) of class np::ndarray::array_constant::internal::NDArrayConstantStorage::const_iterator is not documented.
/home/mike/git/np/include/np/ndarray/constant/internal/NDArrayConstantStorage.hpp:96: warning: Member difference_type (typedef) of class np::ndarray::array_constant::internal::NDArrayConstantStorage::iterator is not documented.
/home/mike/git/np/include/np/ndarray/constant/internal/NDArrayConstantStorage.hpp:97: warning: Member value_type (typedef) of class np::ndarray::array_constant::internal::NDArrayConstantStorage::iterator is not documented.
/home/mike/git/np/include/np/ndarray/constant/internal/NDArrayConstantStorage.hpp:98: warning: Member pointer (typedef) of class np::ndarray::array_constant::internal::NDArrayConstantStorage::iterator is not documented.
/home/mike/git/np/include/np/ndarray/constant/internal/NDArrayConstantStorage.hpp:99: warning: Member reference (typedef) of class np::ndarray::array_constant::internal::NDArrayConstantStorage::iterator is not documented.
/home/mike/git/np/include/np/ndarray/constant/internal/NDArrayConstantStorage.hpp:100: warning: Member iterator_category (typedef) of class np::ndarray::array_constant::internal::NDArrayConstantStorage::iterator is not documented.
/home/mike/git/np/include/np/ndarray/constant/internal/NDArrayConstantStorage.hpp:102: warning: Member iterator(NDArrayConstantStorage *container_, size_t offset_) (function) of class np::ndarray::array_constant::internal::NDArrayConstantStorage::iterator is not documented.
/home/mike/git/np/include/np/ndarray/constant/internal/NDArrayConstantStorage.hpp:106: warning: Member iterator(const iterator &it) (function) of class np::ndarray::array_constant::internal::NDArrayConstantStorage::iterator is not documented.
/home/mike/git/np/include/np/ndarray/constant/internal/NDArrayConstantStorage.hpp:110: warning: Member operator=(const iterator &it) (function) of class np::ndarray::array_constant::internal::NDArrayConstantStorage::iterator is not documented.
/home/mike/git/np/include/np/ndarray/constant/internal/NDArrayConstantStorage.hpp:118: warning: Member operator==(const iterator &it) const (function) of class np::ndarray::array_constant::internal::NDArrayConstantStorage::iterator is not documented.
/home/mike/git/np/include/np/ndarray/constant/internal/NDArrayConstantStorage.hpp:122: warning: Member operator!=(const iterator &it) const (function) of class np::ndarray::array_constant::internal::NDArrayConstantStorage::iterator is not documented.
/home/mike/git/np/include/np/ndarray/constant/internal/NDArrayConstantStorage.hpp:126: warning: Member operator>(const iterator &it) const (function) of class np::ndarray::array_constant::internal::NDArrayConstantStorage::iterator is not documented.
/home/mike/git/np/include/np/ndarray/constant/internal/NDArrayConstantStorage.hpp:131: warning: Member operator>=(const iterator &it) const (function) of class np::ndarray::array_constant::internal::NDArrayConstantStorage::iterator is not documented.
/home/mike/git/np/include/np/ndarray/constant/internal/NDArrayConstantStorage.hpp:136: warning: Member operator<(const iterator &it) const (function) of class np::ndarray::array_constant::internal::NDArrayConstantStorage::iterator is not documented.
/home/mike/git/np/include/np/ndarray/constant/internal/NDArrayConstantStorage.hpp:141: warning: Member operator<=(const iterator &it) const (function) of class np::ndarray::array_constant::internal::NDArrayConstantStorage::iterator is not documented.
/home/mike/git/np/include/np/ndarray/constant/internal/NDArrayConstantStorage.hpp:146: warning: Member operator++() (function) of class np::ndarray::array_constant::internal::NDArrayConstantStorage::iterator is not documented.
/home/mike/git/np/include/np/ndarray/constant/internal/NDArrayConstantStorage.hpp:150: warning: Member operator++(int) (function) of class np::ndarray::array_constant::internal::NDArrayConstantStorage::iterator is not documented.
/home/mike/git/np/include/np/ndarray/constant/internal/NDArrayConstantStorage.hpp:154: warning: Member operator--() (function) of class np::ndarray::array_constant::internal::NDArrayConstantStorage::iterator is not documented.
/home/mike/git/np/include/np/ndarray/constant/internal/NDArrayConstantStorage.hpp:158: warning: Member operator--(int) (function) of class np::ndarray::array_constant::internal::NDArrayConstantStorage::iterator is not documented.
/home/mike/git/np/include/np/ndarray/constant/internal/NDArrayConstantStorage.hpp:162: warning: Member operator-(difference_type diff) (function) of class np::ndarray::array_constant::internal::NDArrayConstantStorage::iterator is not documented.
/home/mike/git/np/include/np/ndarray/constant/internal/NDArrayConstantStorage.hpp:166: warning: Member operator+(difference_type diff) (function) of class np::ndarray::array_constant::internal::NDArrayConstantStorage::iterator is not documented.
/home/mike/git/np/include/np/ndarray/constant/internal/NDArrayConstantStorage.hpp:170: warning: Member operator+=(difference_type diff) (function) of class np::ndarray::array_constant::internal::NDArrayConstantStorage::iterator is not documented.
/home/mike/git/np/include/np/ndarray/constant/internal/NDArrayConstantStorage.hpp:174: warning: Member operator-=(difference_type diff) (function) of class np::ndarray::array_constant::internal::NDArrayConstantStorage::iterator is not documented.
/home/mike/git/np/include/np/ndarray/constant/internal/NDArrayConstantStorage.hpp:178: warning: Member operator-(const iterator &it) const (function) of class np::ndarray::array_constant::internal::NDArrayConstantStorage::iterator is not documented.
/home/mike/git/np/include/np/ndarray/constant/internal/NDArrayConstantStorage.hpp:183: warning: Member operator*() const (function) of class np::ndarray::array_constant::internal::NDArrayConstantStorage::iterator is not documented.
/home/mike/git/np/include/np/ndarray/constant/internal/NDArrayConstantStorageStreamIoImpl.hpp:40: warning: Member SquareBracketsInserter(Stream &stream) noexcept (function) of class np::ndarray::array_constant::internal::SquareBracketsInserter is not documented.
/home/mike/git/np/include/np/ndarray/diagonal/NDArrayDiagonal.hpp:64: warning: Member NDArrayDiagonal(const ndarray::internal::NDArrayBase< DType, Derived, Storage > &v, int k) (function) of class np::ndarray::array_diagonal::NDArrayDiagonal is not documented.
/home/mike/git/np/include/np/ndarray/diagonal/NDArrayDiagonal.hpp:68: warning: Member NDArrayDiagonal(const NDArrayDiagonal &another) noexcept=default (function) of class np::ndarray::array_diagonal::NDArrayDiagonal is not documented.
/home/mike/git/np/include/np/ndarray/diagonal/NDArrayDiagonal.hpp:70: warning: Member NDArrayDiagonal(NDArrayDiagonal &&another) noexcept=default (function) of class np::ndarray::array_diagonal::NDArrayDiagonal is not documented.
/home/mike/git/np/include/np/ndarray/diagonal/NDArrayDiagonal.hpp:74: warning: Member operator=(const NDArrayDiagonal &another) noexcept (function) of class np::ndarray::array_diagonal::NDArrayDiagonal is not documented.
/home/mike/git/np/include/np/ndarray/diagonal/NDArrayDiagonal.hpp:81: warning: Member operator=(NDArrayDiagonal &&another) noexcept (function) of class np::ndarray::array_diagonal::NDArrayDiagonal is not documented.
/home/mike/git/np/include/np/ndarray/internal/NDArrayShaped.hpp:50: warning: Member NDArrayShaped(const NDArrayShaped &another)=default (function) of class np::ndarray::internal::NDArrayShaped is not documented.
/home/mike/git/np/include/np/ndarray/internal/NDArrayShaped.hpp:52: warning: Member NDArrayShaped(NDArrayShaped &&another) noexcept=default (function) of class np::ndarray::internal::NDArrayShaped is not documented.
/home/mike/git/np/include/np/ndarray/internal/NDArrayShaped.hpp:54: warning: Member NDArrayShaped(const std::vector< DType > &vector, Shape shape) (function) of class np::ndarray::internal::NDArrayShaped is not documented.
/home/mike/git/np/include/np/ndarray/internal/NDArrayShaped.hpp:56: warning: Member NDArrayShaped(DType *data, Shape shape) (function) of class np::ndarray::internal::NDArrayShaped is not documented.
/home/mike/git/np/include/np/ndarray/internal/NDArrayShaped.hpp:59: warning: Member NDArrayShaped(Shape shape, Args &&...args) (function) of class np::ndarray::internal::NDArrayShaped is not documented.
/home/mike/git/np/include/np/ndarray/internal/NDArrayShaped.hpp:62: warning: Member NDArrayShaped(bool isColumnVector, Args &&...args) (function) of class np::ndarray::internal::NDArrayShaped is not documented.
/home/mike/git/np/include/np/ndarray/internal/NDArrayShaped.hpp:64: warning: Member operator=(const NDArrayShaped &another) (function) of class np::ndarray::internal::NDArrayShaped is not documented.
/home/mike/git/np/include/np/ndarray/internal/NDArrayShaped.hpp:66: warning: Member operator=(NDArrayShaped &&another) noexcept (function) of class np::ndarray::internal::NDArrayShaped is not documented.
/home/mike/git/np/include/np/ndarray/internal/NDArrayShaped.hpp:74: warning: Member shape() const override (function) of class np::ndarray::internal::NDArrayShaped is not documented.
/home/mike/git/np/include/np/ndarray/internal/NDArrayShaped.hpp:75: warning: Member setShape(const Shape &shape) override (function) of class np::ndarray::internal::NDArrayShaped is not documented.
/home/mike/git/np/include/np/ndarray/internal/NDArrayShaped.hpp:77: warning: Member empty() const override (function) of class np::ndarray::internal::NDArrayShaped is not documented.
/home/mike/git/np/include/np/ndarray/internal/NDArrayShaped.hpp:82: warning: Member len() const override (function) of class np::ndarray::internal::NDArrayShaped is not documented.
/home/mike/git/np/include/np/ndarray/internal/NDArrayShaped.hpp:87: warning: Member ndim() const override (function) of class np::ndarray::internal::NDArrayShaped is not documented.
/home/mike/git/np/include/np/ndarray/internal/NDArrayShaped.hpp:92: warning: Member size() const override (function) of class np::ndarray::internal::NDArrayShaped is not documented.
/home/mike/git/np/include/np/ndarray/internal/NDArrayShaped.hpp:97: warning: Member push_back(const value_type &value) (function) of class np::ndarray::internal::NDArrayShaped is not documented.
/home/mike/git/np/include/np/ndarray/internal/NDArrayBase.hpp:71: warning: Member NDArrayBase(Args &&...args) (function) of class np::ndarray::internal::NDArrayBase is not documented.
/home/mike/git/np/include/np/ndarray/internal/NDArrayBase.hpp:73: warning: Member NDArrayBase(const NDArrayBase &another) (function) of class np::ndarray::internal::NDArrayBase is not documented.
/home/mike/git/np/include/np/ndarray/internal/NDArrayBase.hpp:75: warning: Member NDArrayBase(NDArrayBase &&another) noexcept (function) of class np::ndarray::internal::NDArrayBase is not documented.
/home/mike/git/np/include/np/ndarray/internal/NDArrayBase.hpp:80: warning: Member derived() const (function) of class np::ndarray::internal::NDArrayBase is not documented.
/home/mike/git/np/include/np/ndarray/internal/NDArrayBase.hpp:84: warning: Member derived() (function) of class np::ndarray::internal::NDArrayBase is not documented.
/home/mike/git/np/include/np/ndarray/internal/NDArrayBase.hpp:88: warning: Member operator=(const NDArrayBase &another) (function) of class np::ndarray::internal::NDArrayBase is not documented.
/home/mike/git/np/include/np/ndarray/internal/NDArrayBase.hpp:90: warning: Member operator=(NDArrayBase &&another) noexcept (function) of class np::ndarray::internal::NDArrayBase is not documented.
/home/mike/git/np/include/np/ndarray/internal/NDArrayBase.hpp:93: warning: Member save(const char *filename) (function) of class np::ndarray::internal::NDArrayBase is not documented.
/home/mike/git/np/include/np/ndarray/internal/NDArrayBase.hpp:95: warning: Member savez(const char *filename) (function) of class np::ndarray::internal::NDArrayBase is not documented.
/home/mike/git/np/include/np/ndarray/internal/NDArrayBase.hpp:97: warning: Member load(const char *filename) (function) of class np::ndarray::internal::NDArrayBase is not documented.
/home/mike/git/np/include/np/ndarray/internal/NDArrayBase.hpp:100: warning: Member loadtxt(const char *filename) (function) of class np::ndarray::internal::NDArrayBase is not documented.
/home/mike/git/np/include/np/ndarray/internal/NDArrayBase.hpp:102: warning: Member genfromtxt(const char *filename) (function) of class np::ndarray::internal::NDArrayBase is not documented.
/home/mike/git/np/include/np/ndarray/internal/NDArrayBase.hpp:104: warning: Member savetxt(const char *filename, const char *delimiter) (function) of class np::ndarray::internal::NDArrayBase is not documented.
/home/mike/git/np/include/np/ndarray/internal/NDArrayBase.hpp:129: warning: Member dtype() (function) of class np::ndarray::internal::NDArrayBase is not documented.
/home/mike/git/np/include/np/ndarray/internal/NDArrayBase.hpp:133: warning: Member addInplace(const NDArrayBase< DType2, Derived2, Storage2 > &array) (function) of class np::ndarray::internal::NDArrayBase is not documented.
/home/mike/git/np/include/np/ndarray/internal/NDArrayBase.hpp:136: warning: Member add(const DType2 &value) const (function) of class np::ndarray::internal::NDArrayBase is not documented.
/home/mike/git/np/include/np/ndarray/internal/NDArrayBase.hpp:139: warning: Member addInplace(const DType2 &value) (function) of class np::ndarray::internal::NDArrayBase is not documented.
/home/mike/git/np/include/np/ndarray/internal/NDArrayBase.hpp:142: warning: Member subtractInplace(const NDArrayBase< DType2, Derived2, Storage2 > &array) (function) of class np::ndarray::internal::NDArrayBase is not documented.
/home/mike/git/np/include/np/ndarray/internal/NDArrayBase.hpp:145: warning: Member subtract(const DType2 &value) const (function) of class np::ndarray::internal::NDArrayBase is not documented.
/home/mike/git/np/include/np/ndarray/internal/NDArrayBase.hpp:148: warning: Member subtractInplace(const DType2 &value) (function) of class np::ndarray::internal::NDArrayBase is not documented.
/home/mike/git/np/include/np/ndarray/internal/NDArrayBase.hpp:151: warning: Member subtractFrom(const DType2 &value) const (function) of class np::ndarray::internal::NDArrayBase is not documented.
/home/mike/git/np/include/np/ndarray/internal/NDArrayBase.hpp:154: warning: Member multiplyInplace(const NDArrayBase< DType2, Derived2, Storage2 > &array) (function) of class np::ndarray::internal::NDArrayBase is not documented.
/home/mike/git/np/include/np/ndarray/internal/NDArrayBase.hpp:157: warning: Member multiply(const DType2 &value) const (function) of class np::ndarray::internal::NDArrayBase is not documented.
/home/mike/git/np/include/np/ndarray/internal/NDArrayBase.hpp:160: warning: Member multiplyInplace(const DType2 &value) (function) of class np::ndarray::internal::NDArrayBase is not documented.
/home/mike/git/np/include/np/ndarray/internal/NDArrayBase.hpp:163: warning: Member divideInplace(const NDArrayBase< DType2, Derived2, Storage2 > &array) (function) of class np::ndarray::internal::NDArrayBase is not documented.
/home/mike/git/np/include/np/ndarray/internal/NDArrayBase.hpp:166: warning: Member divide(const DType2 &value) const (function) of class np::ndarray::internal::NDArrayBase is not documented.
/home/mike/git/np/include/np/ndarray/internal/NDArrayBase.hpp:169: warning: Member divideInplace(const DType2 &value) (function) of class np::ndarray::internal::NDArrayBase is not documented.
/home/mike/git/np/include/np/ndarray/internal/NDArrayBase.hpp:172: warning: Member divideFrom(const DType2 &value) const (function) of class np::ndarray::internal::NDArrayBase is not documented.
/home/mike/git/np/include/np/ndarray/internal/NDArrayBase.hpp:174: warning: Member exp() const (function) of class np::ndarray::internal::NDArrayBase is not documented.
/home/mike/git/np/include/np/ndarray/internal/NDArrayBase.hpp:176: warning: Member expInplace() (function) of class np::ndarray::internal::NDArrayBase is not documented.
/home/mike/git/np/include/np/ndarray/internal/NDArrayBase.hpp:178: warning: Member sqrt() const (function) of class np::ndarray::internal::NDArrayBase is not documented.
/home/mike/git/np/include/np/ndarray/internal/NDArrayBase.hpp:180: warning: Member sqrtInplace() (function) of class np::ndarray::internal::NDArrayBase is not documented.
/home/mike/git/np/include/np/ndarray/internal/NDArrayBase.hpp:182: warning: Member sin() const (function) of class np::ndarray::internal::NDArrayBase is not documented.
/home/mike/git/np/include/np/ndarray/internal/NDArrayBase.hpp:184: warning: Member sinInplace() (function) of class np::ndarray::internal::NDArrayBase is not documented.
/home/mike/git/np/include/np/ndarray/internal/NDArrayBase.hpp:186: warning: Member cos() const (function) of class np::ndarray::internal::NDArrayBase is not documented.
/home/mike/git/np/include/np/ndarray/internal/NDArrayBase.hpp:188: warning: Member cosInplace() (function) of class np::ndarray::internal::NDArrayBase is not documented.
/home/mike/git/np/include/np/ndarray/internal/NDArrayBase.hpp:190: warning: Member log() const (function) of class np::ndarray::internal::NDArrayBase is not documented.
/home/mike/git/np/include/np/ndarray/internal/NDArrayBase.hpp:192: warning: Member logInplace() (function) of class np::ndarray::internal::NDArrayBase is not documented.
/home/mike/git/np/include/np/ndarray/internal/NDArrayBase.hpp:194: warning: Member abs() const (function) of class np::ndarray::internal::NDArrayBase is not documented.
/home/mike/git/np/include/np/ndarray/internal/NDArrayBase.hpp:196: warning: Member absInplace() (function) of class np::ndarray::internal::NDArrayBase is not documented.
/home/mike/git/np/include/np/ndarray/internal/NDArrayBase.hpp:200: warning: Member dot(const NDArrayBase< DType2, Derived2, Storage2 > &array) const (function) of class np::ndarray::internal::NDArrayBase is not documented.
/home/mike/git/np/include/np/ndarray/internal/NDArrayBase.hpp:204: warning: Member operator==(const NDArrayBase< DType2, Derived2, Storage2 > &array) const (function) of class np::ndarray::internal::NDArrayBase is not documented.
/home/mike/git/np/include/np/ndarray/internal/NDArrayBase.hpp:207: warning: Member operator<(const NDArrayBase< DType2, Derived2, Storage2 > &array) const (function) of class np::ndarray::internal::NDArrayBase is not documented.
/home/mike/git/np/include/np/ndarray/internal/NDArrayBase.hpp:210: warning: Member operator>(const NDArrayBase< DType2, Derived2, Storage2 > &array) const (function) of class np::ndarray::internal::NDArrayBase is not documented.
/home/mike/git/np/include/np/ndarray/internal/NDArrayBase.hpp:213: warning: Member array_equal(const DType &element) const (function) of class np::ndarray::internal::NDArrayBase is not documented.
/home/mike/git/np/include/np/ndarray/internal/NDArrayBase.hpp:219: warning: Member array_equal(const NDArrayBase< DType2, Derived2, Storage2 > &array) const (function) of class np::ndarray::internal::NDArrayBase is not documented.
/home/mike/git/np/include/np/ndarray/internal/NDArrayBase.hpp:234: warning: Member average(const NDArrayBase< DType2, Derived2, Storage2 > &weights) const (function) of class np::ndarray::internal::NDArrayBase is not documented.
/home/mike/git/np/include/np/ndarray/internal/NDArrayBase.hpp:237: warning: Member sum() const (function) of class np::ndarray::internal::NDArrayBase is not documented.
/home/mike/git/np/include/np/ndarray/internal/NDArrayBase.hpp:240: warning: Member nansum() const (function) of class np::ndarray::internal::NDArrayBase is not documented.
/home/mike/git/np/include/np/ndarray/internal/NDArrayBase.hpp:243: warning: Member min() const (function) of class np::ndarray::internal::NDArrayBase is not documented.
/home/mike/git/np/include/np/ndarray/internal/NDArrayBase.hpp:246: warning: Member max() const (function) of class np::ndarray::internal::NDArrayBase is not documented.
/home/mike/git/np/include/np/ndarray/internal/NDArrayBase.hpp:249: warning: Member cumsum() const (function) of class np::ndarray::internal::NDArrayBase is not documented.
/home/mike/git/np/include/np/ndarray/internal/NDArrayBase.hpp:252: warning: Member nancumsum() const (function) of class np::ndarray::internal::NDArrayBase is not documented.
/home/mike/git/np/include/np/ndarray/internal/NDArrayBase.hpp:255: warning: Member mean() const (function) of class np::ndarray::internal::NDArrayBase is not documented.
/home/mike/git/np/include/np/ndarray/internal/NDArrayBase.hpp:258: warning: Member nanmean() const (function) of class np::ndarray::internal::NDArrayBase is not documented.
/home/mike/git/np/include/np/ndarray/internal/NDArrayBase.hpp:261: warning: Member median() const (function) of class np::ndarray::internal::NDArrayBase is not documented.
/home/mike/git/np/include/np/ndarray/internal/NDArrayBase.hpp:264: warning: Member nanmedian() const (function) of class np::ndarray::internal::NDArrayBase is not documented.
/home/mike/git/np/include/np/ndarray/internal/NDArrayBase.hpp:267: warning: Member cov() const (function) of class np::ndarray::internal::NDArrayBase is not documented.
/home/mike/git/np/include/np/ndarray/internal/NDArrayBase.hpp:270: warning: Member corrcoef() const (function) of class np::ndarray::internal::NDArrayBase is not documented.
/home/mike/git/np/include/np/ndarray/internal/NDArrayBase.hpp:273: warning: Member std_() const (function) of class np::ndarray::internal::NDArrayBase is not documented.
/home/mike/git/np/include/np/ndarray/internal/NDArrayBase.hpp:276: warning: Member nanstd() const (function) of class np::ndarray::internal::NDArrayBase is not documented.
/home/mike/git/np/include/np/ndarray/internal/NDArrayBase.hpp:279: warning: Member var() const (function) of class np::ndarray::internal::NDArrayBase is not documented.
/home/mike/git/np/include/np/ndarray/internal/NDArrayBase.hpp:282: warning: Member nanvar() const (function) of class np::ndarray::internal::NDArrayBase is not documented.
/home/mike/git/np/include/np/ndarray/internal/NDArrayBase.hpp:285: warning: Member view() const (function) of class np::ndarray::internal::NDArrayBase is not documented.
/home/mike/git/np/include/np/ndarray/internal/NDArrayBase.hpp:288: warning: Member copy() const (function) of class np::ndarray::internal::NDArrayBase is not documented.
/home/mike/git/np/include/np/ndarray/internal/NDArrayBase.hpp:291: warning: Member sort() (function) of class np::ndarray::internal::NDArrayBase is not documented.
/home/mike/git/np/include/np/ndarray/internal/NDArrayBase.hpp:297: warning: Member transpose() const (function) of class np::ndarray::internal::NDArrayBase is not documented.
/home/mike/git/np/include/np/ndarray/internal/NDArrayBase.hpp:300: warning: Member ravel() const (function) of class np::ndarray::internal::NDArrayBase is not documented.
/home/mike/git/np/include/np/ndarray/internal/NDArrayBase.hpp:303: warning: Member reshape(const Shape &shape) const (function) of class np::ndarray::internal::NDArrayBase is not documented.
/home/mike/git/np/include/np/ndarray/internal/NDArrayBase.hpp:307: warning: Member resize(const Shape &shape) const (function) of class np::ndarray::internal::NDArrayBase is not documented.
/home/mike/git/np/include/np/ndarray/internal/NDArrayBase.hpp:311: warning: Member append(const NDArrayBase< DType2, Derived2, Storage2 > &array) const (function) of class np::ndarray::internal::NDArrayBase is not documented.
/home/mike/git/np/include/np/ndarray/internal/NDArrayBase.hpp:315: warning: Member insert(Size index, const NDArrayBase< DType2, Derived2, Storage2 > &array) const (function) of class np::ndarray::internal::NDArrayBase is not documented.
/home/mike/git/np/include/np/ndarray/internal/NDArrayBase.hpp:318: warning: Member del(Size index) const (function) of class np::ndarray::internal::NDArrayBase is not documented.
/home/mike/git/np/include/np/ndarray/internal/NDArrayBase.hpp:322: warning: Member concatenate(const NDArrayBase< DType2, Derived2, Storage2 > &array, std::optional< size_t > axis=std::nullopt) const (function) of class np::ndarray::internal::NDArrayBase is not documented.
/home/mike/git/np/include/np/ndarray/internal/NDArrayBase.hpp:326: warning: Member vstack(const NDArrayBase< DType2, Derived2, Storage2 > &array) const (function) of class np::ndarray::internal::NDArrayBase is not documented.
/home/mike/git/np/include/np/ndarray/internal/NDArrayBase.hpp:330: warning: Member r_(const NDArrayBase< DType2, Derived2, Storage2 > &array) const (function) of class np::ndarray::internal::NDArrayBase is not documented.
/home/mike/git/np/include/np/ndarray/internal/NDArrayBase.hpp:334: warning: Member hstack(const NDArrayBase< DType2, Derived2, Storage2 > &array) const (function) of class np::ndarray::internal::NDArrayBase is not documented.
/home/mike/git/np/include/np/ndarray/internal/NDArrayBase.hpp:338: warning: Member c_(const NDArrayBase< DType2, Derived2, Storage2 > &array) const (function) of class np::ndarray::internal::NDArrayBase is not documented.
/home/mike/git/np/include/np/ndarray/internal/NDArrayBase.hpp:341: warning: Member hsplit(size_t sections) const (function) of class np::ndarray::internal::NDArrayBase is not documented.
/home/mike/git/np/include/np/ndarray/internal/NDArrayBase.hpp:344: warning: Member vsplit(size_t sections) const (function) of class np::ndarray::internal::NDArrayBase is not documented.
/home/mike/git/np/include/np/ndarray/internal/NDArrayBase.hpp:347: warning: Member expand_dims(Size axis) const (function) of class np::ndarray::internal::NDArrayBase is not documented.
/home/mike/git/np/include/np/ndarray/internal/NDArrayBase.hpp:349: warning: Member data() const (function) of class np::ndarray::internal::NDArrayBase is not documented.
/home/mike/git/np/include/np/ndarray/internal/NDArrayBase.hpp:361: warning: Member data() (function) of class np::ndarray::internal::NDArrayBase is not documented.
/home/mike/git/np/include/np/ndarray/internal/NDArrayBase.hpp:370: warning: Member get(Size i) const (function) of class np::ndarray::internal::NDArrayBase is not documented.
/home/mike/git/np/include/np/ndarray/internal/NDArrayBase.hpp:374: warning: Member get(Size i) (function) of class np::ndarray::internal::NDArrayBase is not documented.
/home/mike/git/np/include/np/ndarray/internal/NDArrayBase.hpp:378: warning: Member set(Size i, const DType &value) (function) of class np::ndarray::internal::NDArrayBase is not documented.
/home/mike/git/np/include/np/ndarray/internal/NDArrayBase.hpp:383: warning: Member at(Size row, Size column) const (function) of class np::ndarray::internal::NDArrayBase is not documented.
/home/mike/git/np/include/np/ndarray/internal/NDArrayBase.hpp:397: warning: Member at(Size row, Size column) (function) of class np::ndarray::internal::NDArrayBase is not documented.
/home/mike/git/np/include/np/ndarray/internal/NDArrayBase.hpp:410: warning: Member getStorage() (function) of class np::ndarray::internal::NDArrayBase is not documented.
/home/mike/git/np/include/np/ndarray/internal/NDArrayBase.hpp:414: warning: Member getStorage() const (function) of class np::ndarray::internal::NDArrayBase is not documented.
/home/mike/git/np/include/np/ndarray/internal/NDArrayBase.hpp:418: warning: Member index(Size i) const (function) of class np::ndarray::internal::NDArrayBase is not documented.
/home/mike/git/np/include/np/ndarray/internal/NDArrayBase.hpp:426: warning: Member begin() (function) of class np::ndarray::internal::NDArrayBase is not documented.
/home/mike/git/np/include/np/ndarray/internal/NDArrayBase.hpp:430: warning: Member end() (function) of class np::ndarray::internal::NDArrayBase is not documented.
/home/mike/git/np/include/np/ndarray/internal/NDArrayBase.hpp:434: warning: Member cbegin() const (function) of class np::ndarray::internal::NDArrayBase is not documented.
/home/mike/git/np/include/np/ndarray/internal/NDArrayBase.hpp:438: warning: Member cend() const (function) of class np::ndarray::internal::NDArrayBase is not documented.
/home/mike/git/np/include/np/ndarray/internal/NDArrayBase.hpp:442: warning: Member push(const DType &value) (function) of class np::ndarray::internal::NDArrayBase is not documented.
/home/mike/git/np/include/np/ndarray/internal/NDArrayBase.hpp:450: warning: Member operator[](SignedSize i) const (function) of class np::ndarray::internal::NDArrayBase is not documented.
/home/mike/git/np/include/np/ndarray/internal/NDArrayBase.hpp:451: warning: Member operator[](SignedSize i) (function) of class np::ndarray::internal::NDArrayBase is not documented.
/home/mike/git/np/include/np/ndarray/internal/NDArrayBase.hpp:461: warning: Member operator[](const std::string &cond) const (function) of class np::ndarray::internal::NDArrayBase is not documented.
/home/mike/git/np/include/np/ndarray/internal/NDArrayBase.hpp:462: warning: Member operator[](const std::string &cond) (function) of class np::ndarray::internal::NDArrayBase is not documented.
/home/mike/git/np/include/np/ndarray/internal/NDArrayBase.hpp:464: warning: Member operator DType() const (function) of class np::ndarray::internal::NDArrayBase is not documented.
/home/mike/git/np/include/np/ndarray/internal/NDArrayShaped.hpp:68: warning: Member Base (typedef) of class np::ndarray::internal::NDArrayShaped is not documented.
/home/mike/git/np/include/np/ndarray/internal/NDArrayShaped.hpp:69: warning: Member BasePtrBool (typedef) of class np::ndarray::internal::NDArrayShaped is not documented.
/home/mike/git/np/include/np/ndarray/internal/NDArrayShaped.hpp:70: warning: Member BasePtr (typedef) of class np::ndarray::internal::NDArrayShaped is not documented.
/home/mike/git/np/include/np/ndarray/internal/NDArrayShaped.hpp:71: warning: Member BaseConstPtr (typedef) of class np::ndarray::internal::NDArrayShaped is not documented.
/home/mike/git/np/include/np/ndarray/internal/NDArrayShaped.hpp:96: warning: Member value_type (typedef) of class np::ndarray::internal::NDArrayShaped is not documented.
/home/mike/git/np/include/np/ndarray/internal/NDArrayBase.hpp:447: warning: Member IndexParentType (typedef) of class np::ndarray::internal::NDArrayBase is not documented.
/home/mike/git/np/include/np/ndarray/internal/NDArrayBase.hpp:448: warning: Member IndexParentConstType (typedef) of class np::ndarray::internal::NDArrayBase is not documented.
/home/mike/git/np/include/np/ndarray/internal/NDArrayBase.hpp:470: warning: Member getMaxElementSize() const (function) of class np::ndarray::internal::NDArrayBase is not documented.
/home/mike/git/np/include/np/ndarray/internal/NDArrayBase.hpp:483: warning: Member dumpToStreamAsBinary(std::ostream &stream) (function) of class np::ndarray::internal::NDArrayBase is not documented.
/home/mike/git/np/include/np/ndarray/internal/NDArrayBase.hpp:489: warning: Member runHandlers(Size dimIndex, const std::string &dimCond) const (function) of class np::ndarray::internal::NDArrayBase is not documented.
/home/mike/git/np/include/np/ndarray/internal/NDArrayBase.hpp:490: warning: Member none(Size dimIndex, const std::string &dimCond) const (function) of class np::ndarray::internal::NDArrayBase is not documented.
/home/mike/git/np/include/np/ndarray/internal/NDArrayBase.hpp:491: warning: Member subsetting(Size dimIndex, const std::string &dimCond) const (function) of class np::ndarray::internal::NDArrayBase is not documented.
/home/mike/git/np/include/np/ndarray/internal/NDArrayBase.hpp:492: warning: Member slicing(Size dimIndex, const std::string &dimCond) const (function) of class np::ndarray::internal::NDArrayBase is not documented.
/home/mike/git/np/include/np/ndarray/internal/NDArrayBase.hpp:493: warning: Member booleanIndexing(Size dimIndex, const std::string &dimCond) const (function) of class np::ndarray::internal::NDArrayBase is not documented.
/home/mike/git/np/include/np/ndarray/internal/NDArrayBase.hpp:495: warning: Member save(std::ostream &stream) (function) of class np::ndarray::internal::NDArrayBase is not documented.
/home/mike/git/np/include/np/ndarray/internal/NDArrayBase.hpp:496: warning: Member load(std::istream &stream) (function) of class np::ndarray::internal::NDArrayBase is not documented.
/home/mike/git/np/include/np/ndarray/internal/NDArrayShaped.hpp:108: warning: Member m_shape (variable) of class np::ndarray::internal::NDArrayShaped is not documented.
/home/mike/git/np/include/np/ndarray/diagonal/NDArrayIdentity.hpp:58: warning: Member NDArrayIdentity(Size size) noexcept (function) of class np::ndarray::array_diagonal::NDArrayIdentity is not documented.
/home/mike/git/np/include/np/ndarray/diagonal/NDArrayIdentity.hpp:62: warning: Member NDArrayIdentity(const NDArrayIdentity &another) noexcept=default (function) of class np::ndarray::array_diagonal::NDArrayIdentity is not documented.
/home/mike/git/np/include/np/ndarray/diagonal/NDArrayIdentity.hpp:64: warning: Member NDArrayIdentity(NDArrayIdentity &&another) noexcept=default (function) of class np::ndarray::array_diagonal::NDArrayIdentity is not documented.
/home/mike/git/np/include/np/ndarray/diagonal/NDArrayIdentity.hpp:68: warning: Member operator=(const NDArrayIdentity &another) noexcept (function) of class np::ndarray::array_diagonal::NDArrayIdentity is not documented.
/home/mike/git/np/include/np/ndarray/diagonal/NDArrayIdentity.hpp:75: warning: Member operator=(NDArrayIdentity &&another) noexcept (function) of class np::ndarray::array_diagonal::NDArrayIdentity is not documented.
/home/mike/git/np/include/np/ndarray/internal/NDArrayShaped.hpp:50: warning: Member NDArrayShaped(const NDArrayShaped &another)=default (function) of class np::ndarray::internal::NDArrayShaped is not documented.
/home/mike/git/np/include/np/ndarray/internal/NDArrayShaped.hpp:52: warning: Member NDArrayShaped(NDArrayShaped &&another) noexcept=default (function) of class np::ndarray::internal::NDArrayShaped is not documented.
/home/mike/git/np/include/np/ndarray/internal/NDArrayShaped.hpp:54: warning: Member NDArrayShaped(const std::vector< DType > &vector, Shape shape) (function) of class np::ndarray::internal::NDArrayShaped is not documented.
/home/mike/git/np/include/np/ndarray/internal/NDArrayShaped.hpp:56: warning: Member NDArrayShaped(DType *data, Shape shape) (function) of class np::ndarray::internal::NDArrayShaped is not documented.
/home/mike/git/np/include/np/ndarray/internal/NDArrayShaped.hpp:59: warning: Member NDArrayShaped(Shape shape, Args &&...args) (function) of class np::ndarray::internal::NDArrayShaped is not documented.
/home/mike/git/np/include/np/ndarray/internal/NDArrayShaped.hpp:62: warning: Member NDArrayShaped(bool isColumnVector, Args &&...args) (function) of class np::ndarray::internal::NDArrayShaped is not documented.
/home/mike/git/np/include/np/ndarray/internal/NDArrayShaped.hpp:64: warning: Member operator=(const NDArrayShaped &another) (function) of class np::ndarray::internal::NDArrayShaped is not documented.
/home/mike/git/np/include/np/ndarray/internal/NDArrayShaped.hpp:66: warning: Member operator=(NDArrayShaped &&another) noexcept (function) of class np::ndarray::internal::NDArrayShaped is not documented.
/home/mike/git/np/include/np/ndarray/internal/NDArrayShaped.hpp:74: warning: Member shape() const override (function) of class np::ndarray::internal::NDArrayShaped is not documented.
/home/mike/git/np/include/np/ndarray/internal/NDArrayShaped.hpp:75: warning: Member setShape(const Shape &shape) override (function) of class np::ndarray::internal::NDArrayShaped is not documented.
/home/mike/git/np/include/np/ndarray/internal/NDArrayShaped.hpp:77: warning: Member empty() const override (function) of class np::ndarray::internal::NDArrayShaped is not documented.
/home/mike/git/np/include/np/ndarray/internal/NDArrayShaped.hpp:82: warning: Member len() const override (function) of class np::ndarray::internal::NDArrayShaped is not documented.
/home/mike/git/np/include/np/ndarray/internal/NDArrayShaped.hpp:87: warning: Member ndim() const override (function) of class np::ndarray::internal::NDArrayShaped is not documented.
/home/mike/git/np/include/np/ndarray/internal/NDArrayShaped.hpp:92: warning: Member size() const override (function) of class np::ndarray::internal::NDArrayShaped is not documented.
/home/mike/git/np/include/np/ndarray/internal/NDArrayShaped.hpp:97: warning: Member push_back(const value_type &value) (function) of class np::ndarray::internal::NDArrayShaped is not documented.
/home/mike/git/np/include/np/ndarray/internal/NDArrayBase.hpp:71: warning: Member NDArrayBase(Args &&...args) (function) of class np::ndarray::internal::NDArrayBase is not documented.
/home/mike/git/np/include/np/ndarray/internal/NDArrayBase.hpp:73: warning: Member NDArrayBase(const NDArrayBase &another) (function) of class np::ndarray::internal::NDArrayBase is not documented.
/home/mike/git/np/include/np/ndarray/internal/NDArrayBase.hpp:75: warning: Member NDArrayBase(NDArrayBase &&another) noexcept (function) of class np::ndarray::internal::NDArrayBase is not documented.
/home/mike/git/np/include/np/ndarray/internal/NDArrayBase.hpp:80: warning: Member derived() const (function) of class np::ndarray::internal::NDArrayBase is not documented.
/home/mike/git/np/include/np/ndarray/internal/NDArrayBase.hpp:84: warning: Member derived() (function) of class np::ndarray::internal::NDArrayBase is not documented.
/home/mike/git/np/include/np/ndarray/internal/NDArrayBase.hpp:88: warning: Member operator=(const NDArrayBase &another) (function) of class np::ndarray::internal::NDArrayBase is not documented.
/home/mike/git/np/include/np/ndarray/internal/NDArrayBase.hpp:90: warning: Member operator=(NDArrayBase &&another) noexcept (function) of class np::ndarray::internal::NDArrayBase is not documented.
/home/mike/git/np/include/np/ndarray/internal/NDArrayBase.hpp:93: warning: Member save(const char *filename) (function) of class np::ndarray::internal::NDArrayBase is not documented.
/home/mike/git/np/include/np/ndarray/internal/NDArrayBase.hpp:95: warning: Member savez(const char *filename) (function) of class np::ndarray::internal::NDArrayBase is not documented.
/home/mike/git/np/include/np/ndarray/internal/NDArrayBase.hpp:97: warning: Member load(const char *filename) (function) of class np::ndarray::internal::NDArrayBase is not documented.
/home/mike/git/np/include/np/ndarray/internal/NDArrayBase.hpp:100: warning: Member loadtxt(const char *filename) (function) of class np::ndarray::internal::NDArrayBase is not documented.
/home/mike/git/np/include/np/ndarray/internal/NDArrayBase.hpp:102: warning: Member genfromtxt(const char *filename) (function) of class np::ndarray::internal::NDArrayBase is not documented.
/home/mike/git/np/include/np/ndarray/internal/NDArrayBase.hpp:104: warning: Member savetxt(const char *filename, const char *delimiter) (function) of class np::ndarray::internal::NDArrayBase is not documented.
/home/mike/git/np/include/np/ndarray/internal/NDArrayBase.hpp:129: warning: Member dtype() (function) of class np::ndarray::internal::NDArrayBase is not documented.
/home/mike/git/np/include/np/ndarray/internal/NDArrayBase.hpp:133: warning: Member addInplace(const NDArrayBase< DType2, Derived2, Storage2 > &array) (function) of class np::ndarray::internal::NDArrayBase is not documented.
/home/mike/git/np/include/np/ndarray/internal/NDArrayBase.hpp:136: warning: Member add(const DType2 &value) const (function) of class np::ndarray::internal::NDArrayBase is not documented.
/home/mike/git/np/include/np/ndarray/internal/NDArrayBase.hpp:139: warning: Member addInplace(const DType2 &value) (function) of class np::ndarray::internal::NDArrayBase is not documented.
/home/mike/git/np/include/np/ndarray/internal/NDArrayBase.hpp:142: warning: Member subtractInplace(const NDArrayBase< DType2, Derived2, Storage2 > &array) (function) of class np::ndarray::internal::NDArrayBase is not documented.
/home/mike/git/np/include/np/ndarray/internal/NDArrayBase.hpp:145: warning: Member subtract(const DType2 &value) const (function) of class np::ndarray::internal::NDArrayBase is not documented.
/home/mike/git/np/include/np/ndarray/internal/NDArrayBase.hpp:148: warning: Member subtractInplace(const DType2 &value) (function) of class np::ndarray::internal::NDArrayBase is not documented.
/home/mike/git/np/include/np/ndarray/internal/NDArrayBase.hpp:151: warning: Member subtractFrom(const DType2 &value) const (function) of class np::ndarray::internal::NDArrayBase is not documented.
/home/mike/git/np/include/np/ndarray/internal/NDArrayBase.hpp:154: warning: Member multiplyInplace(const NDArrayBase< DType2, Derived2, Storage2 > &array) (function) of class np::ndarray::internal::NDArrayBase is not documented.
/home/mike/git/np/include/np/ndarray/internal/NDArrayBase.hpp:157: warning: Member multiply(const DType2 &value) const (function) of class np::ndarray::internal::NDArrayBase is not documented.
/home/mike/git/np/include/np/ndarray/internal/NDArrayBase.hpp:160: warning: Member multiplyInplace(const DType2 &value) (function) of class np::ndarray::internal::NDArrayBase is not documented.
/home/mike/git/np/include/np/ndarray/internal/NDArrayBase.hpp:163: warning: Member divideInplace(const NDArrayBase< DType2, Derived2, Storage2 > &array) (function) of class np::ndarray::internal::NDArrayBase is not documented.
/home/mike/git/np/include/np/ndarray/internal/NDArrayBase.hpp:166: warning: Member divide(const DType2 &value) const (function) of class np::ndarray::internal::NDArrayBase is not documented.
/home/mike/git/np/include/np/ndarray/internal/NDArrayBase.hpp:169: warning: Member divideInplace(const DType2 &value) (function) of class np::ndarray::internal::NDArrayBase is not documented.
/home/mike/git/np/include/np/ndarray/internal/NDArrayBase.hpp:172: warning: Member divideFrom(const DType2 &value) const (function) of class np::ndarray::internal::NDArrayBase is not documented.
/home/mike/git/np/include/np/ndarray/internal/NDArrayBase.hpp:174: warning: Member exp() const (function) of class np::ndarray::internal::NDArrayBase is not documented.
/home/mike/git/np/include/np/ndarray/internal/NDArrayBase.hpp:176: warning: Member expInplace() (function) of class np::ndarray::internal::NDArrayBase is not documented.
/home/mike/git/np/include/np/ndarray/internal/NDArrayBase.hpp:178: warning: Member sqrt() const (function) of class np::ndarray::internal::NDArrayBase is not documented.
/home/mike/git/np/include/np/ndarray/internal/NDArrayBase.hpp:180: warning: Member sqrtInplace() (function) of class np::ndarray::internal::NDArrayBase is not documented.
/home/mike/git/np/include/np/ndarray/internal/NDArrayBase.hpp:182: warning: Member sin() const (function) of class np::ndarray::internal::NDArrayBase is not documented.
/home/mike/git/np/include/np/ndarray/internal/NDArrayBase.hpp:184: warning: Member sinInplace() (function) of class np::ndarray::internal::NDArrayBase is not documented.
/home/mike/git/np/include/np/ndarray/internal/NDArrayBase.hpp:186: warning: Member cos() const (function) of class np::ndarray::internal::NDArrayBase is not documented.
/home/mike/git/np/include/np/ndarray/internal/NDArrayBase.hpp:188: warning: Member cosInplace() (function) of class np::ndarray::internal::NDArrayBase is not documented.
/home/mike/git/np/include/np/ndarray/internal/NDArrayBase.hpp:190: warning: Member log() const (function) of class np::ndarray::internal::NDArrayBase is not documented.
/home/mike/git/np/include/np/ndarray/internal/NDArrayBase.hpp:192: warning: Member logInplace() (function) of class np::ndarray::internal::NDArrayBase is not documented.
/home/mike/git/np/include/np/ndarray/internal/NDArrayBase.hpp:194: warning: Member abs() const (function) of class np::ndarray::internal::NDArrayBase is not documented.
/home/mike/git/np/include/np/ndarray/internal/NDArrayBase.hpp:196: warning: Member absInplace() (function) of class np::ndarray::internal::NDArrayBase is not documented.
/home/mike/git/np/include/np/ndarray/internal/NDArrayBase.hpp:200: warning: Member dot(const NDArrayBase< DType2, Derived2, Storage2 > &array) const (function) of class np::ndarray::internal::NDArrayBase is not documented.
/home/mike/git/np/include/np/ndarray/internal/NDArrayBase.hpp:204: warning: Member operator==(const NDArrayBase< DType2, Derived2, Storage2 > &array) const (function) of class np::ndarray::internal::NDArrayBase is not documented.
/home/mike/git/np/include/np/ndarray/internal/NDArrayBase.hpp:207: warning: Member operator<(const NDArrayBase< DType2, Derived2, Storage2 > &array) const (function) of class np::ndarray::internal::NDArrayBase is not documented.
/home/mike/git/np/include/np/ndarray/internal/NDArrayBase.hpp:210: warning: Member operator>(const NDArrayBase< DType2, Derived2, Storage2 > &array) const (function) of class np::ndarray::internal::NDArrayBase is not documented.
/home/mike/git/np/include/np/ndarray/internal/NDArrayBase.hpp:213: warning: Member array_equal(const DType &element) const (function) of class np::ndarray::internal::NDArrayBase is not documented.
/home/mike/git/np/include/np/ndarray/internal/NDArrayBase.hpp:219: warning: Member array_equal(const NDArrayBase< DType2, Derived2, Storage2 > &array) const (function) of class np::ndarray::internal::NDArrayBase is not documented.
/home/mike/git/np/include/np/ndarray/internal/NDArrayBase.hpp:234: warning: Member average(const NDArrayBase< DType2, Derived2, Storage2 > &weights) const (function) of class np::ndarray::internal::NDArrayBase is not documented.
/home/mike/git/np/include/np/ndarray/internal/NDArrayBase.hpp:237: warning: Member sum() const (function) of class np::ndarray::internal::NDArrayBase is not documented.
/home/mike/git/np/include/np/ndarray/internal/NDArrayBase.hpp:240: warning: Member nansum() const (function) of class np::ndarray::internal::NDArrayBase is not documented.
/home/mike/git/np/include/np/ndarray/internal/NDArrayBase.hpp:243: warning: Member min() const (function) of class np::ndarray::internal::NDArrayBase is not documented.
/home/mike/git/np/include/np/ndarray/internal/NDArrayBase.hpp:246: warning: Member max() const (function) of class np::ndarray::internal::NDArrayBase is not documented.
/home/mike/git/np/include/np/ndarray/internal/NDArrayBase.hpp:249: warning: Member cumsum() const (function) of class np::ndarray::internal::NDArrayBase is not documented.
/home/mike/git/np/include/np/ndarray/internal/NDArrayBase.hpp:252: warning: Member nancumsum() const (function) of class np::ndarray::internal::NDArrayBase is not documented.
/home/mike/git/np/include/np/ndarray/internal/NDArrayBase.hpp:255: warning: Member mean() const (function) of class np::ndarray::internal::NDArrayBase is not documented.
/home/mike/git/np/include/np/ndarray/internal/NDArrayBase.hpp:258: warning: Member nanmean() const (function) of class np::ndarray::internal::NDArrayBase is not documented.
/home/mike/git/np/include/np/ndarray/internal/NDArrayBase.hpp:261: warning: Member median() const (function) of class np::ndarray::internal::NDArrayBase is not documented.
/home/mike/git/np/include/np/ndarray/internal/NDArrayBase.hpp:264: warning: Member nanmedian() const (function) of class np::ndarray::internal::NDArrayBase is not documented.
/home/mike/git/np/include/np/ndarray/internal/NDArrayBase.hpp:267: warning: Member cov() const (function) of class np::ndarray::internal::NDArrayBase is not documented.
/home/mike/git/np/include/np/ndarray/internal/NDArrayBase.hpp:270: warning: Member corrcoef() const (function) of class np::ndarray::internal::NDArrayBase is not documented.
/home/mike/git/np/include/np/ndarray/internal/NDArrayBase.hpp:273: warning: Member std_() const (function) of class np::ndarray::internal::NDArrayBase is not documented.
/home/mike/git/np/include/np/ndarray/internal/NDArrayBase.hpp:276: warning: Member nanstd() const (function) of class np::ndarray::internal::NDArrayBase is not documented.
/home/mike/git/np/include/np/ndarray/internal/NDArrayBase.hpp:279: warning: Member var() const (function) of class np::ndarray::internal::NDArrayBase is not documented.
/home/mike/git/np/include/np/ndarray/internal/NDArrayBase.hpp:282: warning: Member nanvar() const (function) of class np::ndarray::internal::NDArrayBase is not documented.
/home/mike/git/np/include/np/ndarray/internal/NDArrayBase.hpp:285: warning: Member view() const (function) of class np::ndarray::internal::NDArrayBase is not documented.
/home/mike/git/np/include/np/ndarray/internal/NDArrayBase.hpp:288: warning: Member copy() const (function) of class np::ndarray::internal::NDArrayBase is not documented.
/home/mike/git/np/include/np/ndarray/internal/NDArrayBase.hpp:291: warning: Member sort() (function) of class np::ndarray::internal::NDArrayBase is not documented.
/home/mike/git/np/include/np/ndarray/internal/NDArrayBase.hpp:297: warning: Member transpose() const (function) of class np::ndarray::internal::NDArrayBase is not documented.
/home/mike/git/np/include/np/ndarray/internal/NDArrayBase.hpp:300: warning: Member ravel() const (function) of class np::ndarray::internal::NDArrayBase is not documented.
/home/mike/git/np/include/np/ndarray/internal/NDArrayBase.hpp:303: warning: Member reshape(const Shape &shape) const (function) of class np::ndarray::internal::NDArrayBase is not documented.
/home/mike/git/np/include/np/ndarray/internal/NDArrayBase.hpp:307: warning: Member resize(const Shape &shape) const (function) of class np::ndarray::internal::NDArrayBase is not documented.
/home/mike/git/np/include/np/ndarray/internal/NDArrayBase.hpp:311: warning: Member append(const NDArrayBase< DType2, Derived2, Storage2 > &array) const (function) of class np::ndarray::internal::NDArrayBase is not documented.
/home/mike/git/np/include/np/ndarray/internal/NDArrayBase.hpp:315: warning: Member insert(Size index, const NDArrayBase< DType2, Derived2, Storage2 > &array) const (function) of class np::ndarray::internal::NDArrayBase is not documented.
/home/mike/git/np/include/np/ndarray/internal/NDArrayBase.hpp:318: warning: Member del(Size index) const (function) of class np::ndarray::internal::NDArrayBase is not documented.
/home/mike/git/np/include/np/ndarray/internal/NDArrayBase.hpp:322: warning: Member concatenate(const NDArrayBase< DType2, Derived2, Storage2 > &array, std::optional< size_t > axis=std::nullopt) const (function) of class np::ndarray::internal::NDArrayBase is not documented.
/home/mike/git/np/include/np/ndarray/internal/NDArrayBase.hpp:326: warning: Member vstack(const NDArrayBase< DType2, Derived2, Storage2 > &array) const (function) of class np::ndarray::internal::NDArrayBase is not documented.
/home/mike/git/np/include/np/ndarray/internal/NDArrayBase.hpp:330: warning: Member r_(const NDArrayBase< DType2, Derived2, Storage2 > &array) const (function) of class np::ndarray::internal::NDArrayBase is not documented.
/home/mike/git/np/include/np/ndarray/internal/NDArrayBase.hpp:334: warning: Member hstack(const NDArrayBase< DType2, Derived2, Storage2 > &array) const (function) of class np::ndarray::internal::NDArrayBase is not documented.
/home/mike/git/np/include/np/ndarray/internal/NDArrayBase.hpp:338: warning: Member c_(const NDArrayBase< DType2, Derived2, Storage2 > &array) const (function) of class np::ndarray::internal::NDArrayBase is not documented.
/home/mike/git/np/include/np/ndarray/internal/NDArrayBase.hpp:341: warning: Member hsplit(size_t sections) const (function) of class np::ndarray::internal::NDArrayBase is not documented.
/home/mike/git/np/include/np/ndarray/internal/NDArrayBase.hpp:344: warning: Member vsplit(size_t sections) const (function) of class np::ndarray::internal::NDArrayBase is not documented.
/home/mike/git/np/include/np/ndarray/internal/NDArrayBase.hpp:347: warning: Member expand_dims(Size axis) const (function) of class np::ndarray::internal::NDArrayBase is not documented.
/home/mike/git/np/include/np/ndarray/internal/NDArrayBase.hpp:349: warning: Member data() const (function) of class np::ndarray::internal::NDArrayBase is not documented.
/home/mike/git/np/include/np/ndarray/internal/NDArrayBase.hpp:361: warning: Member data() (function) of class np::ndarray::internal::NDArrayBase is not documented.
/home/mike/git/np/include/np/ndarray/internal/NDArrayBase.hpp:370: warning: Member get(Size i) const (function) of class np::ndarray::internal::NDArrayBase is not documented.
/home/mike/git/np/include/np/ndarray/internal/NDArrayBase.hpp:374: warning: Member get(Size i) (function) of class np::ndarray::internal::NDArrayBase is not documented.
/home/mike/git/np/include/np/ndarray/internal/NDArrayBase.hpp:378: warning: Member set(Size i, const DType &value) (function) of class np::ndarray::internal::NDArrayBase is not documented.
/home/mike/git/np/include/np/ndarray/internal/NDArrayBase.hpp:383: warning: Member at(Size row, Size column) const (function) of class np::ndarray::internal::NDArrayBase is not documented.
/home/mike/git/np/include/np/ndarray/internal/NDArrayBase.hpp:397: warning: Member at(Size row, Size column) (function) of class np::ndarray::internal::NDArrayBase is not documented.
/home/mike/git/np/include/np/ndarray/internal/NDArrayBase.hpp:410: warning: Member getStorage() (function) of class np::ndarray::internal::NDArrayBase is not documented.
/home/mike/git/np/include/np/ndarray/internal/NDArrayBase.hpp:414: warning: Member getStorage() const (function) of class np::ndarray::internal::NDArrayBase is not documented.
/home/mike/git/np/include/np/ndarray/internal/NDArrayBase.hpp:418: warning: Member index(Size i) const (function) of class np::ndarray::internal::NDArrayBase is not documented.
/home/mike/git/np/include/np/ndarray/internal/NDArrayBase.hpp:426: warning: Member begin() (function) of class np::ndarray::internal::NDArrayBase is not documented.
/home/mike/git/np/include/np/ndarray/internal/NDArrayBase.hpp:430: warning: Member end() (function) of class np::ndarray::internal::NDArrayBase is not documented.
/home/mike/git/np/include/np/ndarray/internal/NDArrayBase.hpp:434: warning: Member cbegin() const (function) of class np::ndarray::internal::NDArrayBase is not documented.
/home/mike/git/np/include/np/ndarray/internal/NDArrayBase.hpp:438: warning: Member cend() const (function) of class np::ndarray::internal::NDArrayBase is not documented.
/home/mike/git/np/include/np/ndarray/internal/NDArrayBase.hpp:442: warning: Member push(const DType &value) (function) of class np::ndarray::internal::NDArrayBase is not documented.
/home/mike/git/np/include/np/ndarray/internal/NDArrayBase.hpp:450: warning: Member operator[](SignedSize i) const (function) of class np::ndarray::internal::NDArrayBase is not documented.
/home/mike/git/np/include/np/ndarray/internal/NDArrayBase.hpp:451: warning: Member operator[](SignedSize i) (function) of class np::ndarray::internal::NDArrayBase is not documented.
/home/mike/git/np/include/np/ndarray/internal/NDArrayBase.hpp:461: warning: Member operator[](const std::string &cond) const (function) of class np::ndarray::internal::NDArrayBase is not documented.
/home/mike/git/np/include/np/ndarray/internal/NDArrayBase.hpp:462: warning: Member operator[](const std::string &cond) (function) of class np::ndarray::internal::NDArrayBase is not documented.
/home/mike/git/np/include/np/ndarray/internal/NDArrayBase.hpp:464: warning: Member operator DType() const (function) of class np::ndarray::internal::NDArrayBase is not documented.
/home/mike/git/np/include/np/ndarray/internal/NDArrayShaped.hpp:68: warning: Member Base (typedef) of class np::ndarray::internal::NDArrayShaped is not documented.
/home/mike/git/np/include/np/ndarray/internal/NDArrayShaped.hpp:69: warning: Member BasePtrBool (typedef) of class np::ndarray::internal::NDArrayShaped is not documented.
/home/mike/git/np/include/np/ndarray/internal/NDArrayShaped.hpp:70: warning: Member BasePtr (typedef) of class np::ndarray::internal::NDArrayShaped is not documented.
/home/mike/git/np/include/np/ndarray/internal/NDArrayShaped.hpp:71: warning: Member BaseConstPtr (typedef) of class np::ndarray::internal::NDArrayShaped is not documented.
/home/mike/git/np/include/np/ndarray/internal/NDArrayShaped.hpp:96: warning: Member value_type (typedef) of class np::ndarray::internal::NDArrayShaped is not documented.
/home/mike/git/np/include/np/ndarray/internal/NDArrayBase.hpp:447: warning: Member IndexParentType (typedef) of class np::ndarray::internal::NDArrayBase is not documented.
/home/mike/git/np/include/np/ndarray/internal/NDArrayBase.hpp:448: warning: Member IndexParentConstType (typedef) of class np::ndarray::internal::NDArrayBase is not documented.
/home/mike/git/np/include/np/ndarray/internal/NDArrayBase.hpp:470: warning: Member getMaxElementSize() const (function) of class np::ndarray::internal::NDArrayBase is not documented.
/home/mike/git/np/include/np/ndarray/internal/NDArrayBase.hpp:483: warning: Member dumpToStreamAsBinary(std::ostream &stream) (function) of class np::ndarray::internal::NDArrayBase is not documented.
/home/mike/git/np/include/np/ndarray/internal/NDArrayBase.hpp:489: warning: Member runHandlers(Size dimIndex, const std::string &dimCond) const (function) of class np::ndarray::internal::NDArrayBase is not documented.
/home/mike/git/np/include/np/ndarray/internal/NDArrayBase.hpp:490: warning: Member none(Size dimIndex, const std::string &dimCond) const (function) of class np::ndarray::internal::NDArrayBase is not documented.
/home/mike/git/np/include/np/ndarray/internal/NDArrayBase.hpp:491: warning: Member subsetting(Size dimIndex, const std::string &dimCond) const (function) of class np::ndarray::internal::NDArrayBase is not documented.
/home/mike/git/np/include/np/ndarray/internal/NDArrayBase.hpp:492: warning: Member slicing(Size dimIndex, const std::string &dimCond) const (function) of class np::ndarray::internal::NDArrayBase is not documented.
/home/mike/git/np/include/np/ndarray/internal/NDArrayBase.hpp:493: warning: Member booleanIndexing(Size dimIndex, const std::string &dimCond) const (function) of class np::ndarray::internal::NDArrayBase is not documented.
/home/mike/git/np/include/np/ndarray/internal/NDArrayBase.hpp:495: warning: Member save(std::ostream &stream) (function) of class np::ndarray::internal::NDArrayBase is not documented.
/home/mike/git/np/include/np/ndarray/internal/NDArrayBase.hpp:496: warning: Member load(std::istream &stream) (function) of class np::ndarray::internal::NDArrayBase is not documented.
/home/mike/git/np/include/np/ndarray/internal/NDArrayShaped.hpp:108: warning: Member m_shape (variable) of class np::ndarray::internal::NDArrayShaped is not documented.
/home/mike/git/np/include/np/ndarray/diagonal/internal/NDArrayDiagonalStorage.hpp:50: warning: Member NDArrayDiagonalStorage(const ndarray::internal::NDArrayBase< DType, Derived, Storage > &v, int k) (function) of class np::ndarray::array_diagonal::internal::NDArrayDiagonalStorage is not documented.
/home/mike/git/np/include/np/ndarray/diagonal/internal/NDArrayDiagonalStorage.hpp:54: warning: Member NDArrayDiagonalStorage(const NDArrayDiagonalStorage &storage) (function) of class np::ndarray::array_diagonal::internal::NDArrayDiagonalStorage is not documented.
/home/mike/git/np/include/np/ndarray/diagonal/internal/NDArrayDiagonalStorage.hpp:58: warning: Member NDArrayDiagonalStorage(NDArrayDiagonalStorage &&storage) noexcept (function) of class np::ndarray::array_diagonal::internal::NDArrayDiagonalStorage is not documented.
/home/mike/git/np/include/np/ndarray/diagonal/internal/NDArrayDiagonalStorage.hpp:64: warning: Member operator=(const NDArrayDiagonalStorage &storage) (function) of class np::ndarray::array_diagonal::internal::NDArrayDiagonalStorage is not documented.
/home/mike/git/np/include/np/ndarray/diagonal/internal/NDArrayDiagonalStorage.hpp:73: warning: Member operator=(NDArrayDiagonalStorage &&storage) noexcept (function) of class np::ndarray::array_diagonal::internal::NDArrayDiagonalStorage is not documented.
/home/mike/git/np/include/np/ndarray/diagonal/internal/NDArrayDiagonalStorage.hpp:82: warning: Member get(Size i) const (function) of class np::ndarray::array_diagonal::internal::NDArrayDiagonalStorage is not documented.
/home/mike/git/np/include/np/ndarray/diagonal/internal/NDArrayDiagonalStorage.hpp:106: warning: Member get(Size) (function) of class np::ndarray::array_diagonal::internal::NDArrayDiagonalStorage is not documented.
/home/mike/git/np/include/np/ndarray/diagonal/internal/NDArrayDiagonalStorage.hpp:112: warning: Member set(Size, DType) (function) of class np::ndarray::array_diagonal::internal::NDArrayDiagonalStorage is not documented.
/home/mike/git/np/include/np/ndarray/diagonal/internal/NDArrayDiagonalStorage.hpp:116: warning: Member sort() (function) of class np::ndarray::array_diagonal::internal::NDArrayDiagonalStorage is not documented.
/home/mike/git/np/include/np/ndarray/diagonal/internal/NDArrayDiagonalStorage.hpp:218: warning: Member begin() (function) of class np::ndarray::array_diagonal::internal::NDArrayDiagonalStorage is not documented.
/home/mike/git/np/include/np/ndarray/diagonal/internal/NDArrayDiagonalStorage.hpp:222: warning: Member end() (function) of class np::ndarray::array_diagonal::internal::NDArrayDiagonalStorage is not documented.
/home/mike/git/np/include/np/ndarray/diagonal/internal/NDArrayDiagonalStorage.hpp:324: warning: Member cbegin() const (function) of class np::ndarray::array_diagonal::internal::NDArrayDiagonalStorage is not documented.
/home/mike/git/np/include/np/ndarray/diagonal/internal/NDArrayDiagonalStorage.hpp:328: warning: Member cend() const (function) of class np::ndarray::array_diagonal::internal::NDArrayDiagonalStorage is not documented.
/home/mike/git/np/include/np/ndarray/diagonal/internal/NDArrayDiagonalStorage.hpp:332: warning: Member index(Size i) const (function) of class np::ndarray::array_diagonal::internal::NDArrayDiagonalStorage is not documented.
/home/mike/git/np/include/np/ndarray/diagonal/internal/NDArrayDiagonalStorage.hpp:336: warning: Member shape() const (function) of class np::ndarray::array_diagonal::internal::NDArrayDiagonalStorage is not documented.
/home/mike/git/np/include/np/ndarray/diagonal/internal/NDArrayDiagonalStorage.hpp:340: warning: Member setShape(const Shape &) (function) of class np::ndarray::array_diagonal::internal::NDArrayDiagonalStorage is not documented.
/home/mike/git/np/include/np/ndarray/diagonal/internal/NDArrayDiagonalStorage.hpp:344: warning: Member is_contiguous (variable) of class np::ndarray::array_diagonal::internal::NDArrayDiagonalStorage is not documented.
/home/mike/git/np/include/np/ndarray/diagonal/internal/NDArrayDiagonalStorage.hpp:345: warning: Member kDepth (variable) of class np::ndarray::array_diagonal::internal::NDArrayDiagonalStorage is not documented.
/home/mike/git/np/include/np/ndarray/diagonal/internal/NDArrayDiagonalStorage.hpp:228: warning: Member difference_type (typedef) of class np::ndarray::array_diagonal::internal::NDArrayDiagonalStorage::const_iterator is not documented.
/home/mike/git/np/include/np/ndarray/diagonal/internal/NDArrayDiagonalStorage.hpp:229: warning: Member value_type (typedef) of class np::ndarray::array_diagonal::internal::NDArrayDiagonalStorage::const_iterator is not documented.
/home/mike/git/np/include/np/ndarray/diagonal/internal/NDArrayDiagonalStorage.hpp:230: warning: Member pointer (typedef) of class np::ndarray::array_diagonal::internal::NDArrayDiagonalStorage::const_iterator is not documented.
/home/mike/git/np/include/np/ndarray/diagonal/internal/NDArrayDiagonalStorage.hpp:231: warning: Member reference (typedef) of class np::ndarray::array_diagonal::internal::NDArrayDiagonalStorage::const_iterator is not documented.
/home/mike/git/np/include/np/ndarray/diagonal/internal/NDArrayDiagonalStorage.hpp:232: warning: Member iterator_category (typedef) of class np::ndarray::array_diagonal::internal::NDArrayDiagonalStorage::const_iterator is not documented.
/home/mike/git/np/include/np/ndarray/diagonal/internal/NDArrayDiagonalStorage.hpp:234: warning: Member const_iterator(const NDArrayDiagonalStorage *container_, Size offset_) (function) of class np::ndarray::array_diagonal::internal::NDArrayDiagonalStorage::const_iterator is not documented.
/home/mike/git/np/include/np/ndarray/diagonal/internal/NDArrayDiagonalStorage.hpp:238: warning: Member const_iterator(const const_iterator &it) (function) of class np::ndarray::array_diagonal::internal::NDArrayDiagonalStorage::const_iterator is not documented.
/home/mike/git/np/include/np/ndarray/diagonal/internal/NDArrayDiagonalStorage.hpp:242: warning: Member operator=(const const_iterator &it) (function) of class np::ndarray::array_diagonal::internal::NDArrayDiagonalStorage::const_iterator is not documented.
/home/mike/git/np/include/np/ndarray/diagonal/internal/NDArrayDiagonalStorage.hpp:250: warning: Member operator==(const const_iterator &it) const (function) of class np::ndarray::array_diagonal::internal::NDArrayDiagonalStorage::const_iterator is not documented.
/home/mike/git/np/include/np/ndarray/diagonal/internal/NDArrayDiagonalStorage.hpp:254: warning: Member operator!=(const const_iterator &it) const (function) of class np::ndarray::array_diagonal::internal::NDArrayDiagonalStorage::const_iterator is not documented.
/home/mike/git/np/include/np/ndarray/diagonal/internal/NDArrayDiagonalStorage.hpp:258: warning: Member operator>(const const_iterator &it) const (function) of class np::ndarray::array_diagonal::internal::NDArrayDiagonalStorage::const_iterator is not documented.
/home/mike/git/np/include/np/ndarray/diagonal/internal/NDArrayDiagonalStorage.hpp:263: warning: Member operator>=(const const_iterator &it) const (function) of class np::ndarray::array_diagonal::internal::NDArrayDiagonalStorage::const_iterator is not documented.
/home/mike/git/np/include/np/ndarray/diagonal/internal/NDArrayDiagonalStorage.hpp:268: warning: Member operator<(const const_iterator &it) const (function) of class np::ndarray::array_diagonal::internal::NDArrayDiagonalStorage::const_iterator is not documented.
/home/mike/git/np/include/np/ndarray/diagonal/internal/NDArrayDiagonalStorage.hpp:273: warning: Member operator<=(const const_iterator &it) const (function) of class np::ndarray::array_diagonal::internal::NDArrayDiagonalStorage::const_iterator is not documented.
/home/mike/git/np/include/np/ndarray/diagonal/internal/NDArrayDiagonalStorage.hpp:278: warning: Member operator++() (function) of class np::ndarray::array_diagonal::internal::NDArrayDiagonalStorage::const_iterator is not documented.
/home/mike/git/np/include/np/ndarray/diagonal/internal/NDArrayDiagonalStorage.hpp:282: warning: Member operator++(int) (function) of class np::ndarray::array_diagonal::internal::NDArrayDiagonalStorage::const_iterator is not documented.
/home/mike/git/np/include/np/ndarray/diagonal/internal/NDArrayDiagonalStorage.hpp:286: warning: Member operator--() (function) of class np::ndarray::array_diagonal::internal::NDArrayDiagonalStorage::const_iterator is not documented.
/home/mike/git/np/include/np/ndarray/diagonal/internal/NDArrayDiagonalStorage.hpp:290: warning: Member operator--(int) (function) of class np::ndarray::array_diagonal::internal::NDArrayDiagonalStorage::const_iterator is not documented.
/home/mike/git/np/include/np/ndarray/diagonal/internal/NDArrayDiagonalStorage.hpp:294: warning: Member operator-(difference_type diff) (function) of class np::ndarray::array_diagonal::internal::NDArrayDiagonalStorage::const_iterator is not documented.
/home/mike/git/np/include/np/ndarray/diagonal/internal/NDArrayDiagonalStorage.hpp:298: warning: Member operator+(difference_type diff) (function) of class np::ndarray::array_diagonal::internal::NDArrayDiagonalStorage::const_iterator is not documented.
/home/mike/git/np/include/np/ndarray/diagonal/internal/NDArrayDiagonalStorage.hpp:302: warning: Member operator+=(difference_type diff) (function) of class np::ndarray::array_diagonal::internal::NDArrayDiagonalStorage::const_iterator is not documented.
/home/mike/git/np/include/np/ndarray/diagonal/internal/NDArrayDiagonalStorage.hpp:306: warning: Member operator-=(difference_type diff) (function) of class np::ndarray::array_diagonal::internal::NDArrayDiagonalStorage::const_iterator is not documented.
/home/mike/git/np/include/np/ndarray/diagonal/internal/NDArrayDiagonalStorage.hpp:310: warning: Member operator-(const const_iterator &it) const (function) of class np::ndarray::array_diagonal::internal::NDArrayDiagonalStorage::const_iterator is not documented.
/home/mike/git/np/include/np/ndarray/diagonal/internal/NDArrayDiagonalStorage.hpp:315: warning: Member operator*() const (function) of class np::ndarray::array_diagonal::internal::NDArrayDiagonalStorage::const_iterator is not documented.
/home/mike/git/np/include/np/ndarray/diagonal/internal/NDArrayDiagonalStorage.hpp:122: warning: Member difference_type (typedef) of class np::ndarray::array_diagonal::internal::NDArrayDiagonalStorage::iterator is not documented.
/home/mike/git/np/include/np/ndarray/diagonal/internal/NDArrayDiagonalStorage.hpp:123: warning: Member value_type (typedef) of class np::ndarray::array_diagonal::internal::NDArrayDiagonalStorage::iterator is not documented.
/home/mike/git/np/include/np/ndarray/diagonal/internal/NDArrayDiagonalStorage.hpp:124: warning: Member pointer (typedef) of class np::ndarray::array_diagonal::internal::NDArrayDiagonalStorage::iterator is not documented.
/home/mike/git/np/include/np/ndarray/diagonal/internal/NDArrayDiagonalStorage.hpp:125: warning: Member reference (typedef) of class np::ndarray::array_diagonal::internal::NDArrayDiagonalStorage::iterator is not documented.
/home/mike/git/np/include/np/ndarray/diagonal/internal/NDArrayDiagonalStorage.hpp:126: warning: Member iterator_category (typedef) of class np::ndarray::array_diagonal::internal::NDArrayDiagonalStorage::iterator is not documented.
/home/mike/git/np/include/np/ndarray/diagonal/internal/NDArrayDiagonalStorage.hpp:128: warning: Member iterator(NDArrayDiagonalStorage *container_, Size offset_) (function) of class np::ndarray::array_diagonal::internal::NDArrayDiagonalStorage::iterator is not documented.
/home/mike/git/np/include/np/ndarray/diagonal/internal/NDArrayDiagonalStorage.hpp:132: warning: Member iterator(const iterator &it) (function) of class np::ndarray::array_diagonal::internal::NDArrayDiagonalStorage::iterator is not documented.
/home/mike/git/np/include/np/ndarray/diagonal/internal/NDArrayDiagonalStorage.hpp:136: warning: Member operator=(const iterator &it) (function) of class np::ndarray::array_diagonal::internal::NDArrayDiagonalStorage::iterator is not documented.
/home/mike/git/np/include/np/ndarray/diagonal/internal/NDArrayDiagonalStorage.hpp:144: warning: Member operator==(const iterator &it) const (function) of class np::ndarray::array_diagonal::internal::NDArrayDiagonalStorage::iterator is not documented.
/home/mike/git/np/include/np/ndarray/diagonal/internal/NDArrayDiagonalStorage.hpp:148: warning: Member operator!=(const iterator &it) const (function) of class np::ndarray::array_diagonal::internal::NDArrayDiagonalStorage::iterator is not documented.
/home/mike/git/np/include/np/ndarray/diagonal/internal/NDArrayDiagonalStorage.hpp:152: warning: Member operator>(const iterator &it) const (function) of class np::ndarray::array_diagonal::internal::NDArrayDiagonalStorage::iterator is not documented.
/home/mike/git/np/include/np/ndarray/diagonal/internal/NDArrayDiagonalStorage.hpp:157: warning: Member operator>=(const iterator &it) const (function) of class np::ndarray::array_diagonal::internal::NDArrayDiagonalStorage::iterator is not documented.
/home/mike/git/np/include/np/ndarray/diagonal/internal/NDArrayDiagonalStorage.hpp:162: warning: Member operator<(const iterator &it) const (function) of class np::ndarray::array_diagonal::internal::NDArrayDiagonalStorage::iterator is not documented.
/home/mike/git/np/include/np/ndarray/diagonal/internal/NDArrayDiagonalStorage.hpp:167: warning: Member operator<=(const iterator &it) const (function) of class np::ndarray::array_diagonal::internal::NDArrayDiagonalStorage::iterator is not documented.
/home/mike/git/np/include/np/ndarray/diagonal/internal/NDArrayDiagonalStorage.hpp:172: warning: Member operator++() (function) of class np::ndarray::array_diagonal::internal::NDArrayDiagonalStorage::iterator is not documented.
/home/mike/git/np/include/np/ndarray/diagonal/internal/NDArrayDiagonalStorage.hpp:176: warning: Member operator++(int) (function) of class np::ndarray::array_diagonal::internal::NDArrayDiagonalStorage::iterator is not documented.
/home/mike/git/np/include/np/ndarray/diagonal/internal/NDArrayDiagonalStorage.hpp:180: warning: Member operator--() (function) of class np::ndarray::array_diagonal::internal::NDArrayDiagonalStorage::iterator is not documented.
/home/mike/git/np/include/np/ndarray/diagonal/internal/NDArrayDiagonalStorage.hpp:184: warning: Member operator--(int) (function) of class np::ndarray::array_diagonal::internal::NDArrayDiagonalStorage::iterator is not documented.
/home/mike/git/np/include/np/ndarray/diagonal/internal/NDArrayDiagonalStorage.hpp:188: warning: Member operator-(difference_type diff) (function) of class np::ndarray::array_diagonal::internal::NDArrayDiagonalStorage::iterator is not documented.
/home/mike/git/np/include/np/ndarray/diagonal/internal/NDArrayDiagonalStorage.hpp:192: warning: Member operator+(difference_type diff) (function) of class np::ndarray::array_diagonal::internal::NDArrayDiagonalStorage::iterator is not documented.
/home/mike/git/np/include/np/ndarray/diagonal/internal/NDArrayDiagonalStorage.hpp:196: warning: Member operator+=(difference_type diff) (function) of class np::ndarray::array_diagonal::internal::NDArrayDiagonalStorage::iterator is not documented.
/home/mike/git/np/include/np/ndarray/diagonal/internal/NDArrayDiagonalStorage.hpp:200: warning: Member operator-=(difference_type diff) (function) of class np::ndarray::array_diagonal::internal::NDArrayDiagonalStorage::iterator is not documented.
/home/mike/git/np/include/np/ndarray/diagonal/internal/NDArrayDiagonalStorage.hpp:204: warning: Member operator-(const iterator &it) const (function) of class np::ndarray::array_diagonal::internal::NDArrayDiagonalStorage::iterator is not documented.
/home/mike/git/np/include/np/ndarray/diagonal/internal/NDArrayDiagonalStorage.hpp:209: warning: Member operator*() const (function) of class np::ndarray::array_diagonal::internal::NDArrayDiagonalStorage::iterator is not documented.
/home/mike/git/np/include/np/ndarray/diagonal/internal/NDArrayIdentityStorage.hpp:50: warning: Member NDArrayIdentityStorage(Size size) noexcept (function) of class np::ndarray::array_diagonal::internal::NDArrayIdentityStorage is not documented.
/home/mike/git/np/include/np/ndarray/diagonal/internal/NDArrayIdentityStorage.hpp:54: warning: Member NDArrayIdentityStorage(const NDArrayIdentityStorage &storage) (function) of class np::ndarray::array_diagonal::internal::NDArrayIdentityStorage is not documented.
/home/mike/git/np/include/np/ndarray/diagonal/internal/NDArrayIdentityStorage.hpp:58: warning: Member NDArrayIdentityStorage(NDArrayIdentityStorage &&storage) noexcept (function) of class np::ndarray::array_diagonal::internal::NDArrayIdentityStorage is not documented.
/home/mike/git/np/include/np/ndarray/diagonal/internal/NDArrayIdentityStorage.hpp:64: warning: Member operator=(const NDArrayIdentityStorage &storage) (function) of class np::ndarray::array_diagonal::internal::NDArrayIdentityStorage is not documented.
/home/mike/git/np/include/np/ndarray/diagonal/internal/NDArrayIdentityStorage.hpp:71: warning: Member operator=(NDArrayIdentityStorage &&storage) noexcept (function) of class np::ndarray::array_diagonal::internal::NDArrayIdentityStorage is not documented.
/home/mike/git/np/include/np/ndarray/diagonal/internal/NDArrayIdentityStorage.hpp:78: warning: Member get(Size i) const (function) of class np::ndarray::array_diagonal::internal::NDArrayIdentityStorage is not documented.
/home/mike/git/np/include/np/ndarray/diagonal/internal/NDArrayIdentityStorage.hpp:88: warning: Member get(Size) (function) of class np::ndarray::array_diagonal::internal::NDArrayIdentityStorage is not documented.
/home/mike/git/np/include/np/ndarray/diagonal/internal/NDArrayIdentityStorage.hpp:94: warning: Member set(Size, DType) (function) of class np::ndarray::array_diagonal::internal::NDArrayIdentityStorage is not documented.
/home/mike/git/np/include/np/ndarray/diagonal/internal/NDArrayIdentityStorage.hpp:98: warning: Member sort() (function) of class np::ndarray::array_diagonal::internal::NDArrayIdentityStorage is not documented.
/home/mike/git/np/include/np/ndarray/diagonal/internal/NDArrayIdentityStorage.hpp:200: warning: Member begin() (function) of class np::ndarray::array_diagonal::internal::NDArrayIdentityStorage is not documented.
/home/mike/git/np/include/np/ndarray/diagonal/internal/NDArrayIdentityStorage.hpp:204: warning: Member end() (function) of class np::ndarray::array_diagonal::internal::NDArrayIdentityStorage is not documented.
/home/mike/git/np/include/np/ndarray/diagonal/internal/NDArrayIdentityStorage.hpp:306: warning: Member cbegin() const (function) of class np::ndarray::array_diagonal::internal::NDArrayIdentityStorage is not documented.
/home/mike/git/np/include/np/ndarray/diagonal/internal/NDArrayIdentityStorage.hpp:310: warning: Member cend() const (function) of class np::ndarray::array_diagonal::internal::NDArrayIdentityStorage is not documented.
/home/mike/git/np/include/np/ndarray/diagonal/internal/NDArrayIdentityStorage.hpp:314: warning: Member index(Size i) const (function) of class np::ndarray::array_diagonal::internal::NDArrayIdentityStorage is not documented.
/home/mike/git/np/include/np/ndarray/diagonal/internal/NDArrayIdentityStorage.hpp:318: warning: Member shape() const (function) of class np::ndarray::array_diagonal::internal::NDArrayIdentityStorage is not documented.
/home/mike/git/np/include/np/ndarray/diagonal/internal/NDArrayIdentityStorage.hpp:322: warning: Member setShape(const Shape &) (function) of class np::ndarray::array_diagonal::internal::NDArrayIdentityStorage is not documented.
/home/mike/git/np/include/np/ndarray/diagonal/internal/NDArrayIdentityStorage.hpp:326: warning: Member push_back(const DType &) (function) of class np::ndarray::array_diagonal::internal::NDArrayIdentityStorage is not documented.
/home/mike/git/np/include/np/ndarray/diagonal/internal/NDArrayIdentityStorage.hpp:330: warning: Member is_contiguous (variable) of class np::ndarray::array_diagonal::internal::NDArrayIdentityStorage is not documented.
/home/mike/git/np/include/np/ndarray/diagonal/internal/NDArrayIdentityStorage.hpp:331: warning: Member kDepth (variable) of class np::ndarray::array_diagonal::internal::NDArrayIdentityStorage is not documented.
/home/mike/git/np/include/np/ndarray/diagonal/internal/NDArrayIdentityStorage.hpp:210: warning: Member difference_type (typedef) of class np::ndarray::array_diagonal::internal::NDArrayIdentityStorage::const_iterator is not documented.
/home/mike/git/np/include/np/ndarray/diagonal/internal/NDArrayIdentityStorage.hpp:211: warning: Member value_type (typedef) of class np::ndarray::array_diagonal::internal::NDArrayIdentityStorage::const_iterator is not documented.
/home/mike/git/np/include/np/ndarray/diagonal/internal/NDArrayIdentityStorage.hpp:212: warning: Member pointer (typedef) of class np::ndarray::array_diagonal::internal::NDArrayIdentityStorage::const_iterator is not documented.
/home/mike/git/np/include/np/ndarray/diagonal/internal/NDArrayIdentityStorage.hpp:213: warning: Member reference (typedef) of class np::ndarray::array_diagonal::internal::NDArrayIdentityStorage::const_iterator is not documented.
/home/mike/git/np/include/np/ndarray/diagonal/internal/NDArrayIdentityStorage.hpp:214: warning: Member iterator_category (typedef) of class np::ndarray::array_diagonal::internal::NDArrayIdentityStorage::const_iterator is not documented.
/home/mike/git/np/include/np/ndarray/diagonal/internal/NDArrayIdentityStorage.hpp:216: warning: Member const_iterator(const NDArrayIdentityStorage *container_, size_t offset_) (function) of class np::ndarray::array_diagonal::internal::NDArrayIdentityStorage::const_iterator is not documented.
/home/mike/git/np/include/np/ndarray/diagonal/internal/NDArrayIdentityStorage.hpp:220: warning: Member const_iterator(const const_iterator &it) (function) of class np::ndarray::array_diagonal::internal::NDArrayIdentityStorage::const_iterator is not documented.
/home/mike/git/np/include/np/ndarray/diagonal/internal/NDArrayIdentityStorage.hpp:224: warning: Member operator=(const const_iterator &it) (function) of class np::ndarray::array_diagonal::internal::NDArrayIdentityStorage::const_iterator is not documented.
/home/mike/git/np/include/np/ndarray/diagonal/internal/NDArrayIdentityStorage.hpp:232: warning: Member operator==(const const_iterator &it) const (function) of class np::ndarray::array_diagonal::internal::NDArrayIdentityStorage::const_iterator is not documented.
/home/mike/git/np/include/np/ndarray/diagonal/internal/NDArrayIdentityStorage.hpp:236: warning: Member operator!=(const const_iterator &it) const (function) of class np::ndarray::array_diagonal::internal::NDArrayIdentityStorage::const_iterator is not documented.
/home/mike/git/np/include/np/ndarray/diagonal/internal/NDArrayIdentityStorage.hpp:240: warning: Member operator>(const const_iterator &it) const (function) of class np::ndarray::array_diagonal::internal::NDArrayIdentityStorage::const_iterator is not documented.
/home/mike/git/np/include/np/ndarray/diagonal/internal/NDArrayIdentityStorage.hpp:245: warning: Member operator>=(const const_iterator &it) const (function) of class np::ndarray::array_diagonal::internal::NDArrayIdentityStorage::const_iterator is not documented.
/home/mike/git/np/include/np/ndarray/diagonal/internal/NDArrayIdentityStorage.hpp:250: warning: Member operator<(const const_iterator &it) const (function) of class np::ndarray::array_diagonal::internal::NDArrayIdentityStorage::const_iterator is not documented.
/home/mike/git/np/include/np/ndarray/diagonal/internal/NDArrayIdentityStorage.hpp:255: warning: Member operator<=(const const_iterator &it) const (function) of class np::ndarray::array_diagonal::internal::NDArrayIdentityStorage::const_iterator is not documented.
/home/mike/git/np/include/np/ndarray/diagonal/internal/NDArrayIdentityStorage.hpp:260: warning: Member operator++() (function) of class np::ndarray::array_diagonal::internal::NDArrayIdentityStorage::const_iterator is not documented.
/home/mike/git/np/include/np/ndarray/diagonal/internal/NDArrayIdentityStorage.hpp:264: warning: Member operator++(int) (function) of class np::ndarray::array_diagonal::internal::NDArrayIdentityStorage::const_iterator is not documented.
/home/mike/git/np/include/np/ndarray/diagonal/internal/NDArrayIdentityStorage.hpp:268: warning: Member operator--() (function) of class np::ndarray::array_diagonal::internal::NDArrayIdentityStorage::const_iterator is not documented.
/home/mike/git/np/include/np/ndarray/diagonal/internal/NDArrayIdentityStorage.hpp:272: warning: Member operator--(int) (function) of class np::ndarray::array_diagonal::internal::NDArrayIdentityStorage::const_iterator is not documented.
/home/mike/git/np/include/np/ndarray/diagonal/internal/NDArrayIdentityStorage.hpp:276: warning: Member operator-(difference_type diff) (function) of class np::ndarray::array_diagonal::internal::NDArrayIdentityStorage::const_iterator is not documented.
/home/mike/git/np/include/np/ndarray/diagonal/internal/NDArrayIdentityStorage.hpp:280: warning: Member operator+(difference_type diff) (function) of class np::ndarray::array_diagonal::internal::NDArrayIdentityStorage::const_iterator is not documented.
/home/mike/git/np/include/np/ndarray/diagonal/internal/NDArrayIdentityStorage.hpp:284: warning: Member operator+=(difference_type diff) (function) of class np::ndarray::array_diagonal::internal::NDArrayIdentityStorage::const_iterator is not documented.
/home/mike/git/np/include/np/ndarray/diagonal/internal/NDArrayIdentityStorage.hpp:288: warning: Member operator-=(difference_type diff) (function) of class np::ndarray::array_diagonal::internal::NDArrayIdentityStorage::const_iterator is not documented.
/home/mike/git/np/include/np/ndarray/diagonal/internal/NDArrayIdentityStorage.hpp:292: warning: Member operator-(const const_iterator &it) const (function) of class np::ndarray::array_diagonal::internal::NDArrayIdentityStorage::const_iterator is not documented.
/home/mike/git/np/include/np/ndarray/diagonal/internal/NDArrayIdentityStorage.hpp:297: warning: Member operator*() const (function) of class np::ndarray::array_diagonal::internal::NDArrayIdentityStorage::const_iterator is not documented.
/home/mike/git/np/include/np/ndarray/diagonal/internal/NDArrayIdentityStorage.hpp:104: warning: Member difference_type (typedef) of class np::ndarray::array_diagonal::internal::NDArrayIdentityStorage::iterator is not documented.
/home/mike/git/np/include/np/ndarray/diagonal/internal/NDArrayIdentityStorage.hpp:105: warning: Member value_type (typedef) of class np::ndarray::array_diagonal::internal::NDArrayIdentityStorage::iterator is not documented.
/home/mike/git/np/include/np/ndarray/diagonal/internal/NDArrayIdentityStorage.hpp:106: warning: Member pointer (typedef) of class np::ndarray::array_diagonal::internal::NDArrayIdentityStorage::iterator is not documented.
/home/mike/git/np/include/np/ndarray/diagonal/internal/NDArrayIdentityStorage.hpp:107: warning: Member reference (typedef) of class np::ndarray::array_diagonal::internal::NDArrayIdentityStorage::iterator is not documented.
/home/mike/git/np/include/np/ndarray/diagonal/internal/NDArrayIdentityStorage.hpp:108: warning: Member iterator_category (typedef) of class np::ndarray::array_diagonal::internal::NDArrayIdentityStorage::iterator is not documented.
/home/mike/git/np/include/np/ndarray/diagonal/internal/NDArrayIdentityStorage.hpp:110: warning: Member iterator(NDArrayIdentityStorage *container_, size_t offset_) (function) of class np::ndarray::array_diagonal::internal::NDArrayIdentityStorage::iterator is not documented.
/home/mike/git/np/include/np/ndarray/diagonal/internal/NDArrayIdentityStorage.hpp:114: warning: Member iterator(const iterator &it) (function) of class np::ndarray::array_diagonal::internal::NDArrayIdentityStorage::iterator is not documented.
/home/mike/git/np/include/np/ndarray/diagonal/internal/NDArrayIdentityStorage.hpp:118: warning: Member operator=(const iterator &it) (function) of class np::ndarray::array_diagonal::internal::NDArrayIdentityStorage::iterator is not documented.
/home/mike/git/np/include/np/ndarray/diagonal/internal/NDArrayIdentityStorage.hpp:126: warning: Member operator==(const iterator &it) const (function) of class np::ndarray::array_diagonal::internal::NDArrayIdentityStorage::iterator is not documented.
/home/mike/git/np/include/np/ndarray/diagonal/internal/NDArrayIdentityStorage.hpp:130: warning: Member operator!=(const iterator &it) const (function) of class np::ndarray::array_diagonal::internal::NDArrayIdentityStorage::iterator is not documented.
/home/mike/git/np/include/np/ndarray/diagonal/internal/NDArrayIdentityStorage.hpp:134: warning: Member operator>(const iterator &it) const (function) of class np::ndarray::array_diagonal::internal::NDArrayIdentityStorage::iterator is not documented.
/home/mike/git/np/include/np/ndarray/diagonal/internal/NDArrayIdentityStorage.hpp:139: warning: Member operator>=(const iterator &it) const (function) of class np::ndarray::array_diagonal::internal::NDArrayIdentityStorage::iterator is not documented.
/home/mike/git/np/include/np/ndarray/diagonal/internal/NDArrayIdentityStorage.hpp:144: warning: Member operator<(const iterator &it) const (function) of class np::ndarray::array_diagonal::internal::NDArrayIdentityStorage::iterator is not documented.
/home/mike/git/np/include/np/ndarray/diagonal/internal/NDArrayIdentityStorage.hpp:149: warning: Member operator<=(const iterator &it) const (function) of class np::ndarray::array_diagonal::internal::NDArrayIdentityStorage::iterator is not documented.
/home/mike/git/np/include/np/ndarray/diagonal/internal/NDArrayIdentityStorage.hpp:154: warning: Member operator++() (function) of class np::ndarray::array_diagonal::internal::NDArrayIdentityStorage::iterator is not documented.
/home/mike/git/np/include/np/ndarray/diagonal/internal/NDArrayIdentityStorage.hpp:158: warning: Member operator++(int) (function) of class np::ndarray::array_diagonal::internal::NDArrayIdentityStorage::iterator is not documented.
/home/mike/git/np/include/np/ndarray/diagonal/internal/NDArrayIdentityStorage.hpp:162: warning: Member operator--() (function) of class np::ndarray::array_diagonal::internal::NDArrayIdentityStorage::iterator is not documented.
/home/mike/git/np/include/np/ndarray/diagonal/internal/NDArrayIdentityStorage.hpp:166: warning: Member operator--(int) (function) of class np::ndarray::array_diagonal::internal::NDArrayIdentityStorage::iterator is not documented.
/home/mike/git/np/include/np/ndarray/diagonal/internal/NDArrayIdentityStorage.hpp:170: warning: Member operator-(difference_type diff) (function) of class np::ndarray::array_diagonal::internal::NDArrayIdentityStorage::iterator is not documented.
/home/mike/git/np/include/np/ndarray/diagonal/internal/NDArrayIdentityStorage.hpp:174: warning: Member operator+(difference_type diff) (function) of class np::ndarray::array_diagonal::internal::NDArrayIdentityStorage::iterator is not documented.
/home/mike/git/np/include/np/ndarray/diagonal/internal/NDArrayIdentityStorage.hpp:178: warning: Member operator+=(difference_type diff) (function) of class np::ndarray::array_diagonal::internal::NDArrayIdentityStorage::iterator is not documented.
/home/mike/git/np/include/np/ndarray/diagonal/internal/NDArrayIdentityStorage.hpp:182: warning: Member operator-=(difference_type diff) (function) of class np::ndarray::array_diagonal::internal::NDArrayIdentityStorage::iterator is not documented.
/home/mike/git/np/include/np/ndarray/diagonal/internal/NDArrayIdentityStorage.hpp:186: warning: Member operator-(const iterator &it) const (function) of class np::ndarray::array_diagonal::internal::NDArrayIdentityStorage::iterator is not documented.
/home/mike/git/np/include/np/ndarray/diagonal/internal/NDArrayIdentityStorage.hpp:191: warning: Member operator*() const (function) of class np::ndarray::array_diagonal::internal::NDArrayIdentityStorage::iterator is not documented.
/home/mike/git/np/include/np/ndarray/diagonal/internal/NDArrayDiagonalStorageStreamIoImpl.hpp:40: warning: Member SquareBracketsInserter(Stream &stream) noexcept (function) of class np::ndarray::array_diagonal::internal::SquareBracketsInserter is not documented.
/home/mike/git/np/include/np/ndarray/diagonal/internal/NDArrayIdentityStorageStreamIoImpl.hpp:40: warning: Member SquareBracketsInserter(Stream &stream) noexcept (function) of class np::ndarray::array_diagonal::internal::SquareBracketsInserter is not documented.
/home/mike/git/np/include/np/ndarray/dynamic/NDArrayDynamic.hpp:71: warning: Member CArray1DType (typedef) of class np::ndarray::array_dynamic::NDArrayDynamic is not documented.
/home/mike/git/np/include/np/ndarray/dynamic/NDArrayDynamic.hpp:73: warning: Member CArray2DType (typedef) of class np::ndarray::array_dynamic::NDArrayDynamic is not documented.
/home/mike/git/np/include/np/ndarray/dynamic/NDArrayDynamic.hpp:75: warning: Member CArray3DType (typedef) of class np::ndarray::array_dynamic::NDArrayDynamic is not documented.
/home/mike/git/np/include/np/ndarray/dynamic/NDArrayDynamic.hpp:77: warning: Member CArray4DType (typedef) of class np::ndarray::array_dynamic::NDArrayDynamic is not documented.
/home/mike/git/np/include/np/ndarray/dynamic/NDArrayDynamic.hpp:80: warning: Member StdArray1DType (typedef) of class np::ndarray::array_dynamic::NDArrayDynamic is not documented.
/home/mike/git/np/include/np/ndarray/dynamic/NDArrayDynamic.hpp:82: warning: Member StdArray2DType (typedef) of class np::ndarray::array_dynamic::NDArrayDynamic is not documented.
/home/mike/git/np/include/np/ndarray/dynamic/NDArrayDynamic.hpp:84: warning: Member StdArray3DType (typedef) of class np::ndarray::array_dynamic::NDArrayDynamic is not documented.
/home/mike/git/np/include/np/ndarray/dynamic/NDArrayDynamic.hpp:86: warning: Member StdArray4DType (typedef) of class np::ndarray::array_dynamic::NDArrayDynamic is not documented.
/home/mike/git/np/include/np/ndarray/dynamic/NDArrayDynamic.hpp:88: warning: Member StdVector1DType (typedef) of class np::ndarray::array_dynamic::NDArrayDynamic is not documented.
/home/mike/git/np/include/np/ndarray/dynamic/NDArrayDynamic.hpp:89: warning: Member StdVector2DType (typedef) of class np::ndarray::array_dynamic::NDArrayDynamic is not documented.
/home/mike/git/np/include/np/ndarray/dynamic/NDArrayDynamic.hpp:90: warning: Member StdVector3DType (typedef) of class np::ndarray::array_dynamic::NDArrayDynamic is not documented.
/home/mike/git/np/include/np/ndarray/dynamic/NDArrayDynamic.hpp:91: warning: Member StdVector4DType (typedef) of class np::ndarray::array_dynamic::NDArrayDynamic is not documented.
/home/mike/git/np/include/np/ndarray/internal/NDArrayShaped.hpp:68: warning: Member Base (typedef) of class np::ndarray::internal::NDArrayShaped is not documented.
/home/mike/git/np/include/np/ndarray/internal/NDArrayShaped.hpp:69: warning: Member BasePtrBool (typedef) of class np::ndarray::internal::NDArrayShaped is not documented.
/home/mike/git/np/include/np/ndarray/internal/NDArrayShaped.hpp:70: warning: Member BasePtr (typedef) of class np::ndarray::internal::NDArrayShaped is not documented.
/home/mike/git/np/include/np/ndarray/internal/NDArrayShaped.hpp:71: warning: Member BaseConstPtr (typedef) of class np::ndarray::internal::NDArrayShaped is not documented.
/home/mike/git/np/include/np/ndarray/internal/NDArrayShaped.hpp:96: warning: Member value_type (typedef) of class np::ndarray::internal::NDArrayShaped is not documented.
/home/mike/git/np/include/np/ndarray/internal/NDArrayBase.hpp:447: warning: Member IndexParentType (typedef) of class np::ndarray::internal::NDArrayBase is not documented.
/home/mike/git/np/include/np/ndarray/internal/NDArrayBase.hpp:448: warning: Member IndexParentConstType (typedef) of class np::ndarray::internal::NDArrayBase is not documented.
/home/mike/git/np/include/np/ndarray/dynamic/NDArrayDynamic.hpp:96: warning: Member NDArrayDynamic(const Shape &shape, const DType &value=DType()) (function) of class np::ndarray::array_dynamic::NDArrayDynamic is not documented.
/home/mike/git/np/include/np/ndarray/dynamic/NDArrayDynamic.hpp:98: warning: Member NDArrayDynamic(const NDArrayDynamic &another) noexcept=default (function) of class np::ndarray::array_dynamic::NDArrayDynamic is not documented.
/home/mike/git/np/include/np/ndarray/dynamic/NDArrayDynamic.hpp:100: warning: Member NDArrayDynamic(NDArrayDynamic &&another) noexcept=default (function) of class np::ndarray::array_dynamic::NDArrayDynamic is not documented.
/home/mike/git/np/include/np/ndarray/dynamic/NDArrayDynamic.hpp:103: warning: Member NDArrayDynamic(const CArray1DType< Size1T > &array) noexcept (function) of class np::ndarray::array_dynamic::NDArrayDynamic is not documented.
/home/mike/git/np/include/np/ndarray/dynamic/NDArrayDynamic.hpp:106: warning: Member NDArrayDynamic(const CArray1DType< Size1T > &array, bool isColumnVector) noexcept (function) of class np::ndarray::array_dynamic::NDArrayDynamic is not documented.
/home/mike/git/np/include/np/ndarray/dynamic/NDArrayDynamic.hpp:109: warning: Member NDArrayDynamic(const CArray2DType< Size1T, Size2T > &array) noexcept (function) of class np::ndarray::array_dynamic::NDArrayDynamic is not documented.
/home/mike/git/np/include/np/ndarray/dynamic/NDArrayDynamic.hpp:112: warning: Member NDArrayDynamic(const CArray3DType< Size1T, Size2T, Size3T > &array) noexcept (function) of class np::ndarray::array_dynamic::NDArrayDynamic is not documented.
/home/mike/git/np/include/np/ndarray/dynamic/NDArrayDynamic.hpp:115: warning: Member NDArrayDynamic(const CArray4DType< Size1T, Size2T, Size3T, Size4T > &array) noexcept (function) of class np::ndarray::array_dynamic::NDArrayDynamic is not documented.
/home/mike/git/np/include/np/ndarray/dynamic/NDArrayDynamic.hpp:118: warning: Member NDArrayDynamic(const StdArray1DType< Size1T > &array) noexcept (function) of class np::ndarray::array_dynamic::NDArrayDynamic is not documented.
/home/mike/git/np/include/np/ndarray/dynamic/NDArrayDynamic.hpp:121: warning: Member NDArrayDynamic(const StdArray1DType< Size1T > &array, bool isColumnVector) noexcept (function) of class np::ndarray::array_dynamic::NDArrayDynamic is not documented.
/home/mike/git/np/include/np/ndarray/dynamic/NDArrayDynamic.hpp:124: warning: Member NDArrayDynamic(const StdArray2DType< Size1T, Size2T > &array) noexcept (function) of class np::ndarray::array_dynamic::NDArrayDynamic is not documented.
/home/mike/git/np/include/np/ndarray/dynamic/NDArrayDynamic.hpp:127: warning: Member NDArrayDynamic(const StdArray3DType< Size1T, Size2T, Size3T > &array) noexcept (function) of class np::ndarray::array_dynamic::NDArrayDynamic is not documented.
/home/mike/git/np/include/np/ndarray/dynamic/NDArrayDynamic.hpp:130: warning: Member NDArrayDynamic(const StdArray4DType< Size1T, Size2T, Size3T, Size4T > &array) noexcept (function) of class np::ndarray::array_dynamic::NDArrayDynamic is not documented.
/home/mike/git/np/include/np/ndarray/dynamic/NDArrayDynamic.hpp:132: warning: Member NDArrayDynamic(const StdVector1DType &vector) noexcept (function) of class np::ndarray::array_dynamic::NDArrayDynamic is not documented.
/home/mike/git/np/include/np/ndarray/dynamic/NDArrayDynamic.hpp:134: warning: Member NDArrayDynamic(const StdVector1DType &vector, const Shape &shape) noexcept (function) of class np::ndarray::array_dynamic::NDArrayDynamic is not documented.
/home/mike/git/np/include/np/ndarray/dynamic/NDArrayDynamic.hpp:136: warning: Member NDArrayDynamic(DType *data, Size size) noexcept (function) of class np::ndarray::array_dynamic::NDArrayDynamic is not documented.
/home/mike/git/np/include/np/ndarray/dynamic/NDArrayDynamic.hpp:137: warning: Member NDArrayDynamic(DType *data, const Shape &shape) noexcept (function) of class np::ndarray::array_dynamic::NDArrayDynamic is not documented.
/home/mike/git/np/include/np/ndarray/dynamic/NDArrayDynamic.hpp:139: warning: Member NDArrayDynamic(const StdVector1DType &vector, bool isColumnVector) noexcept (function) of class np::ndarray::array_dynamic::NDArrayDynamic is not documented.
/home/mike/git/np/include/np/ndarray/dynamic/NDArrayDynamic.hpp:141: warning: Member NDArrayDynamic(const StdVector2DType &vector) noexcept (function) of class np::ndarray::array_dynamic::NDArrayDynamic is not documented.
/home/mike/git/np/include/np/ndarray/dynamic/NDArrayDynamic.hpp:143: warning: Member NDArrayDynamic(const StdVector3DType &vector) noexcept (function) of class np::ndarray::array_dynamic::NDArrayDynamic is not documented.
/home/mike/git/np/include/np/ndarray/dynamic/NDArrayDynamic.hpp:145: warning: Member NDArrayDynamic(const StdVector4DType &vector) noexcept (function) of class np::ndarray::array_dynamic::NDArrayDynamic is not documented.
/home/mike/git/np/include/np/ndarray/dynamic/NDArrayDynamic.hpp:147: warning: Member NDArrayDynamic(std::initializer_list< DType > init_list) noexcept (function) of class np::ndarray::array_dynamic::NDArrayDynamic is not documented.
/home/mike/git/np/include/np/ndarray/dynamic/NDArrayDynamic.hpp:151: warning: Member operator=(const DType &value) noexcept (function) of class np::ndarray::array_dynamic::NDArrayDynamic is not documented.
/home/mike/git/np/include/np/ndarray/dynamic/NDArrayDynamic.hpp:153: warning: Member operator=(const NDArrayDynamic &another) noexcept (function) of class np::ndarray::array_dynamic::NDArrayDynamic is not documented.
/home/mike/git/np/include/np/ndarray/dynamic/NDArrayDynamic.hpp:155: warning: Member operator=(NDArrayDynamic &&another) noexcept (function) of class np::ndarray::array_dynamic::NDArrayDynamic is not documented.
/home/mike/git/np/include/np/ndarray/dynamic/NDArrayDynamic.hpp:158: warning: Member operator=(CArray1DType< Size1T > array) noexcept (function) of class np::ndarray::array_dynamic::NDArrayDynamic is not documented.
/home/mike/git/np/include/np/ndarray/dynamic/NDArrayDynamic.hpp:161: warning: Member operator=(CArray2DType< Size1T, Size2T > array) noexcept (function) of class np::ndarray::array_dynamic::NDArrayDynamic is not documented.
/home/mike/git/np/include/np/ndarray/dynamic/NDArrayDynamic.hpp:164: warning: Member operator=(CArray3DType< Size1T, Size2T, Size3T > array) noexcept (function) of class np::ndarray::array_dynamic::NDArrayDynamic is not documented.
/home/mike/git/np/include/np/ndarray/dynamic/NDArrayDynamic.hpp:167: warning: Member operator=(CArray4DType< Size1T, Size2T, Size3T, Size4T > array) noexcept (function) of class np::ndarray::array_dynamic::NDArrayDynamic is not documented.
/home/mike/git/np/include/np/ndarray/dynamic/NDArrayDynamic.hpp:170: warning: Member operator=(const StdArray1DType< Size1T > &array) noexcept (function) of class np::ndarray::array_dynamic::NDArrayDynamic is not documented.
/home/mike/git/np/include/np/ndarray/dynamic/NDArrayDynamic.hpp:173: warning: Member operator=(const StdArray2DType< Size1T, Size2T > &array) noexcept (function) of class np::ndarray::array_dynamic::NDArrayDynamic is not documented.
/home/mike/git/np/include/np/ndarray/dynamic/NDArrayDynamic.hpp:176: warning: Member operator=(const StdArray3DType< Size1T, Size2T, Size3T > &array) noexcept (function) of class np::ndarray::array_dynamic::NDArrayDynamic is not documented.
/home/mike/git/np/include/np/ndarray/dynamic/NDArrayDynamic.hpp:180: warning: Member operator=(const StdArray4DType< Size1T, Size2T, Size3T, Size4T > &array) noexcept (function) of class np::ndarray::array_dynamic::NDArrayDynamic is not documented.
/home/mike/git/np/include/np/ndarray/dynamic/NDArrayDynamic.hpp:182: warning: Member operator=(const StdVector1DType &vector) noexcept (function) of class np::ndarray::array_dynamic::NDArrayDynamic is not documented.
/home/mike/git/np/include/np/ndarray/dynamic/NDArrayDynamic.hpp:184: warning: Member operator=(const StdVector2DType &vector) noexcept (function) of class np::ndarray::array_dynamic::NDArrayDynamic is not documented.
/home/mike/git/np/include/np/ndarray/dynamic/NDArrayDynamic.hpp:186: warning: Member operator=(const StdVector3DType &vector) noexcept (function) of class np::ndarray::array_dynamic::NDArrayDynamic is not documented.
/home/mike/git/np/include/np/ndarray/dynamic/NDArrayDynamic.hpp:188: warning: Member operator=(const StdVector4DType &vector) noexcept (function) of class np::ndarray::array_dynamic::NDArrayDynamic is not documented.
/home/mike/git/np/include/np/ndarray/dynamic/NDArrayDynamic.hpp:190: warning: Member operator!=(const DType &value) const (function) of class np::ndarray::array_dynamic::NDArrayDynamic is not documented.
/home/mike/git/np/include/np/ndarray/dynamic/NDArrayDynamic.hpp:192: warning: Member operator==(const NDArrayDynamic &array) const (function) of class np::ndarray::array_dynamic::NDArrayDynamic is not documented.
/home/mike/git/np/include/np/ndarray/dynamic/NDArrayDynamic.hpp:192: warning: Member operator<(const NDArrayDynamic &array) const (function) of class np::ndarray::array_dynamic::NDArrayDynamic is not documented.
/home/mike/git/np/include/np/ndarray/dynamic/NDArrayDynamic.hpp:194: warning: Member operator>(const NDArrayDynamic &array) const (function) of class np::ndarray::array_dynamic::NDArrayDynamic is not documented.
/home/mike/git/np/include/np/ndarray/dynamic/NDArrayDynamic.hpp:197: warning: Member eval() const (function) of class np::ndarray::array_dynamic::NDArrayDynamic is not documented.
/home/mike/git/np/include/np/ndarray/dynamic/NDArrayDynamic.hpp:206: warning: Member astype() (function) of class np::ndarray::array_dynamic::NDArrayDynamic is not documented.
/home/mike/git/np/include/np/ndarray/dynamic/NDArrayDynamicCreatorsImpl.hpp:202: warning: Member operator=(CArray1DType< Size1T > array) noexcept (function) of class np::ndarray::array_dynamic::NDArrayDynamic is not documented.
/home/mike/git/np/include/np/ndarray/dynamic/NDArrayDynamicCreatorsImpl.hpp:208: warning: Member operator=(CArray2DType< Size1T, Size2T > array) noexcept (function) of class np::ndarray::array_dynamic::NDArrayDynamic is not documented.
/home/mike/git/np/include/np/ndarray/dynamic/NDArrayDynamicCreatorsImpl.hpp:214: warning: Member operator=(CArray3DType< Size1T, Size2T, Size3T > array) noexcept (function) of class np::ndarray::array_dynamic::NDArrayDynamic is not documented.
/home/mike/git/np/include/np/ndarray/dynamic/NDArrayDynamicCreatorsImpl.hpp:220: warning: Member operator=(CArray4DType< Size1T, Size2T, Size3T, Size4T > array) noexcept (function) of class np::ndarray::array_dynamic::NDArrayDynamic is not documented.
/home/mike/git/np/include/np/ndarray/dynamic/NDArrayDynamicCreatorsImpl.hpp:226: warning: Member operator=(const StdArray1DType< Size1T > &array) noexcept (function) of class np::ndarray::array_dynamic::NDArrayDynamic is not documented.
/home/mike/git/np/include/np/ndarray/dynamic/NDArrayDynamicCreatorsImpl.hpp:233: warning: Member operator=(const StdArray2DType< Size1T, Size2T > &array) noexcept (function) of class np::ndarray::array_dynamic::NDArrayDynamic is not documented.
/home/mike/git/np/include/np/ndarray/dynamic/NDArrayDynamicCreatorsImpl.hpp:239: warning: Member operator=(const StdArray3DType< Size1T, Size2T, Size3T > &array) noexcept (function) of class np::ndarray::array_dynamic::NDArrayDynamic is not documented.
/home/mike/git/np/include/np/ndarray/dynamic/NDArrayDynamicCreatorsImpl.hpp:246: warning: Member operator=(const StdArray4DType< Size1T, Size2T, Size3T, Size4T > &array) noexcept (function) of class np::ndarray::array_dynamic::NDArrayDynamic is not documented.
/home/mike/git/np/include/np/ndarray/internal/NDArrayShaped.hpp:50: warning: Member NDArrayShaped(const NDArrayShaped &another)=default (function) of class np::ndarray::internal::NDArrayShaped is not documented.
/home/mike/git/np/include/np/ndarray/internal/NDArrayShaped.hpp:52: warning: Member NDArrayShaped(NDArrayShaped &&another) noexcept=default (function) of class np::ndarray::internal::NDArrayShaped is not documented.
/home/mike/git/np/include/np/ndarray/internal/NDArrayShaped.hpp:54: warning: Member NDArrayShaped(const std::vector< DType > &vector, Shape shape) (function) of class np::ndarray::internal::NDArrayShaped is not documented.
/home/mike/git/np/include/np/ndarray/internal/NDArrayShaped.hpp:56: warning: Member NDArrayShaped(DType *data, Shape shape) (function) of class np::ndarray::internal::NDArrayShaped is not documented.
/home/mike/git/np/include/np/ndarray/internal/NDArrayShaped.hpp:59: warning: Member NDArrayShaped(Shape shape, Args &&...args) (function) of class np::ndarray::internal::NDArrayShaped is not documented.
/home/mike/git/np/include/np/ndarray/internal/NDArrayShaped.hpp:62: warning: Member NDArrayShaped(bool isColumnVector, Args &&...args) (function) of class np::ndarray::internal::NDArrayShaped is not documented.
/home/mike/git/np/include/np/ndarray/internal/NDArrayShaped.hpp:64: warning: Member operator=(const NDArrayShaped &another) (function) of class np::ndarray::internal::NDArrayShaped is not documented.
/home/mike/git/np/include/np/ndarray/internal/NDArrayShaped.hpp:66: warning: Member operator=(NDArrayShaped &&another) noexcept (function) of class np::ndarray::internal::NDArrayShaped is not documented.
/home/mike/git/np/include/np/ndarray/internal/NDArrayShaped.hpp:74: warning: Member shape() const override (function) of class np::ndarray::internal::NDArrayShaped is not documented.
/home/mike/git/np/include/np/ndarray/internal/NDArrayShaped.hpp:75: warning: Member setShape(const Shape &shape) override (function) of class np::ndarray::internal::NDArrayShaped is not documented.
/home/mike/git/np/include/np/ndarray/internal/NDArrayShaped.hpp:77: warning: Member empty() const override (function) of class np::ndarray::internal::NDArrayShaped is not documented.
/home/mike/git/np/include/np/ndarray/internal/NDArrayShaped.hpp:82: warning: Member len() const override (function) of class np::ndarray::internal::NDArrayShaped is not documented.
/home/mike/git/np/include/np/ndarray/internal/NDArrayShaped.hpp:87: warning: Member ndim() const override (function) of class np::ndarray::internal::NDArrayShaped is not documented.
/home/mike/git/np/include/np/ndarray/internal/NDArrayShaped.hpp:92: warning: Member size() const override (function) of class np::ndarray::internal::NDArrayShaped is not documented.
/home/mike/git/np/include/np/ndarray/internal/NDArrayShaped.hpp:97: warning: Member push_back(const value_type &value) (function) of class np::ndarray::internal::NDArrayShaped is not documented.
/home/mike/git/np/include/np/ndarray/internal/NDArrayBase.hpp:71: warning: Member NDArrayBase(Args &&...args) (function) of class np::ndarray::internal::NDArrayBase is not documented.
/home/mike/git/np/include/np/ndarray/internal/NDArrayBase.hpp:73: warning: Member NDArrayBase(const NDArrayBase &another) (function) of class np::ndarray::internal::NDArrayBase is not documented.
/home/mike/git/np/include/np/ndarray/internal/NDArrayBase.hpp:75: warning: Member NDArrayBase(NDArrayBase &&another) noexcept (function) of class np::ndarray::internal::NDArrayBase is not documented.
/home/mike/git/np/include/np/ndarray/internal/NDArrayBase.hpp:80: warning: Member derived() const (function) of class np::ndarray::internal::NDArrayBase is not documented.
/home/mike/git/np/include/np/ndarray/internal/NDArrayBase.hpp:84: warning: Member derived() (function) of class np::ndarray::internal::NDArrayBase is not documented.
/home/mike/git/np/include/np/ndarray/internal/NDArrayBase.hpp:88: warning: Member operator=(const NDArrayBase &another) (function) of class np::ndarray::internal::NDArrayBase is not documented.
/home/mike/git/np/include/np/ndarray/internal/NDArrayBase.hpp:90: warning: Member operator=(NDArrayBase &&another) noexcept (function) of class np::ndarray::internal::NDArrayBase is not documented.
/home/mike/git/np/include/np/ndarray/internal/NDArrayBase.hpp:93: warning: Member save(const char *filename) (function) of class np::ndarray::internal::NDArrayBase is not documented.
/home/mike/git/np/include/np/ndarray/internal/NDArrayBase.hpp:95: warning: Member savez(const char *filename) (function) of class np::ndarray::internal::NDArrayBase is not documented.
/home/mike/git/np/include/np/ndarray/internal/NDArrayBase.hpp:97: warning: Member load(const char *filename) (function) of class np::ndarray::internal::NDArrayBase is not documented.
/home/mike/git/np/include/np/ndarray/internal/NDArrayBase.hpp:100: warning: Member loadtxt(const char *filename) (function) of class np::ndarray::internal::NDArrayBase is not documented.
/home/mike/git/np/include/np/ndarray/internal/NDArrayBase.hpp:102: warning: Member genfromtxt(const char *filename) (function) of class np::ndarray::internal::NDArrayBase is not documented.
/home/mike/git/np/include/np/ndarray/internal/NDArrayBase.hpp:104: warning: Member savetxt(const char *filename, const char *delimiter) (function) of class np::ndarray::internal::NDArrayBase is not documented.
/home/mike/git/np/include/np/ndarray/internal/NDArrayBase.hpp:129: warning: Member dtype() (function) of class np::ndarray::internal::NDArrayBase is not documented.
/home/mike/git/np/include/np/ndarray/internal/NDArrayBase.hpp:133: warning: Member addInplace(const NDArrayBase< DType2, Derived2, Storage2 > &array) (function) of class np::ndarray::internal::NDArrayBase is not documented.
/home/mike/git/np/include/np/ndarray/internal/NDArrayBase.hpp:136: warning: Member add(const DType2 &value) const (function) of class np::ndarray::internal::NDArrayBase is not documented.
/home/mike/git/np/include/np/ndarray/internal/NDArrayBase.hpp:139: warning: Member addInplace(const DType2 &value) (function) of class np::ndarray::internal::NDArrayBase is not documented.
/home/mike/git/np/include/np/ndarray/internal/NDArrayBase.hpp:142: warning: Member subtractInplace(const NDArrayBase< DType2, Derived2, Storage2 > &array) (function) of class np::ndarray::internal::NDArrayBase is not documented.
/home/mike/git/np/include/np/ndarray/internal/NDArrayBase.hpp:145: warning: Member subtract(const DType2 &value) const (function) of class np::ndarray::internal::NDArrayBase is not documented.
/home/mike/git/np/include/np/ndarray/internal/NDArrayBase.hpp:148: warning: Member subtractInplace(const DType2 &value) (function) of class np::ndarray::internal::NDArrayBase is not documented.
/home/mike/git/np/include/np/ndarray/internal/NDArrayBase.hpp:151: warning: Member subtractFrom(const DType2 &value) const (function) of class np::ndarray::internal::NDArrayBase is not documented.
/home/mike/git/np/include/np/ndarray/internal/NDArrayBase.hpp:154: warning: Member multiplyInplace(const NDArrayBase< DType2, Derived2, Storage2 > &array) (function) of class np::ndarray::internal::NDArrayBase is not documented.
/home/mike/git/np/include/np/ndarray/internal/NDArrayBase.hpp:157: warning: Member multiply(const DType2 &value) const (function) of class np::ndarray::internal::NDArrayBase is not documented.
/home/mike/git/np/include/np/ndarray/internal/NDArrayBase.hpp:160: warning: Member multiplyInplace(const DType2 &value) (function) of class np::ndarray::internal::NDArrayBase is not documented.
/home/mike/git/np/include/np/ndarray/internal/NDArrayBase.hpp:163: warning: Member divideInplace(const NDArrayBase< DType2, Derived2, Storage2 > &array) (function) of class np::ndarray::internal::NDArrayBase is not documented.
/home/mike/git/np/include/np/ndarray/internal/NDArrayBase.hpp:166: warning: Member divide(const DType2 &value) const (function) of class np::ndarray::internal::NDArrayBase is not documented.
/home/mike/git/np/include/np/ndarray/internal/NDArrayBase.hpp:169: warning: Member divideInplace(const DType2 &value) (function) of class np::ndarray::internal::NDArrayBase is not documented.
/home/mike/git/np/include/np/ndarray/internal/NDArrayBase.hpp:172: warning: Member divideFrom(const DType2 &value) const (function) of class np::ndarray::internal::NDArrayBase is not documented.
/home/mike/git/np/include/np/ndarray/internal/NDArrayBase.hpp:174: warning: Member exp() const (function) of class np::ndarray::internal::NDArrayBase is not documented.
/home/mike/git/np/include/np/ndarray/internal/NDArrayBase.hpp:176: warning: Member expInplace() (function) of class np::ndarray::internal::NDArrayBase is not documented.
/home/mike/git/np/include/np/ndarray/internal/NDArrayBase.hpp:178: warning: Member sqrt() const (function) of class np::ndarray::internal::NDArrayBase is not documented.
/home/mike/git/np/include/np/ndarray/internal/NDArrayBase.hpp:180: warning: Member sqrtInplace() (function) of class np::ndarray::internal::NDArrayBase is not documented.
/home/mike/git/np/include/np/ndarray/internal/NDArrayBase.hpp:182: warning: Member sin() const (function) of class np::ndarray::internal::NDArrayBase is not documented.
/home/mike/git/np/include/np/ndarray/internal/NDArrayBase.hpp:184: warning: Member sinInplace() (function) of class np::ndarray::internal::NDArrayBase is not documented.
/home/mike/git/np/include/np/ndarray/internal/NDArrayBase.hpp:186: warning: Member cos() const (function) of class np::ndarray::internal::NDArrayBase is not documented.
/home/mike/git/np/include/np/ndarray/internal/NDArrayBase.hpp:188: warning: Member cosInplace() (function) of class np::ndarray::internal::NDArrayBase is not documented.
/home/mike/git/np/include/np/ndarray/internal/NDArrayBase.hpp:190: warning: Member log() const (function) of class np::ndarray::internal::NDArrayBase is not documented.
/home/mike/git/np/include/np/ndarray/internal/NDArrayBase.hpp:192: warning: Member logInplace() (function) of class np::ndarray::internal::NDArrayBase is not documented.
/home/mike/git/np/include/np/ndarray/internal/NDArrayBase.hpp:194: warning: Member abs() const (function) of class np::ndarray::internal::NDArrayBase is not documented.
/home/mike/git/np/include/np/ndarray/internal/NDArrayBase.hpp:196: warning: Member absInplace() (function) of class np::ndarray::internal::NDArrayBase is not documented.
/home/mike/git/np/include/np/ndarray/internal/NDArrayBase.hpp:200: warning: Member dot(const NDArrayBase< DType2, Derived2, Storage2 > &array) const (function) of class np::ndarray::internal::NDArrayBase is not documented.
/home/mike/git/np/include/np/ndarray/internal/NDArrayBase.hpp:204: warning: Member operator==(const NDArrayBase< DType2, Derived2, Storage2 > &array) const (function) of class np::ndarray::internal::NDArrayBase is not documented.
/home/mike/git/np/include/np/ndarray/internal/NDArrayBase.hpp:207: warning: Member operator<(const NDArrayBase< DType2, Derived2, Storage2 > &array) const (function) of class np::ndarray::internal::NDArrayBase is not documented.
/home/mike/git/np/include/np/ndarray/internal/NDArrayBase.hpp:210: warning: Member operator>(const NDArrayBase< DType2, Derived2, Storage2 > &array) const (function) of class np::ndarray::internal::NDArrayBase is not documented.
/home/mike/git/np/include/np/ndarray/internal/NDArrayBase.hpp:213: warning: Member array_equal(const DType &element) const (function) of class np::ndarray::internal::NDArrayBase is not documented.
/home/mike/git/np/include/np/ndarray/internal/NDArrayBase.hpp:219: warning: Member array_equal(const NDArrayBase< DType2, Derived2, Storage2 > &array) const (function) of class np::ndarray::internal::NDArrayBase is not documented.
/home/mike/git/np/include/np/ndarray/internal/NDArrayBase.hpp:234: warning: Member average(const NDArrayBase< DType2, Derived2, Storage2 > &weights) const (function) of class np::ndarray::internal::NDArrayBase is not documented.
/home/mike/git/np/include/np/ndarray/internal/NDArrayBase.hpp:237: warning: Member sum() const (function) of class np::ndarray::internal::NDArrayBase is not documented.
/home/mike/git/np/include/np/ndarray/internal/NDArrayBase.hpp:240: warning: Member nansum() const (function) of class np::ndarray::internal::NDArrayBase is not documented.
/home/mike/git/np/include/np/ndarray/internal/NDArrayBase.hpp:243: warning: Member min() const (function) of class np::ndarray::internal::NDArrayBase is not documented.
/home/mike/git/np/include/np/ndarray/internal/NDArrayBase.hpp:246: warning: Member max() const (function) of class np::ndarray::internal::NDArrayBase is not documented.
/home/mike/git/np/include/np/ndarray/internal/NDArrayBase.hpp:249: warning: Member cumsum() const (function) of class np::ndarray::internal::NDArrayBase is not documented.
/home/mike/git/np/include/np/ndarray/internal/NDArrayBase.hpp:252: warning: Member nancumsum() const (function) of class np::ndarray::internal::NDArrayBase is not documented.
/home/mike/git/np/include/np/ndarray/internal/NDArrayBase.hpp:255: warning: Member mean() const (function) of class np::ndarray::internal::NDArrayBase is not documented.
/home/mike/git/np/include/np/ndarray/internal/NDArrayBase.hpp:258: warning: Member nanmean() const (function) of class np::ndarray::internal::NDArrayBase is not documented.
/home/mike/git/np/include/np/ndarray/internal/NDArrayBase.hpp:261: warning: Member median() const (function) of class np::ndarray::internal::NDArrayBase is not documented.
/home/mike/git/np/include/np/ndarray/internal/NDArrayBase.hpp:264: warning: Member nanmedian() const (function) of class np::ndarray::internal::NDArrayBase is not documented.
/home/mike/git/np/include/np/ndarray/internal/NDArrayBase.hpp:267: warning: Member cov() const (function) of class np::ndarray::internal::NDArrayBase is not documented.
/home/mike/git/np/include/np/ndarray/internal/NDArrayBase.hpp:270: warning: Member corrcoef() const (function) of class np::ndarray::internal::NDArrayBase is not documented.
/home/mike/git/np/include/np/ndarray/internal/NDArrayBase.hpp:273: warning: Member std_() const (function) of class np::ndarray::internal::NDArrayBase is not documented.
/home/mike/git/np/include/np/ndarray/internal/NDArrayBase.hpp:276: warning: Member nanstd() const (function) of class np::ndarray::internal::NDArrayBase is not documented.
/home/mike/git/np/include/np/ndarray/internal/NDArrayBase.hpp:279: warning: Member var() const (function) of class np::ndarray::internal::NDArrayBase is not documented.
/home/mike/git/np/include/np/ndarray/internal/NDArrayBase.hpp:282: warning: Member nanvar() const (function) of class np::ndarray::internal::NDArrayBase is not documented.
/home/mike/git/np/include/np/ndarray/internal/NDArrayBase.hpp:285: warning: Member view() const (function) of class np::ndarray::internal::NDArrayBase is not documented.
/home/mike/git/np/include/np/ndarray/internal/NDArrayBase.hpp:288: warning: Member copy() const (function) of class np::ndarray::internal::NDArrayBase is not documented.
/home/mike/git/np/include/np/ndarray/internal/NDArrayBase.hpp:291: warning: Member sort() (function) of class np::ndarray::internal::NDArrayBase is not documented.
/home/mike/git/np/include/np/ndarray/internal/NDArrayBase.hpp:297: warning: Member transpose() const (function) of class np::ndarray::internal::NDArrayBase is not documented.
/home/mike/git/np/include/np/ndarray/internal/NDArrayBase.hpp:300: warning: Member ravel() const (function) of class np::ndarray::internal::NDArrayBase is not documented.
/home/mike/git/np/include/np/ndarray/internal/NDArrayBase.hpp:303: warning: Member reshape(const Shape &shape) const (function) of class np::ndarray::internal::NDArrayBase is not documented.
/home/mike/git/np/include/np/ndarray/internal/NDArrayBase.hpp:307: warning: Member resize(const Shape &shape) const (function) of class np::ndarray::internal::NDArrayBase is not documented.
/home/mike/git/np/include/np/ndarray/internal/NDArrayBase.hpp:311: warning: Member append(const NDArrayBase< DType2, Derived2, Storage2 > &array) const (function) of class np::ndarray::internal::NDArrayBase is not documented.
/home/mike/git/np/include/np/ndarray/internal/NDArrayBase.hpp:315: warning: Member insert(Size index, const NDArrayBase< DType2, Derived2, Storage2 > &array) const (function) of class np::ndarray::internal::NDArrayBase is not documented.
/home/mike/git/np/include/np/ndarray/internal/NDArrayBase.hpp:318: warning: Member del(Size index) const (function) of class np::ndarray::internal::NDArrayBase is not documented.
/home/mike/git/np/include/np/ndarray/internal/NDArrayBase.hpp:322: warning: Member concatenate(const NDArrayBase< DType2, Derived2, Storage2 > &array, std::optional< size_t > axis=std::nullopt) const (function) of class np::ndarray::internal::NDArrayBase is not documented.
/home/mike/git/np/include/np/ndarray/internal/NDArrayBase.hpp:326: warning: Member vstack(const NDArrayBase< DType2, Derived2, Storage2 > &array) const (function) of class np::ndarray::internal::NDArrayBase is not documented.
/home/mike/git/np/include/np/ndarray/internal/NDArrayBase.hpp:330: warning: Member r_(const NDArrayBase< DType2, Derived2, Storage2 > &array) const (function) of class np::ndarray::internal::NDArrayBase is not documented.
/home/mike/git/np/include/np/ndarray/internal/NDArrayBase.hpp:334: warning: Member hstack(const NDArrayBase< DType2, Derived2, Storage2 > &array) const (function) of class np::ndarray::internal::NDArrayBase is not documented.
/home/mike/git/np/include/np/ndarray/internal/NDArrayBase.hpp:338: warning: Member c_(const NDArrayBase< DType2, Derived2, Storage2 > &array) const (function) of class np::ndarray::internal::NDArrayBase is not documented.
/home/mike/git/np/include/np/ndarray/internal/NDArrayBase.hpp:341: warning: Member hsplit(size_t sections) const (function) of class np::ndarray::internal::NDArrayBase is not documented.
/home/mike/git/np/include/np/ndarray/internal/NDArrayBase.hpp:344: warning: Member vsplit(size_t sections) const (function) of class np::ndarray::internal::NDArrayBase is not documented.
/home/mike/git/np/include/np/ndarray/internal/NDArrayBase.hpp:347: warning: Member expand_dims(Size axis) const (function) of class np::ndarray::internal::NDArrayBase is not documented.
/home/mike/git/np/include/np/ndarray/internal/NDArrayBase.hpp:349: warning: Member data() const (function) of class np::ndarray::internal::NDArrayBase is not documented.
/home/mike/git/np/include/np/ndarray/internal/NDArrayBase.hpp:361: warning: Member data() (function) of class np::ndarray::internal::NDArrayBase is not documented.
/home/mike/git/np/include/np/ndarray/internal/NDArrayBase.hpp:370: warning: Member get(Size i) const (function) of class np::ndarray::internal::NDArrayBase is not documented.
/home/mike/git/np/include/np/ndarray/internal/NDArrayBase.hpp:374: warning: Member get(Size i) (function) of class np::ndarray::internal::NDArrayBase is not documented.
/home/mike/git/np/include/np/ndarray/internal/NDArrayBase.hpp:378: warning: Member set(Size i, const DType &value) (function) of class np::ndarray::internal::NDArrayBase is not documented.
/home/mike/git/np/include/np/ndarray/internal/NDArrayBase.hpp:383: warning: Member at(Size row, Size column) const (function) of class np::ndarray::internal::NDArrayBase is not documented.
/home/mike/git/np/include/np/ndarray/internal/NDArrayBase.hpp:397: warning: Member at(Size row, Size column) (function) of class np::ndarray::internal::NDArrayBase is not documented.
/home/mike/git/np/include/np/ndarray/internal/NDArrayBase.hpp:410: warning: Member getStorage() (function) of class np::ndarray::internal::NDArrayBase is not documented.
/home/mike/git/np/include/np/ndarray/internal/NDArrayBase.hpp:414: warning: Member getStorage() const (function) of class np::ndarray::internal::NDArrayBase is not documented.
/home/mike/git/np/include/np/ndarray/internal/NDArrayBase.hpp:418: warning: Member index(Size i) const (function) of class np::ndarray::internal::NDArrayBase is not documented.
/home/mike/git/np/include/np/ndarray/internal/NDArrayBase.hpp:426: warning: Member begin() (function) of class np::ndarray::internal::NDArrayBase is not documented.
/home/mike/git/np/include/np/ndarray/internal/NDArrayBase.hpp:430: warning: Member end() (function) of class np::ndarray::internal::NDArrayBase is not documented.
/home/mike/git/np/include/np/ndarray/internal/NDArrayBase.hpp:434: warning: Member cbegin() const (function) of class np::ndarray::internal::NDArrayBase is not documented.
/home/mike/git/np/include/np/ndarray/internal/NDArrayBase.hpp:438: warning: Member cend() const (function) of class np::ndarray::internal::NDArrayBase is not documented.
/home/mike/git/np/include/np/ndarray/internal/NDArrayBase.hpp:442: warning: Member push(const DType &value) (function) of class np::ndarray::internal::NDArrayBase is not documented.
/home/mike/git/np/include/np/ndarray/internal/NDArrayBase.hpp:450: warning: Member operator[](SignedSize i) const (function) of class np::ndarray::internal::NDArrayBase is not documented.
/home/mike/git/np/include/np/ndarray/internal/NDArrayBase.hpp:451: warning: Member operator[](SignedSize i) (function) of class np::ndarray::internal::NDArrayBase is not documented.
/home/mike/git/np/include/np/ndarray/internal/NDArrayBase.hpp:461: warning: Member operator[](const std::string &cond) const (function) of class np::ndarray::internal::NDArrayBase is not documented.
/home/mike/git/np/include/np/ndarray/internal/NDArrayBase.hpp:462: warning: Member operator[](const std::string &cond) (function) of class np::ndarray::internal::NDArrayBase is not documented.
/home/mike/git/np/include/np/ndarray/internal/NDArrayBase.hpp:464: warning: Member operator DType() const (function) of class np::ndarray::internal::NDArrayBase is not documented.
/home/mike/git/np/include/np/ndarray/internal/NDArrayBase.hpp:470: warning: Member getMaxElementSize() const (function) of class np::ndarray::internal::NDArrayBase is not documented.
/home/mike/git/np/include/np/ndarray/internal/NDArrayBase.hpp:483: warning: Member dumpToStreamAsBinary(std::ostream &stream) (function) of class np::ndarray::internal::NDArrayBase is not documented.
/home/mike/git/np/include/np/ndarray/internal/NDArrayBase.hpp:489: warning: Member runHandlers(Size dimIndex, const std::string &dimCond) const (function) of class np::ndarray::internal::NDArrayBase is not documented.
/home/mike/git/np/include/np/ndarray/internal/NDArrayBase.hpp:490: warning: Member none(Size dimIndex, const std::string &dimCond) const (function) of class np::ndarray::internal::NDArrayBase is not documented.
/home/mike/git/np/include/np/ndarray/internal/NDArrayBase.hpp:491: warning: Member subsetting(Size dimIndex, const std::string &dimCond) const (function) of class np::ndarray::internal::NDArrayBase is not documented.
/home/mike/git/np/include/np/ndarray/internal/NDArrayBase.hpp:492: warning: Member slicing(Size dimIndex, const std::string &dimCond) const (function) of class np::ndarray::internal::NDArrayBase is not documented.
/home/mike/git/np/include/np/ndarray/internal/NDArrayBase.hpp:493: warning: Member booleanIndexing(Size dimIndex, const std::string &dimCond) const (function) of class np::ndarray::internal::NDArrayBase is not documented.
/home/mike/git/np/include/np/ndarray/internal/NDArrayBase.hpp:495: warning: Member save(std::ostream &stream) (function) of class np::ndarray::internal::NDArrayBase is not documented.
/home/mike/git/np/include/np/ndarray/internal/NDArrayBase.hpp:496: warning: Member load(std::istream &stream) (function) of class np::ndarray::internal::NDArrayBase is not documented.
/home/mike/git/np/include/np/ndarray/internal/NDArrayShaped.hpp:108: warning: Member m_shape (variable) of class np::ndarray::internal::NDArrayShaped is not documented.
/home/mike/git/np/include/np/ndarray/dynamic/NDArrayDynamic.hpp:219: warning: Member operator()(const NDArrayDynamic< DType > &array) const -> size_t (function) of struct np::ndarray::array_dynamic::NDArrayDynamicHasher is not documented.
/home/mike/git/np/include/np/ndarray/dynamic/internal/NDArrayDynamicStorage.hpp:52: warning: Member CArray1DType (typedef) of class np::ndarray::array_dynamic::internal::NDArrayDynamicStorage is not documented.
/home/mike/git/np/include/np/ndarray/dynamic/internal/NDArrayDynamicStorage.hpp:54: warning: Member CArray2DType (typedef) of class np::ndarray::array_dynamic::internal::NDArrayDynamicStorage is not documented.
/home/mike/git/np/include/np/ndarray/dynamic/internal/NDArrayDynamicStorage.hpp:56: warning: Member CArray3DType (typedef) of class np::ndarray::array_dynamic::internal::NDArrayDynamicStorage is not documented.
/home/mike/git/np/include/np/ndarray/dynamic/internal/NDArrayDynamicStorage.hpp:58: warning: Member CArray4DType (typedef) of class np::ndarray::array_dynamic::internal::NDArrayDynamicStorage is not documented.
/home/mike/git/np/include/np/ndarray/dynamic/internal/NDArrayDynamicStorage.hpp:61: warning: Member StdArray1DType (typedef) of class np::ndarray::array_dynamic::internal::NDArrayDynamicStorage is not documented.
/home/mike/git/np/include/np/ndarray/dynamic/internal/NDArrayDynamicStorage.hpp:63: warning: Member StdArray2DType (typedef) of class np::ndarray::array_dynamic::internal::NDArrayDynamicStorage is not documented.
/home/mike/git/np/include/np/ndarray/dynamic/internal/NDArrayDynamicStorage.hpp:65: warning: Member StdArray3DType (typedef) of class np::ndarray::array_dynamic::internal::NDArrayDynamicStorage is not documented.
/home/mike/git/np/include/np/ndarray/dynamic/internal/NDArrayDynamicStorage.hpp:67: warning: Member StdArray4DType (typedef) of class np::ndarray::array_dynamic::internal::NDArrayDynamicStorage is not documented.
/home/mike/git/np/include/np/ndarray/dynamic/internal/NDArrayDynamicStorage.hpp:69: warning: Member StdVector1DType (typedef) of class np::ndarray::array_dynamic::internal::NDArrayDynamicStorage is not documented.
/home/mike/git/np/include/np/ndarray/dynamic/internal/NDArrayDynamicStorage.hpp:70: warning: Member StdVector2DType (typedef) of class np::ndarray::array_dynamic::internal::NDArrayDynamicStorage is not documented.
/home/mike/git/np/include/np/ndarray/dynamic/internal/NDArrayDynamicStorage.hpp:71: warning: Member StdVector3DType (typedef) of class np::ndarray::array_dynamic::internal::NDArrayDynamicStorage is not documented.
/home/mike/git/np/include/np/ndarray/dynamic/internal/NDArrayDynamicStorage.hpp:72: warning: Member StdVector4DType (typedef) of class np::ndarray::array_dynamic::internal::NDArrayDynamicStorage is not documented.
/home/mike/git/np/include/np/ndarray/dynamic/internal/NDArrayDynamicStorage.hpp:79: warning: Member NDArrayDynamicStorage(const NDArrayDynamicStorage &storage) (function) of class np::ndarray::array_dynamic::internal::NDArrayDynamicStorage is not documented.
/home/mike/git/np/include/np/ndarray/dynamic/internal/NDArrayDynamicStorage.hpp:90: warning: Member NDArrayDynamicStorage(NDArrayDynamicStorage &&storage) noexcept (function) of class np::ndarray::array_dynamic::internal::NDArrayDynamicStorage is not documented.
/home/mike/git/np/include/np/ndarray/dynamic/internal/NDArrayDynamicStorage.hpp:97: warning: Member NDArrayDynamicStorage(Size size, const DType &value=DType{}) (function) of class np::ndarray::array_dynamic::internal::NDArrayDynamicStorage is not documented.
/home/mike/git/np/include/np/ndarray/dynamic/internal/NDArrayDynamicStorage.hpp:109: warning: Member NDArrayDynamicStorage(const std::vector< DType > &vector, Size size) noexcept (function) of class np::ndarray::array_dynamic::internal::NDArrayDynamicStorage is not documented.
/home/mike/git/np/include/np/ndarray/dynamic/internal/NDArrayDynamicStorage.hpp:116: warning: Member NDArrayDynamicStorage(DType *data, Size size) noexcept (function) of class np::ndarray::array_dynamic::internal::NDArrayDynamicStorage is not documented.
/home/mike/git/np/include/np/ndarray/dynamic/internal/NDArrayDynamicStorage.hpp:121: warning: Member NDArrayDynamicStorage(const CArray1DType< Size1T > &array) noexcept (function) of class np::ndarray::array_dynamic::internal::NDArrayDynamicStorage is not documented.
/home/mike/git/np/include/np/ndarray/dynamic/internal/NDArrayDynamicStorage.hpp:127: warning: Member NDArrayDynamicStorage(const CArray2DType< Size1T, Size2T > &array) noexcept (function) of class np::ndarray::array_dynamic::internal::NDArrayDynamicStorage is not documented.
/home/mike/git/np/include/np/ndarray/dynamic/internal/NDArrayDynamicStorage.hpp:137: warning: Member NDArrayDynamicStorage(const CArray3DType< Size1T, Size2T, Size3T > &array) noexcept (function) of class np::ndarray::array_dynamic::internal::NDArrayDynamicStorage is not documented.
/home/mike/git/np/include/np/ndarray/dynamic/internal/NDArrayDynamicStorage.hpp:149: warning: Member NDArrayDynamicStorage(const CArray4DType< Size1T, Size2T, Size3T, Size4T > &array) noexcept (function) of class np::ndarray::array_dynamic::internal::NDArrayDynamicStorage is not documented.
/home/mike/git/np/include/np/ndarray/dynamic/internal/NDArrayDynamicStorage.hpp:163: warning: Member NDArrayDynamicStorage(const StdArray1DType< Size1T > &array) noexcept (function) of class np::ndarray::array_dynamic::internal::NDArrayDynamicStorage is not documented.
/home/mike/git/np/include/np/ndarray/dynamic/internal/NDArrayDynamicStorage.hpp:169: warning: Member NDArrayDynamicStorage(const StdArray2DType< Size1T, Size2T > &array) noexcept (function) of class np::ndarray::array_dynamic::internal::NDArrayDynamicStorage is not documented.
/home/mike/git/np/include/np/ndarray/dynamic/internal/NDArrayDynamicStorage.hpp:179: warning: Member NDArrayDynamicStorage(const StdArray3DType< Size1T, Size2T, Size3T > &array) noexcept (function) of class np::ndarray::array_dynamic::internal::NDArrayDynamicStorage is not documented.
/home/mike/git/np/include/np/ndarray/dynamic/internal/NDArrayDynamicStorage.hpp:191: warning: Member NDArrayDynamicStorage(const StdArray4DType< Size1T, Size2T, Size3T, Size4T > &array) noexcept (function) of class np::ndarray::array_dynamic::internal::NDArrayDynamicStorage is not documented.
/home/mike/git/np/include/np/ndarray/dynamic/internal/NDArrayDynamicStorage.hpp:204: warning: Member NDArrayDynamicStorage(const StdVector1DType &vector) noexcept (function) of class np::ndarray::array_dynamic::internal::NDArrayDynamicStorage is not documented.
/home/mike/git/np/include/np/ndarray/dynamic/internal/NDArrayDynamicStorage.hpp:209: warning: Member NDArrayDynamicStorage(const StdVector2DType &vector) noexcept (function) of class np::ndarray::array_dynamic::internal::NDArrayDynamicStorage is not documented.
/home/mike/git/np/include/np/ndarray/dynamic/internal/NDArrayDynamicStorage.hpp:218: warning: Member NDArrayDynamicStorage(const StdVector3DType &vector) noexcept (function) of class np::ndarray::array_dynamic::internal::NDArrayDynamicStorage is not documented.
/home/mike/git/np/include/np/ndarray/dynamic/internal/NDArrayDynamicStorage.hpp:230: warning: Member NDArrayDynamicStorage(const StdVector4DType &vector) noexcept (function) of class np::ndarray::array_dynamic::internal::NDArrayDynamicStorage is not documented.
/home/mike/git/np/include/np/ndarray/dynamic/internal/NDArrayDynamicStorage.hpp:243: warning: Member NDArrayDynamicStorage(std::initializer_list< DType > init_list) noexcept (function) of class np::ndarray::array_dynamic::internal::NDArrayDynamicStorage is not documented.
/home/mike/git/np/include/np/ndarray/dynamic/internal/NDArrayDynamicStorage.hpp:252: warning: Member operator=(const NDArrayDynamicStorage &storage) (function) of class np::ndarray::array_dynamic::internal::NDArrayDynamicStorage is not documented.
/home/mike/git/np/include/np/ndarray/dynamic/internal/NDArrayDynamicStorage.hpp:263: warning: Member operator=(NDArrayDynamicStorage &&storage) noexcept (function) of class np::ndarray::array_dynamic::internal::NDArrayDynamicStorage is not documented.
/home/mike/git/np/include/np/ndarray/dynamic/internal/NDArrayDynamicStorage.hpp:275: warning: Member operator=(const DType &value) (function) of class np::ndarray::array_dynamic::internal::NDArrayDynamicStorage is not documented.
/home/mike/git/np/include/np/ndarray/dynamic/internal/NDArrayDynamicStorage.hpp:285: warning: Member operator=(CArray1DType< Size1T > array) (function) of class np::ndarray::array_dynamic::internal::NDArrayDynamicStorage is not documented.
/home/mike/git/np/include/np/ndarray/dynamic/internal/NDArrayDynamicStorage.hpp:295: warning: Member operator=(CArray2DType< Size1T, Size2T > array) (function) of class np::ndarray::array_dynamic::internal::NDArrayDynamicStorage is not documented.
/home/mike/git/np/include/np/ndarray/dynamic/internal/NDArrayDynamicStorage.hpp:309: warning: Member operator=(CArray3DType< Size1T, Size2T, Size3T > array) (function) of class np::ndarray::array_dynamic::internal::NDArrayDynamicStorage is not documented.
/home/mike/git/np/include/np/ndarray/dynamic/internal/NDArrayDynamicStorage.hpp:325: warning: Member operator=(CArray4DType< Size1T, Size2T, Size3T, Size4T > array) (function) of class np::ndarray::array_dynamic::internal::NDArrayDynamicStorage is not documented.
/home/mike/git/np/include/np/ndarray/dynamic/internal/NDArrayDynamicStorage.hpp:343: warning: Member operator=(const StdArray1DType< Size1T > &array) (function) of class np::ndarray::array_dynamic::internal::NDArrayDynamicStorage is not documented.
/home/mike/git/np/include/np/ndarray/dynamic/internal/NDArrayDynamicStorage.hpp:354: warning: Member operator=(const StdArray2DType< Size1T, Size2T > &array) (function) of class np::ndarray::array_dynamic::internal::NDArrayDynamicStorage is not documented.
/home/mike/git/np/include/np/ndarray/dynamic/internal/NDArrayDynamicStorage.hpp:368: warning: Member operator=(const StdArray3DType< Size1T, Size2T, Size3T > &array) (function) of class np::ndarray::array_dynamic::internal::NDArrayDynamicStorage is not documented.
/home/mike/git/np/include/np/ndarray/dynamic/internal/NDArrayDynamicStorage.hpp:385: warning: Member operator=(const StdArray4DType< Size1T, Size2T, Size3T, Size4T > &array) (function) of class np::ndarray::array_dynamic::internal::NDArrayDynamicStorage is not documented.
/home/mike/git/np/include/np/ndarray/dynamic/internal/NDArrayDynamicStorage.hpp:402: warning: Member operator=(const StdVector1DType &vector) (function) of class np::ndarray::array_dynamic::internal::NDArrayDynamicStorage is not documented.
/home/mike/git/np/include/np/ndarray/dynamic/internal/NDArrayDynamicStorage.hpp:410: warning: Member operator=(const StdVector2DType &vector) (function) of class np::ndarray::array_dynamic::internal::NDArrayDynamicStorage is not documented.
/home/mike/git/np/include/np/ndarray/dynamic/internal/NDArrayDynamicStorage.hpp:423: warning: Member operator=(const StdVector3DType &vector) (function) of class np::ndarray::array_dynamic::internal::NDArrayDynamicStorage is not documented.
/home/mike/git/np/include/np/ndarray/dynamic/internal/NDArrayDynamicStorage.hpp:438: warning: Member operator=(const StdVector4DType &vector) (function) of class np::ndarray::array_dynamic::internal::NDArrayDynamicStorage is not documented.
/home/mike/git/np/include/np/ndarray/dynamic/internal/NDArrayDynamicStorage.hpp:455: warning: Member get(Size i) const (function) of class np::ndarray::array_dynamic::internal::NDArrayDynamicStorage is not documented.
/home/mike/git/np/include/np/ndarray/dynamic/internal/NDArrayDynamicStorage.hpp:459: warning: Member get(Size i) (function) of class np::ndarray::array_dynamic::internal::NDArrayDynamicStorage is not documented.
/home/mike/git/np/include/np/ndarray/dynamic/internal/NDArrayDynamicStorage.hpp:463: warning: Member set(Size i, DType value) (function) of class np::ndarray::array_dynamic::internal::NDArrayDynamicStorage is not documented.
/home/mike/git/np/include/np/ndarray/dynamic/internal/NDArrayDynamicStorage.hpp:467: warning: Member size() const (function) of class np::ndarray::array_dynamic::internal::NDArrayDynamicStorage is not documented.
/home/mike/git/np/include/np/ndarray/dynamic/internal/NDArrayDynamicStorage.hpp:471: warning: Member operator==(const DType &value) const (function) of class np::ndarray::array_dynamic::internal::NDArrayDynamicStorage is not documented.
/home/mike/git/np/include/np/ndarray/dynamic/internal/NDArrayDynamicStorage.hpp:475: warning: Member operator!=(const DType &value) const (function) of class np::ndarray::array_dynamic::internal::NDArrayDynamicStorage is not documented.
/home/mike/git/np/include/np/ndarray/dynamic/internal/NDArrayDynamicStorage.hpp:479: warning: Member sort() (function) of class np::ndarray::array_dynamic::internal::NDArrayDynamicStorage is not documented.
/home/mike/git/np/include/np/ndarray/dynamic/internal/NDArrayDynamicStorage.hpp:581: warning: Member begin() (function) of class np::ndarray::array_dynamic::internal::NDArrayDynamicStorage is not documented.
/home/mike/git/np/include/np/ndarray/dynamic/internal/NDArrayDynamicStorage.hpp:585: warning: Member end() (function) of class np::ndarray::array_dynamic::internal::NDArrayDynamicStorage is not documented.
/home/mike/git/np/include/np/ndarray/dynamic/internal/NDArrayDynamicStorage.hpp:687: warning: Member cbegin() const (function) of class np::ndarray::array_dynamic::internal::NDArrayDynamicStorage is not documented.
/home/mike/git/np/include/np/ndarray/dynamic/internal/NDArrayDynamicStorage.hpp:691: warning: Member cend() const (function) of class np::ndarray::array_dynamic::internal::NDArrayDynamicStorage is not documented.
/home/mike/git/np/include/np/ndarray/dynamic/internal/NDArrayDynamicStorage.hpp:695: warning: Member index(Size i) const (function) of class np::ndarray::array_dynamic::internal::NDArrayDynamicStorage is not documented.
/home/mike/git/np/include/np/ndarray/dynamic/internal/NDArrayDynamicStorage.hpp:699: warning: Member shape() const (function) of class np::ndarray::array_dynamic::internal::NDArrayDynamicStorage is not documented.
/home/mike/git/np/include/np/ndarray/dynamic/internal/NDArrayDynamicStorage.hpp:703: warning: Member setShape(const Shape &) (function) of class np::ndarray::array_dynamic::internal::NDArrayDynamicStorage is not documented.
/home/mike/git/np/include/np/ndarray/dynamic/internal/NDArrayDynamicStorage.hpp:707: warning: Member push_back(const DType &value) (function) of class np::ndarray::array_dynamic::internal::NDArrayDynamicStorage is not documented.
/home/mike/git/np/include/np/ndarray/dynamic/internal/NDArrayDynamicStorage.hpp:718: warning: Member is_contiguous (variable) of class np::ndarray::array_dynamic::internal::NDArrayDynamicStorage is not documented.
/home/mike/git/np/include/np/ndarray/dynamic/internal/NDArrayDynamicStorage.hpp:719: warning: Member kDepth (variable) of class np::ndarray::array_dynamic::internal::NDArrayDynamicStorage is not documented.
/home/mike/git/np/include/np/ndarray/dynamic/internal/NDArrayDynamicStorage.hpp:591: warning: Member difference_type (typedef) of class np::ndarray::array_dynamic::internal::NDArrayDynamicStorage::const_iterator is not documented.
/home/mike/git/np/include/np/ndarray/dynamic/internal/NDArrayDynamicStorage.hpp:592: warning: Member value_type (typedef) of class np::ndarray::array_dynamic::internal::NDArrayDynamicStorage::const_iterator is not documented.
/home/mike/git/np/include/np/ndarray/dynamic/internal/NDArrayDynamicStorage.hpp:593: warning: Member pointer (typedef) of class np::ndarray::array_dynamic::internal::NDArrayDynamicStorage::const_iterator is not documented.
/home/mike/git/np/include/np/ndarray/dynamic/internal/NDArrayDynamicStorage.hpp:594: warning: Member reference (typedef) of class np::ndarray::array_dynamic::internal::NDArrayDynamicStorage::const_iterator is not documented.
/home/mike/git/np/include/np/ndarray/dynamic/internal/NDArrayDynamicStorage.hpp:595: warning: Member iterator_category (typedef) of class np::ndarray::array_dynamic::internal::NDArrayDynamicStorage::const_iterator is not documented.
/home/mike/git/np/include/np/ndarray/dynamic/internal/NDArrayDynamicStorage.hpp:597: warning: Member const_iterator(const NDArrayDynamicStorage *container_, Size offset_) (function) of class np::ndarray::array_dynamic::internal::NDArrayDynamicStorage::const_iterator is not documented.
/home/mike/git/np/include/np/ndarray/dynamic/internal/NDArrayDynamicStorage.hpp:601: warning: Member const_iterator(const const_iterator &it) (function) of class np::ndarray::array_dynamic::internal::NDArrayDynamicStorage::const_iterator is not documented.
/home/mike/git/np/include/np/ndarray/dynamic/internal/NDArrayDynamicStorage.hpp:605: warning: Member operator=(const const_iterator &it) (function) of class np::ndarray::array_dynamic::internal::NDArrayDynamicStorage::const_iterator is not documented.
/home/mike/git/np/include/np/ndarray/dynamic/internal/NDArrayDynamicStorage.hpp:613: warning: Member operator==(const const_iterator &it) const (function) of class np::ndarray::array_dynamic::internal::NDArrayDynamicStorage::const_iterator is not documented.
/home/mike/git/np/include/np/ndarray/dynamic/internal/NDArrayDynamicStorage.hpp:617: warning: Member operator!=(const const_iterator &it) const (function) of class np::ndarray::array_dynamic::internal::NDArrayDynamicStorage::const_iterator is not documented.
/home/mike/git/np/include/np/ndarray/dynamic/internal/NDArrayDynamicStorage.hpp:621: warning: Member operator>(const const_iterator &it) const (function) of class np::ndarray::array_dynamic::internal::NDArrayDynamicStorage::const_iterator is not documented.
/home/mike/git/np/include/np/ndarray/dynamic/internal/NDArrayDynamicStorage.hpp:626: warning: Member operator>=(const const_iterator &it) const (function) of class np::ndarray::array_dynamic::internal::NDArrayDynamicStorage::const_iterator is not documented.
/home/mike/git/np/include/np/ndarray/dynamic/internal/NDArrayDynamicStorage.hpp:631: warning: Member operator<(const const_iterator &it) const (function) of class np::ndarray::array_dynamic::internal::NDArrayDynamicStorage::const_iterator is not documented.
/home/mike/git/np/include/np/ndarray/dynamic/internal/NDArrayDynamicStorage.hpp:636: warning: Member operator<=(const const_iterator &it) const (function) of class np::ndarray::array_dynamic::internal::NDArrayDynamicStorage::const_iterator is not documented.
/home/mike/git/np/include/np/ndarray/dynamic/internal/NDArrayDynamicStorage.hpp:641: warning: Member operator++() (function) of class np::ndarray::array_dynamic::internal::NDArrayDynamicStorage::const_iterator is not documented.
/home/mike/git/np/include/np/ndarray/dynamic/internal/NDArrayDynamicStorage.hpp:645: warning: Member operator++(int) (function) of class np::ndarray::array_dynamic::internal::NDArrayDynamicStorage::const_iterator is not documented.
/home/mike/git/np/include/np/ndarray/dynamic/internal/NDArrayDynamicStorage.hpp:649: warning: Member operator--() (function) of class np::ndarray::array_dynamic::internal::NDArrayDynamicStorage::const_iterator is not documented.
/home/mike/git/np/include/np/ndarray/dynamic/internal/NDArrayDynamicStorage.hpp:653: warning: Member operator--(int) (function) of class np::ndarray::array_dynamic::internal::NDArrayDynamicStorage::const_iterator is not documented.
/home/mike/git/np/include/np/ndarray/dynamic/internal/NDArrayDynamicStorage.hpp:657: warning: Member operator-(difference_type diff) (function) of class np::ndarray::array_dynamic::internal::NDArrayDynamicStorage::const_iterator is not documented.
/home/mike/git/np/include/np/ndarray/dynamic/internal/NDArrayDynamicStorage.hpp:661: warning: Member operator+(difference_type diff) (function) of class np::ndarray::array_dynamic::internal::NDArrayDynamicStorage::const_iterator is not documented.
/home/mike/git/np/include/np/ndarray/dynamic/internal/NDArrayDynamicStorage.hpp:665: warning: Member operator+=(difference_type diff) (function) of class np::ndarray::array_dynamic::internal::NDArrayDynamicStorage::const_iterator is not documented.
/home/mike/git/np/include/np/ndarray/dynamic/internal/NDArrayDynamicStorage.hpp:669: warning: Member operator-=(difference_type diff) (function) of class np::ndarray::array_dynamic::internal::NDArrayDynamicStorage::const_iterator is not documented.
/home/mike/git/np/include/np/ndarray/dynamic/internal/NDArrayDynamicStorage.hpp:673: warning: Member operator-(const const_iterator &it) const (function) of class np::ndarray::array_dynamic::internal::NDArrayDynamicStorage::const_iterator is not documented.
/home/mike/git/np/include/np/ndarray/dynamic/internal/NDArrayDynamicStorage.hpp:678: warning: Member operator*() const (function) of class np::ndarray::array_dynamic::internal::NDArrayDynamicStorage::const_iterator is not documented.
/home/mike/git/np/include/np/ndarray/dynamic/internal/NDArrayDynamicStorage.hpp:485: warning: Member difference_type (typedef) of class np::ndarray::array_dynamic::internal::NDArrayDynamicStorage::iterator is not documented.
/home/mike/git/np/include/np/ndarray/dynamic/internal/NDArrayDynamicStorage.hpp:486: warning: Member value_type (typedef) of class np::ndarray::array_dynamic::internal::NDArrayDynamicStorage::iterator is not documented.
/home/mike/git/np/include/np/ndarray/dynamic/internal/NDArrayDynamicStorage.hpp:487: warning: Member pointer (typedef) of class np::ndarray::array_dynamic::internal::NDArrayDynamicStorage::iterator is not documented.
/home/mike/git/np/include/np/ndarray/dynamic/internal/NDArrayDynamicStorage.hpp:488: warning: Member reference (typedef) of class np::ndarray::array_dynamic::internal::NDArrayDynamicStorage::iterator is not documented.
/home/mike/git/np/include/np/ndarray/dynamic/internal/NDArrayDynamicStorage.hpp:489: warning: Member iterator_category (typedef) of class np::ndarray::array_dynamic::internal::NDArrayDynamicStorage::iterator is not documented.
/home/mike/git/np/include/np/ndarray/dynamic/internal/NDArrayDynamicStorage.hpp:491: warning: Member iterator(NDArrayDynamicStorage *container_, Size offset_) (function) of class np::ndarray::array_dynamic::internal::NDArrayDynamicStorage::iterator is not documented.
/home/mike/git/np/include/np/ndarray/dynamic/internal/NDArrayDynamicStorage.hpp:495: warning: Member iterator(const iterator &it) (function) of class np::ndarray::array_dynamic::internal::NDArrayDynamicStorage::iterator is not documented.
/home/mike/git/np/include/np/ndarray/dynamic/internal/NDArrayDynamicStorage.hpp:499: warning: Member operator=(const iterator &it) (function) of class np::ndarray::array_dynamic::internal::NDArrayDynamicStorage::iterator is not documented.
/home/mike/git/np/include/np/ndarray/dynamic/internal/NDArrayDynamicStorage.hpp:507: warning: Member operator==(const iterator &it) const (function) of class np::ndarray::array_dynamic::internal::NDArrayDynamicStorage::iterator is not documented.
/home/mike/git/np/include/np/ndarray/dynamic/internal/NDArrayDynamicStorage.hpp:511: warning: Member operator!=(const iterator &it) const (function) of class np::ndarray::array_dynamic::internal::NDArrayDynamicStorage::iterator is not documented.
/home/mike/git/np/include/np/ndarray/dynamic/internal/NDArrayDynamicStorage.hpp:515: warning: Member operator>(const iterator &it) const (function) of class np::ndarray::array_dynamic::internal::NDArrayDynamicStorage::iterator is not documented.
/home/mike/git/np/include/np/ndarray/dynamic/internal/NDArrayDynamicStorage.hpp:520: warning: Member operator>=(const iterator &it) const (function) of class np::ndarray::array_dynamic::internal::NDArrayDynamicStorage::iterator is not documented.
/home/mike/git/np/include/np/ndarray/dynamic/internal/NDArrayDynamicStorage.hpp:525: warning: Member operator<(const iterator &it) const (function) of class np::ndarray::array_dynamic::internal::NDArrayDynamicStorage::iterator is not documented.
/home/mike/git/np/include/np/ndarray/dynamic/internal/NDArrayDynamicStorage.hpp:530: warning: Member operator<=(const iterator &it) const (function) of class np::ndarray::array_dynamic::internal::NDArrayDynamicStorage::iterator is not documented.
/home/mike/git/np/include/np/ndarray/dynamic/internal/NDArrayDynamicStorage.hpp:535: warning: Member operator++() (function) of class np::ndarray::array_dynamic::internal::NDArrayDynamicStorage::iterator is not documented.
/home/mike/git/np/include/np/ndarray/dynamic/internal/NDArrayDynamicStorage.hpp:539: warning: Member operator++(int) (function) of class np::ndarray::array_dynamic::internal::NDArrayDynamicStorage::iterator is not documented.
/home/mike/git/np/include/np/ndarray/dynamic/internal/NDArrayDynamicStorage.hpp:543: warning: Member operator--() (function) of class np::ndarray::array_dynamic::internal::NDArrayDynamicStorage::iterator is not documented.
/home/mike/git/np/include/np/ndarray/dynamic/internal/NDArrayDynamicStorage.hpp:547: warning: Member operator--(int) (function) of class np::ndarray::array_dynamic::internal::NDArrayDynamicStorage::iterator is not documented.
/home/mike/git/np/include/np/ndarray/dynamic/internal/NDArrayDynamicStorage.hpp:551: warning: Member operator-(difference_type diff) (function) of class np::ndarray::array_dynamic::internal::NDArrayDynamicStorage::iterator is not documented.
/home/mike/git/np/include/np/ndarray/dynamic/internal/NDArrayDynamicStorage.hpp:555: warning: Member operator+(difference_type diff) (function) of class np::ndarray::array_dynamic::internal::NDArrayDynamicStorage::iterator is not documented.
/home/mike/git/np/include/np/ndarray/dynamic/internal/NDArrayDynamicStorage.hpp:559: warning: Member operator+=(difference_type diff) (function) of class np::ndarray::array_dynamic::internal::NDArrayDynamicStorage::iterator is not documented.
/home/mike/git/np/include/np/ndarray/dynamic/internal/NDArrayDynamicStorage.hpp:563: warning: Member operator-=(difference_type diff) (function) of class np::ndarray::array_dynamic::internal::NDArrayDynamicStorage::iterator is not documented.
/home/mike/git/np/include/np/ndarray/dynamic/internal/NDArrayDynamicStorage.hpp:567: warning: Member operator-(const iterator &it) const (function) of class np::ndarray::array_dynamic::internal::NDArrayDynamicStorage::iterator is not documented.
/home/mike/git/np/include/np/ndarray/dynamic/internal/NDArrayDynamicStorage.hpp:572: warning: Member operator*() const (function) of class np::ndarray::array_dynamic::internal::NDArrayDynamicStorage::iterator is not documented.
/home/mike/git/np/include/np/ndarray/dynamic/internal/NDArrayDynamicStorageStreamIoImpl.hpp:40: warning: Member SquareBracketsInserter(Stream &stream) noexcept (function) of class np::ndarray::array_dynamic::internal::SquareBracketsInserter is not documented.
/home/mike/git/np/include/np/ndarray/static/NDArrayStatic.hpp:72: warning: Member CArray1DType (typedef) of class np::ndarray::array_static::NDArrayStatic is not documented.
/home/mike/git/np/include/np/ndarray/static/NDArrayStatic.hpp:74: warning: Member CArray2DType (typedef) of class np::ndarray::array_static::NDArrayStatic is not documented.
/home/mike/git/np/include/np/ndarray/static/NDArrayStatic.hpp:76: warning: Member CArray3DType (typedef) of class np::ndarray::array_static::NDArrayStatic is not documented.
/home/mike/git/np/include/np/ndarray/static/NDArrayStatic.hpp:78: warning: Member CArray4DType (typedef) of class np::ndarray::array_static::NDArrayStatic is not documented.
/home/mike/git/np/include/np/ndarray/static/NDArrayStatic.hpp:81: warning: Member StdArray1DType (typedef) of class np::ndarray::array_static::NDArrayStatic is not documented.
/home/mike/git/np/include/np/ndarray/static/NDArrayStatic.hpp:83: warning: Member StdArray2DType (typedef) of class np::ndarray::array_static::NDArrayStatic is not documented.
/home/mike/git/np/include/np/ndarray/static/NDArrayStatic.hpp:85: warning: Member StdArray3DType (typedef) of class np::ndarray::array_static::NDArrayStatic is not documented.
/home/mike/git/np/include/np/ndarray/static/NDArrayStatic.hpp:87: warning: Member StdArray4DType (typedef) of class np::ndarray::array_static::NDArrayStatic is not documented.
/home/mike/git/np/include/np/ndarray/static/NDArrayStatic.hpp:89: warning: Member StdVector1DType (typedef) of class np::ndarray::array_static::NDArrayStatic is not documented.
/home/mike/git/np/include/np/ndarray/static/NDArrayStatic.hpp:90: warning: Member StdVector2DType (typedef) of class np::ndarray::array_static::NDArrayStatic is not documented.
/home/mike/git/np/include/np/ndarray/static/NDArrayStatic.hpp:91: warning: Member StdVector3DType (typedef) of class np::ndarray::array_static::NDArrayStatic is not documented.
/home/mike/git/np/include/np/ndarray/static/NDArrayStatic.hpp:92: warning: Member StdVector4DType (typedef) of class np::ndarray::array_static::NDArrayStatic is not documented.
/home/mike/git/np/include/np/ndarray/internal/NDArrayShaped.hpp:68: warning: Member Base (typedef) of class np::ndarray::internal::NDArrayShaped is not documented.
/home/mike/git/np/include/np/ndarray/internal/NDArrayShaped.hpp:69: warning: Member BasePtrBool (typedef) of class np::ndarray::internal::NDArrayShaped is not documented.
/home/mike/git/np/include/np/ndarray/internal/NDArrayShaped.hpp:70: warning: Member BasePtr (typedef) of class np::ndarray::internal::NDArrayShaped is not documented.
/home/mike/git/np/include/np/ndarray/internal/NDArrayShaped.hpp:71: warning: Member BaseConstPtr (typedef) of class np::ndarray::internal::NDArrayShaped is not documented.
/home/mike/git/np/include/np/ndarray/internal/NDArrayShaped.hpp:96: warning: Member value_type (typedef) of class np::ndarray::internal::NDArrayShaped is not documented.
/home/mike/git/np/include/np/ndarray/internal/NDArrayBase.hpp:447: warning: Member IndexParentType (typedef) of class np::ndarray::internal::NDArrayBase is not documented.
/home/mike/git/np/include/np/ndarray/internal/NDArrayBase.hpp:448: warning: Member IndexParentConstType (typedef) of class np::ndarray::internal::NDArrayBase is not documented.
/home/mike/git/np/include/np/ndarray/static/NDArrayStatic.hpp:97: warning: Member NDArrayStatic(const DType &value) noexcept (function) of class np::ndarray::array_static::NDArrayStatic is not documented.
/home/mike/git/np/include/np/ndarray/static/NDArrayStatic.hpp:99: warning: Member NDArrayStatic(Shape shape) noexcept (function) of class np::ndarray::array_static::NDArrayStatic is not documented.
/home/mike/git/np/include/np/ndarray/static/NDArrayStatic.hpp:101: warning: Member NDArrayStatic(Shape shape, const DType &value) noexcept (function) of class np::ndarray::array_static::NDArrayStatic is not documented.
/home/mike/git/np/include/np/ndarray/static/NDArrayStatic.hpp:103: warning: Member NDArrayStatic(const NDArrayStatic &another) noexcept (function) of class np::ndarray::array_static::NDArrayStatic is not documented.
/home/mike/git/np/include/np/ndarray/static/NDArrayStatic.hpp:105: warning: Member NDArrayStatic(NDArrayStatic &&another) noexcept (function) of class np::ndarray::array_static::NDArrayStatic is not documented.
/home/mike/git/np/include/np/ndarray/static/NDArrayStatic.hpp:108: warning: Member NDArrayStatic(const CArray1DType< Size1T > &array) noexcept (function) of class np::ndarray::array_static::NDArrayStatic is not documented.
/home/mike/git/np/include/np/ndarray/static/NDArrayStatic.hpp:111: warning: Member NDArrayStatic(const CArray1DType< Size1T > &array, bool isColumnVector) noexcept (function) of class np::ndarray::array_static::NDArrayStatic is not documented.
/home/mike/git/np/include/np/ndarray/static/NDArrayStatic.hpp:114: warning: Member NDArrayStatic(const CArray2DType< Size1T, Size2T > &array) noexcept (function) of class np::ndarray::array_static::NDArrayStatic is not documented.
/home/mike/git/np/include/np/ndarray/static/NDArrayStatic.hpp:117: warning: Member NDArrayStatic(const CArray3DType< Size1T, Size2T, Size3T > &array) noexcept (function) of class np::ndarray::array_static::NDArrayStatic is not documented.
/home/mike/git/np/include/np/ndarray/static/NDArrayStatic.hpp:120: warning: Member NDArrayStatic(const CArray4DType< Size1T, Size2T, Size3T, Size4T > &array) noexcept (function) of class np::ndarray::array_static::NDArrayStatic is not documented.
/home/mike/git/np/include/np/ndarray/static/NDArrayStatic.hpp:123: warning: Member NDArrayStatic(const StdArray1DType< Size1T > &array) noexcept (function) of class np::ndarray::array_static::NDArrayStatic is not documented.
/home/mike/git/np/include/np/ndarray/static/NDArrayStatic.hpp:126: warning: Member NDArrayStatic(const StdArray1DType< Size1T > &array, bool isColumnVector) noexcept (function) of class np::ndarray::array_static::NDArrayStatic is not documented.
/home/mike/git/np/include/np/ndarray/static/NDArrayStatic.hpp:129: warning: Member NDArrayStatic(const StdArray2DType< Size1T, Size2T > &array) noexcept (function) of class np::ndarray::array_static::NDArrayStatic is not documented.
/home/mike/git/np/include/np/ndarray/static/NDArrayStatic.hpp:132: warning: Member NDArrayStatic(const StdArray3DType< Size1T, Size2T, Size3T > &array) noexcept (function) of class np::ndarray::array_static::NDArrayStatic is not documented.
/home/mike/git/np/include/np/ndarray/static/NDArrayStatic.hpp:135: warning: Member NDArrayStatic(const StdArray4DType< Size1T, Size2T, Size3T, Size4T > &array) noexcept (function) of class np::ndarray::array_static::NDArrayStatic is not documented.
/home/mike/git/np/include/np/ndarray/static/NDArrayStatic.hpp:137: warning: Member NDArrayStatic(const StdVector1DType &vector) noexcept (function) of class np::ndarray::array_static::NDArrayStatic is not documented.
/home/mike/git/np/include/np/ndarray/static/NDArrayStatic.hpp:139: warning: Member NDArrayStatic(const StdVector1DType &vector, const Shape &shape) noexcept (function) of class np::ndarray::array_static::NDArrayStatic is not documented.
/home/mike/git/np/include/np/ndarray/static/NDArrayStatic.hpp:141: warning: Member NDArrayStatic(const StdVector1DType &vector, bool isColumnVector) noexcept (function) of class np::ndarray::array_static::NDArrayStatic is not documented.
/home/mike/git/np/include/np/ndarray/static/NDArrayStatic.hpp:143: warning: Member NDArrayStatic(const StdVector2DType &vector) noexcept (function) of class np::ndarray::array_static::NDArrayStatic is not documented.
/home/mike/git/np/include/np/ndarray/static/NDArrayStatic.hpp:145: warning: Member NDArrayStatic(const StdVector3DType &vector) noexcept (function) of class np::ndarray::array_static::NDArrayStatic is not documented.
/home/mike/git/np/include/np/ndarray/static/NDArrayStatic.hpp:147: warning: Member NDArrayStatic(const StdVector4DType &vector) noexcept (function) of class np::ndarray::array_static::NDArrayStatic is not documented.
/home/mike/git/np/include/np/ndarray/static/NDArrayStatic.hpp:149: warning: Member NDArrayStatic(std::initializer_list< DType > init_list) noexcept (function) of class np::ndarray::array_static::NDArrayStatic is not documented.
/home/mike/git/np/include/np/ndarray/static/NDArrayStatic.hpp:153: warning: Member operator=(const DType &value) noexcept (function) of class np::ndarray::array_static::NDArrayStatic is not documented.
/home/mike/git/np/include/np/ndarray/static/NDArrayStatic.hpp:155: warning: Member operator=(const NDArrayStatic &another) noexcept (function) of class np::ndarray::array_static::NDArrayStatic is not documented.
/home/mike/git/np/include/np/ndarray/static/NDArrayStatic.hpp:157: warning: Member operator=(NDArrayStatic &&another) noexcept (function) of class np::ndarray::array_static::NDArrayStatic is not documented.
/home/mike/git/np/include/np/ndarray/static/NDArrayStatic.hpp:160: warning: Member operator=(CArray1DType< Size1T > array) noexcept (function) of class np::ndarray::array_static::NDArrayStatic is not documented.
/home/mike/git/np/include/np/ndarray/static/NDArrayStatic.hpp:163: warning: Member operator=(CArray2DType< Size1T, Size2T > array) noexcept (function) of class np::ndarray::array_static::NDArrayStatic is not documented.
/home/mike/git/np/include/np/ndarray/static/NDArrayStatic.hpp:166: warning: Member operator=(CArray3DType< Size1T, Size2T, Size3T > array) noexcept (function) of class np::ndarray::array_static::NDArrayStatic is not documented.
/home/mike/git/np/include/np/ndarray/static/NDArrayStatic.hpp:169: warning: Member operator=(CArray4DType< Size1T, Size2T, Size3T, Size4T > array) noexcept (function) of class np::ndarray::array_static::NDArrayStatic is not documented.
/home/mike/git/np/include/np/ndarray/static/NDArrayStatic.hpp:172: warning: Member operator=(const StdArray1DType< Size1T > &array) noexcept (function) of class np::ndarray::array_static::NDArrayStatic is not documented.
/home/mike/git/np/include/np/ndarray/static/NDArrayStatic.hpp:175: warning: Member operator=(const StdArray2DType< Size1T, Size2T > &array) noexcept (function) of class np::ndarray::array_static::NDArrayStatic is not documented.
/home/mike/git/np/include/np/ndarray/static/NDArrayStatic.hpp:178: warning: Member operator=(const StdArray3DType< Size1T, Size2T, Size3T > &array) noexcept (function) of class np::ndarray::array_static::NDArrayStatic is not documented.
/home/mike/git/np/include/np/ndarray/static/NDArrayStatic.hpp:182: warning: Member operator=(const StdArray4DType< Size1T, Size2T, Size3T, Size4T > &array) noexcept (function) of class np::ndarray::array_static::NDArrayStatic is not documented.
/home/mike/git/np/include/np/ndarray/static/NDArrayStatic.hpp:184: warning: Member operator=(const StdVector1DType &vector) noexcept (function) of class np::ndarray::array_static::NDArrayStatic is not documented.
/home/mike/git/np/include/np/ndarray/static/NDArrayStatic.hpp:186: warning: Member operator=(const StdVector2DType &vector) noexcept (function) of class np::ndarray::array_static::NDArrayStatic is not documented.
/home/mike/git/np/include/np/ndarray/static/NDArrayStatic.hpp:188: warning: Member operator=(const StdVector3DType &vector) noexcept (function) of class np::ndarray::array_static::NDArrayStatic is not documented.
/home/mike/git/np/include/np/ndarray/static/NDArrayStatic.hpp:190: warning: Member operator=(const StdVector4DType &vector) noexcept (function) of class np::ndarray::array_static::NDArrayStatic is not documented.
/home/mike/git/np/include/np/ndarray/static/NDArrayStatic.hpp:192: warning: Member operator==(const NDArrayStatic &array) const (function) of class np::ndarray::array_static::NDArrayStatic is not documented.
/home/mike/git/np/include/np/ndarray/static/NDArrayStatic.hpp:192: warning: Member operator<(const NDArrayStatic &array) const (function) of class np::ndarray::array_static::NDArrayStatic is not documented.
/home/mike/git/np/include/np/ndarray/static/NDArrayStatic.hpp:194: warning: Member operator>(const NDArrayStatic &array) const (function) of class np::ndarray::array_static::NDArrayStatic is not documented.
/home/mike/git/np/include/np/ndarray/static/NDArrayStaticCreatorsImpl.hpp:210: warning: Member operator=(CArray1DType< Size1T > array) noexcept (function) of class np::ndarray::array_static::NDArrayStatic is not documented.
/home/mike/git/np/include/np/ndarray/static/NDArrayStaticCreatorsImpl.hpp:218: warning: Member operator=(CArray2DType< Size1T, Size2T > array) noexcept (function) of class np::ndarray::array_static::NDArrayStatic is not documented.
/home/mike/git/np/include/np/ndarray/static/NDArrayStaticCreatorsImpl.hpp:226: warning: Member operator=(CArray3DType< Size1T, Size2T, Size3T > array) noexcept (function) of class np::ndarray::array_static::NDArrayStatic is not documented.
/home/mike/git/np/include/np/ndarray/static/NDArrayStaticCreatorsImpl.hpp:234: warning: Member operator=(CArray4DType< Size1T, Size2T, Size3T, Size4T > array) noexcept (function) of class np::ndarray::array_static::NDArrayStatic is not documented.
/home/mike/git/np/include/np/ndarray/static/NDArrayStaticCreatorsImpl.hpp:242: warning: Member operator=(const StdArray1DType< Size1T > &array) noexcept (function) of class np::ndarray::array_static::NDArrayStatic is not documented.
/home/mike/git/np/include/np/ndarray/static/NDArrayStaticCreatorsImpl.hpp:250: warning: Member operator=(const StdArray2DType< Size1T, Size2T > &array) noexcept (function) of class np::ndarray::array_static::NDArrayStatic is not documented.
/home/mike/git/np/include/np/ndarray/static/NDArrayStaticCreatorsImpl.hpp:258: warning: Member operator=(const StdArray3DType< Size1T, Size2T, Size3T > &array) noexcept (function) of class np::ndarray::array_static::NDArrayStatic is not documented.
/home/mike/git/np/include/np/ndarray/static/NDArrayStaticCreatorsImpl.hpp:266: warning: Member operator=(const StdArray4DType< Size1T, Size2T, Size3T, Size4T > &array) noexcept (function) of class np::ndarray::array_static::NDArrayStatic is not documented.
/home/mike/git/np/include/np/ndarray/static/NDArrayStaticCreatorsImpl.hpp:274: warning: Member operator=(const NDArrayStatic< DType, SizeT >::StdVector1DType &vector) noexcept (function) of class np::ndarray::array_static::NDArrayStatic is not documented.
/home/mike/git/np/include/np/ndarray/internal/NDArrayShaped.hpp:50: warning: Member NDArrayShaped(const NDArrayShaped &another)=default (function) of class np::ndarray::internal::NDArrayShaped is not documented.
/home/mike/git/np/include/np/ndarray/internal/NDArrayShaped.hpp:52: warning: Member NDArrayShaped(NDArrayShaped &&another) noexcept=default (function) of class np::ndarray::internal::NDArrayShaped is not documented.
/home/mike/git/np/include/np/ndarray/internal/NDArrayShaped.hpp:54: warning: Member NDArrayShaped(const std::vector< DType > &vector, Shape shape) (function) of class np::ndarray::internal::NDArrayShaped is not documented.
/home/mike/git/np/include/np/ndarray/internal/NDArrayShaped.hpp:56: warning: Member NDArrayShaped(DType *data, Shape shape) (function) of class np::ndarray::internal::NDArrayShaped is not documented.
/home/mike/git/np/include/np/ndarray/internal/NDArrayShaped.hpp:59: warning: Member NDArrayShaped(Shape shape, Args &&...args) (function) of class np::ndarray::internal::NDArrayShaped is not documented.
/home/mike/git/np/include/np/ndarray/internal/NDArrayShaped.hpp:62: warning: Member NDArrayShaped(bool isColumnVector, Args &&...args) (function) of class np::ndarray::internal::NDArrayShaped is not documented.
/home/mike/git/np/include/np/ndarray/internal/NDArrayShaped.hpp:64: warning: Member operator=(const NDArrayShaped &another) (function) of class np::ndarray::internal::NDArrayShaped is not documented.
/home/mike/git/np/include/np/ndarray/internal/NDArrayShaped.hpp:66: warning: Member operator=(NDArrayShaped &&another) noexcept (function) of class np::ndarray::internal::NDArrayShaped is not documented.
/home/mike/git/np/include/np/ndarray/internal/NDArrayShaped.hpp:74: warning: Member shape() const override (function) of class np::ndarray::internal::NDArrayShaped is not documented.
/home/mike/git/np/include/np/ndarray/internal/NDArrayShaped.hpp:75: warning: Member setShape(const Shape &shape) override (function) of class np::ndarray::internal::NDArrayShaped is not documented.
/home/mike/git/np/include/np/ndarray/internal/NDArrayShaped.hpp:77: warning: Member empty() const override (function) of class np::ndarray::internal::NDArrayShaped is not documented.
/home/mike/git/np/include/np/ndarray/internal/NDArrayShaped.hpp:82: warning: Member len() const override (function) of class np::ndarray::internal::NDArrayShaped is not documented.
/home/mike/git/np/include/np/ndarray/internal/NDArrayShaped.hpp:87: warning: Member ndim() const override (function) of class np::ndarray::internal::NDArrayShaped is not documented.
/home/mike/git/np/include/np/ndarray/internal/NDArrayShaped.hpp:92: warning: Member size() const override (function) of class np::ndarray::internal::NDArrayShaped is not documented.
/home/mike/git/np/include/np/ndarray/internal/NDArrayShaped.hpp:97: warning: Member push_back(const value_type &value) (function) of class np::ndarray::internal::NDArrayShaped is not documented.
/home/mike/git/np/include/np/ndarray/internal/NDArrayBase.hpp:71: warning: Member NDArrayBase(Args &&...args) (function) of class np::ndarray::internal::NDArrayBase is not documented.
/home/mike/git/np/include/np/ndarray/internal/NDArrayBase.hpp:73: warning: Member NDArrayBase(const NDArrayBase &another) (function) of class np::ndarray::internal::NDArrayBase is not documented.
/home/mike/git/np/include/np/ndarray/internal/NDArrayBase.hpp:75: warning: Member NDArrayBase(NDArrayBase &&another) noexcept (function) of class np::ndarray::internal::NDArrayBase is not documented.
/home/mike/git/np/include/np/ndarray/internal/NDArrayBase.hpp:80: warning: Member derived() const (function) of class np::ndarray::internal::NDArrayBase is not documented.
/home/mike/git/np/include/np/ndarray/internal/NDArrayBase.hpp:84: warning: Member derived() (function) of class np::ndarray::internal::NDArrayBase is not documented.
/home/mike/git/np/include/np/ndarray/internal/NDArrayBase.hpp:88: warning: Member operator=(const NDArrayBase &another) (function) of class np::ndarray::internal::NDArrayBase is not documented.
/home/mike/git/np/include/np/ndarray/internal/NDArrayBase.hpp:90: warning: Member operator=(NDArrayBase &&another) noexcept (function) of class np::ndarray::internal::NDArrayBase is not documented.
/home/mike/git/np/include/np/ndarray/internal/NDArrayBase.hpp:93: warning: Member save(const char *filename) (function) of class np::ndarray::internal::NDArrayBase is not documented.
/home/mike/git/np/include/np/ndarray/internal/NDArrayBase.hpp:95: warning: Member savez(const char *filename) (function) of class np::ndarray::internal::NDArrayBase is not documented.
/home/mike/git/np/include/np/ndarray/internal/NDArrayBase.hpp:97: warning: Member load(const char *filename) (function) of class np::ndarray::internal::NDArrayBase is not documented.
/home/mike/git/np/include/np/ndarray/internal/NDArrayBase.hpp:100: warning: Member loadtxt(const char *filename) (function) of class np::ndarray::internal::NDArrayBase is not documented.
/home/mike/git/np/include/np/ndarray/internal/NDArrayBase.hpp:102: warning: Member genfromtxt(const char *filename) (function) of class np::ndarray::internal::NDArrayBase is not documented.
/home/mike/git/np/include/np/ndarray/internal/NDArrayBase.hpp:104: warning: Member savetxt(const char *filename, const char *delimiter) (function) of class np::ndarray::internal::NDArrayBase is not documented.
/home/mike/git/np/include/np/ndarray/internal/NDArrayBase.hpp:129: warning: Member dtype() (function) of class np::ndarray::internal::NDArrayBase is not documented.
/home/mike/git/np/include/np/ndarray/internal/NDArrayBase.hpp:133: warning: Member addInplace(const NDArrayBase< DType2, Derived2, Storage2 > &array) (function) of class np::ndarray::internal::NDArrayBase is not documented.
/home/mike/git/np/include/np/ndarray/internal/NDArrayBase.hpp:136: warning: Member add(const DType2 &value) const (function) of class np::ndarray::internal::NDArrayBase is not documented.
/home/mike/git/np/include/np/ndarray/internal/NDArrayBase.hpp:139: warning: Member addInplace(const DType2 &value) (function) of class np::ndarray::internal::NDArrayBase is not documented.
/home/mike/git/np/include/np/ndarray/internal/NDArrayBase.hpp:142: warning: Member subtractInplace(const NDArrayBase< DType2, Derived2, Storage2 > &array) (function) of class np::ndarray::internal::NDArrayBase is not documented.
/home/mike/git/np/include/np/ndarray/internal/NDArrayBase.hpp:145: warning: Member subtract(const DType2 &value) const (function) of class np::ndarray::internal::NDArrayBase is not documented.
/home/mike/git/np/include/np/ndarray/internal/NDArrayBase.hpp:148: warning: Member subtractInplace(const DType2 &value) (function) of class np::ndarray::internal::NDArrayBase is not documented.
/home/mike/git/np/include/np/ndarray/internal/NDArrayBase.hpp:151: warning: Member subtractFrom(const DType2 &value) const (function) of class np::ndarray::internal::NDArrayBase is not documented.
/home/mike/git/np/include/np/ndarray/internal/NDArrayBase.hpp:154: warning: Member multiplyInplace(const NDArrayBase< DType2, Derived2, Storage2 > &array) (function) of class np::ndarray::internal::NDArrayBase is not documented.
/home/mike/git/np/include/np/ndarray/internal/NDArrayBase.hpp:157: warning: Member multiply(const DType2 &value) const (function) of class np::ndarray::internal::NDArrayBase is not documented.
/home/mike/git/np/include/np/ndarray/internal/NDArrayBase.hpp:160: warning: Member multiplyInplace(const DType2 &value) (function) of class np::ndarray::internal::NDArrayBase is not documented.
/home/mike/git/np/include/np/ndarray/internal/NDArrayBase.hpp:163: warning: Member divideInplace(const NDArrayBase< DType2, Derived2, Storage2 > &array) (function) of class np::ndarray::internal::NDArrayBase is not documented.
/home/mike/git/np/include/np/ndarray/internal/NDArrayBase.hpp:166: warning: Member divide(const DType2 &value) const (function) of class np::ndarray::internal::NDArrayBase is not documented.
/home/mike/git/np/include/np/ndarray/internal/NDArrayBase.hpp:169: warning: Member divideInplace(const DType2 &value) (function) of class np::ndarray::internal::NDArrayBase is not documented.
/home/mike/git/np/include/np/ndarray/internal/NDArrayBase.hpp:172: warning: Member divideFrom(const DType2 &value) const (function) of class np::ndarray::internal::NDArrayBase is not documented.
/home/mike/git/np/include/np/ndarray/internal/NDArrayBase.hpp:174: warning: Member exp() const (function) of class np::ndarray::internal::NDArrayBase is not documented.
/home/mike/git/np/include/np/ndarray/internal/NDArrayBase.hpp:176: warning: Member expInplace() (function) of class np::ndarray::internal::NDArrayBase is not documented.
/home/mike/git/np/include/np/ndarray/internal/NDArrayBase.hpp:178: warning: Member sqrt() const (function) of class np::ndarray::internal::NDArrayBase is not documented.
/home/mike/git/np/include/np/ndarray/internal/NDArrayBase.hpp:180: warning: Member sqrtInplace() (function) of class np::ndarray::internal::NDArrayBase is not documented.
/home/mike/git/np/include/np/ndarray/internal/NDArrayBase.hpp:182: warning: Member sin() const (function) of class np::ndarray::internal::NDArrayBase is not documented.
/home/mike/git/np/include/np/ndarray/internal/NDArrayBase.hpp:184: warning: Member sinInplace() (function) of class np::ndarray::internal::NDArrayBase is not documented.
/home/mike/git/np/include/np/ndarray/internal/NDArrayBase.hpp:186: warning: Member cos() const (function) of class np::ndarray::internal::NDArrayBase is not documented.
/home/mike/git/np/include/np/ndarray/internal/NDArrayBase.hpp:188: warning: Member cosInplace() (function) of class np::ndarray::internal::NDArrayBase is not documented.
/home/mike/git/np/include/np/ndarray/internal/NDArrayBase.hpp:190: warning: Member log() const (function) of class np::ndarray::internal::NDArrayBase is not documented.
/home/mike/git/np/include/np/ndarray/internal/NDArrayBase.hpp:192: warning: Member logInplace() (function) of class np::ndarray::internal::NDArrayBase is not documented.
/home/mike/git/np/include/np/ndarray/internal/NDArrayBase.hpp:194: warning: Member abs() const (function) of class np::ndarray::internal::NDArrayBase is not documented.
/home/mike/git/np/include/np/ndarray/internal/NDArrayBase.hpp:196: warning: Member absInplace() (function) of class np::ndarray::internal::NDArrayBase is not documented.
/home/mike/git/np/include/np/ndarray/internal/NDArrayBase.hpp:200: warning: Member dot(const NDArrayBase< DType2, Derived2, Storage2 > &array) const (function) of class np::ndarray::internal::NDArrayBase is not documented.
/home/mike/git/np/include/np/ndarray/internal/NDArrayBase.hpp:204: warning: Member operator==(const NDArrayBase< DType2, Derived2, Storage2 > &array) const (function) of class np::ndarray::internal::NDArrayBase is not documented.
/home/mike/git/np/include/np/ndarray/internal/NDArrayBase.hpp:207: warning: Member operator<(const NDArrayBase< DType2, Derived2, Storage2 > &array) const (function) of class np::ndarray::internal::NDArrayBase is not documented.
/home/mike/git/np/include/np/ndarray/internal/NDArrayBase.hpp:210: warning: Member operator>(const NDArrayBase< DType2, Derived2, Storage2 > &array) const (function) of class np::ndarray::internal::NDArrayBase is not documented.
/home/mike/git/np/include/np/ndarray/internal/NDArrayBase.hpp:213: warning: Member array_equal(const DType &element) const (function) of class np::ndarray::internal::NDArrayBase is not documented.
/home/mike/git/np/include/np/ndarray/internal/NDArrayBase.hpp:219: warning: Member array_equal(const NDArrayBase< DType2, Derived2, Storage2 > &array) const (function) of class np::ndarray::internal::NDArrayBase is not documented.
/home/mike/git/np/include/np/ndarray/internal/NDArrayBase.hpp:234: warning: Member average(const NDArrayBase< DType2, Derived2, Storage2 > &weights) const (function) of class np::ndarray::internal::NDArrayBase is not documented.
/home/mike/git/np/include/np/ndarray/internal/NDArrayBase.hpp:237: warning: Member sum() const (function) of class np::ndarray::internal::NDArrayBase is not documented.
/home/mike/git/np/include/np/ndarray/internal/NDArrayBase.hpp:240: warning: Member nansum() const (function) of class np::ndarray::internal::NDArrayBase is not documented.
/home/mike/git/np/include/np/ndarray/internal/NDArrayBase.hpp:243: warning: Member min() const (function) of class np::ndarray::internal::NDArrayBase is not documented.
/home/mike/git/np/include/np/ndarray/internal/NDArrayBase.hpp:246: warning: Member max() const (function) of class np::ndarray::internal::NDArrayBase is not documented.
/home/mike/git/np/include/np/ndarray/internal/NDArrayBase.hpp:249: warning: Member cumsum() const (function) of class np::ndarray::internal::NDArrayBase is not documented.
/home/mike/git/np/include/np/ndarray/internal/NDArrayBase.hpp:252: warning: Member nancumsum() const (function) of class np::ndarray::internal::NDArrayBase is not documented.
/home/mike/git/np/include/np/ndarray/internal/NDArrayBase.hpp:255: warning: Member mean() const (function) of class np::ndarray::internal::NDArrayBase is not documented.
/home/mike/git/np/include/np/ndarray/internal/NDArrayBase.hpp:258: warning: Member nanmean() const (function) of class np::ndarray::internal::NDArrayBase is not documented.
/home/mike/git/np/include/np/ndarray/internal/NDArrayBase.hpp:261: warning: Member median() const (function) of class np::ndarray::internal::NDArrayBase is not documented.
/home/mike/git/np/include/np/ndarray/internal/NDArrayBase.hpp:264: warning: Member nanmedian() const (function) of class np::ndarray::internal::NDArrayBase is not documented.
/home/mike/git/np/include/np/ndarray/internal/NDArrayBase.hpp:267: warning: Member cov() const (function) of class np::ndarray::internal::NDArrayBase is not documented.
/home/mike/git/np/include/np/ndarray/internal/NDArrayBase.hpp:270: warning: Member corrcoef() const (function) of class np::ndarray::internal::NDArrayBase is not documented.
/home/mike/git/np/include/np/ndarray/internal/NDArrayBase.hpp:273: warning: Member std_() const (function) of class np::ndarray::internal::NDArrayBase is not documented.
/home/mike/git/np/include/np/ndarray/internal/NDArrayBase.hpp:276: warning: Member nanstd() const (function) of class np::ndarray::internal::NDArrayBase is not documented.
/home/mike/git/np/include/np/ndarray/internal/NDArrayBase.hpp:279: warning: Member var() const (function) of class np::ndarray::internal::NDArrayBase is not documented.
/home/mike/git/np/include/np/ndarray/internal/NDArrayBase.hpp:282: warning: Member nanvar() const (function) of class np::ndarray::internal::NDArrayBase is not documented.
/home/mike/git/np/include/np/ndarray/internal/NDArrayBase.hpp:285: warning: Member view() const (function) of class np::ndarray::internal::NDArrayBase is not documented.
/home/mike/git/np/include/np/ndarray/internal/NDArrayBase.hpp:288: warning: Member copy() const (function) of class np::ndarray::internal::NDArrayBase is not documented.
/home/mike/git/np/include/np/ndarray/internal/NDArrayBase.hpp:291: warning: Member sort() (function) of class np::ndarray::internal::NDArrayBase is not documented.
/home/mike/git/np/include/np/ndarray/internal/NDArrayBase.hpp:297: warning: Member transpose() const (function) of class np::ndarray::internal::NDArrayBase is not documented.
/home/mike/git/np/include/np/ndarray/internal/NDArrayBase.hpp:300: warning: Member ravel() const (function) of class np::ndarray::internal::NDArrayBase is not documented.
/home/mike/git/np/include/np/ndarray/internal/NDArrayBase.hpp:303: warning: Member reshape(const Shape &shape) const (function) of class np::ndarray::internal::NDArrayBase is not documented.
/home/mike/git/np/include/np/ndarray/internal/NDArrayBase.hpp:307: warning: Member resize(const Shape &shape) const (function) of class np::ndarray::internal::NDArrayBase is not documented.
/home/mike/git/np/include/np/ndarray/internal/NDArrayBase.hpp:311: warning: Member append(const NDArrayBase< DType2, Derived2, Storage2 > &array) const (function) of class np::ndarray::internal::NDArrayBase is not documented.
/home/mike/git/np/include/np/ndarray/internal/NDArrayBase.hpp:315: warning: Member insert(Size index, const NDArrayBase< DType2, Derived2, Storage2 > &array) const (function) of class np::ndarray::internal::NDArrayBase is not documented.
/home/mike/git/np/include/np/ndarray/internal/NDArrayBase.hpp:318: warning: Member del(Size index) const (function) of class np::ndarray::internal::NDArrayBase is not documented.
/home/mike/git/np/include/np/ndarray/internal/NDArrayBase.hpp:322: warning: Member concatenate(const NDArrayBase< DType2, Derived2, Storage2 > &array, std::optional< size_t > axis=std::nullopt) const (function) of class np::ndarray::internal::NDArrayBase is not documented.
/home/mike/git/np/include/np/ndarray/internal/NDArrayBase.hpp:326: warning: Member vstack(const NDArrayBase< DType2, Derived2, Storage2 > &array) const (function) of class np::ndarray::internal::NDArrayBase is not documented.
/home/mike/git/np/include/np/ndarray/internal/NDArrayBase.hpp:330: warning: Member r_(const NDArrayBase< DType2, Derived2, Storage2 > &array) const (function) of class np::ndarray::internal::NDArrayBase is not documented.
/home/mike/git/np/include/np/ndarray/internal/NDArrayBase.hpp:334: warning: Member hstack(const NDArrayBase< DType2, Derived2, Storage2 > &array) const (function) of class np::ndarray::internal::NDArrayBase is not documented.
/home/mike/git/np/include/np/ndarray/internal/NDArrayBase.hpp:338: warning: Member c_(const NDArrayBase< DType2, Derived2, Storage2 > &array) const (function) of class np::ndarray::internal::NDArrayBase is not documented.
/home/mike/git/np/include/np/ndarray/internal/NDArrayBase.hpp:341: warning: Member hsplit(size_t sections) const (function) of class np::ndarray::internal::NDArrayBase is not documented.
/home/mike/git/np/include/np/ndarray/internal/NDArrayBase.hpp:344: warning: Member vsplit(size_t sections) const (function) of class np::ndarray::internal::NDArrayBase is not documented.
/home/mike/git/np/include/np/ndarray/internal/NDArrayBase.hpp:347: warning: Member expand_dims(Size axis) const (function) of class np::ndarray::internal::NDArrayBase is not documented.
/home/mike/git/np/include/np/ndarray/internal/NDArrayBase.hpp:349: warning: Member data() const (function) of class np::ndarray::internal::NDArrayBase is not documented.
/home/mike/git/np/include/np/ndarray/internal/NDArrayBase.hpp:361: warning: Member data() (function) of class np::ndarray::internal::NDArrayBase is not documented.
/home/mike/git/np/include/np/ndarray/internal/NDArrayBase.hpp:370: warning: Member get(Size i) const (function) of class np::ndarray::internal::NDArrayBase is not documented.
/home/mike/git/np/include/np/ndarray/internal/NDArrayBase.hpp:374: warning: Member get(Size i) (function) of class np::ndarray::internal::NDArrayBase is not documented.
/home/mike/git/np/include/np/ndarray/internal/NDArrayBase.hpp:378: warning: Member set(Size i, const DType &value) (function) of class np::ndarray::internal::NDArrayBase is not documented.
/home/mike/git/np/include/np/ndarray/internal/NDArrayBase.hpp:383: warning: Member at(Size row, Size column) const (function) of class np::ndarray::internal::NDArrayBase is not documented.
/home/mike/git/np/include/np/ndarray/internal/NDArrayBase.hpp:397: warning: Member at(Size row, Size column) (function) of class np::ndarray::internal::NDArrayBase is not documented.
/home/mike/git/np/include/np/ndarray/internal/NDArrayBase.hpp:410: warning: Member getStorage() (function) of class np::ndarray::internal::NDArrayBase is not documented.
/home/mike/git/np/include/np/ndarray/internal/NDArrayBase.hpp:414: warning: Member getStorage() const (function) of class np::ndarray::internal::NDArrayBase is not documented.
/home/mike/git/np/include/np/ndarray/internal/NDArrayBase.hpp:418: warning: Member index(Size i) const (function) of class np::ndarray::internal::NDArrayBase is not documented.
/home/mike/git/np/include/np/ndarray/internal/NDArrayBase.hpp:426: warning: Member begin() (function) of class np::ndarray::internal::NDArrayBase is not documented.
/home/mike/git/np/include/np/ndarray/internal/NDArrayBase.hpp:430: warning: Member end() (function) of class np::ndarray::internal::NDArrayBase is not documented.
/home/mike/git/np/include/np/ndarray/internal/NDArrayBase.hpp:434: warning: Member cbegin() const (function) of class np::ndarray::internal::NDArrayBase is not documented.
/home/mike/git/np/include/np/ndarray/internal/NDArrayBase.hpp:438: warning: Member cend() const (function) of class np::ndarray::internal::NDArrayBase is not documented.
/home/mike/git/np/include/np/ndarray/internal/NDArrayBase.hpp:442: warning: Member push(const DType &value) (function) of class np::ndarray::internal::NDArrayBase is not documented.
/home/mike/git/np/include/np/ndarray/internal/NDArrayBase.hpp:450: warning: Member operator[](SignedSize i) const (function) of class np::ndarray::internal::NDArrayBase is not documented.
/home/mike/git/np/include/np/ndarray/internal/NDArrayBase.hpp:451: warning: Member operator[](SignedSize i) (function) of class np::ndarray::internal::NDArrayBase is not documented.
/home/mike/git/np/include/np/ndarray/internal/NDArrayBase.hpp:461: warning: Member operator[](const std::string &cond) const (function) of class np::ndarray::internal::NDArrayBase is not documented.
/home/mike/git/np/include/np/ndarray/internal/NDArrayBase.hpp:462: warning: Member operator[](const std::string &cond) (function) of class np::ndarray::internal::NDArrayBase is not documented.
/home/mike/git/np/include/np/ndarray/internal/NDArrayBase.hpp:464: warning: Member operator DType() const (function) of class np::ndarray::internal::NDArrayBase is not documented.
/home/mike/git/np/include/np/ndarray/static/NDArrayStatic.hpp:196: warning: Member kDepth (variable) of class np::ndarray::array_static::NDArrayStatic is not documented.
/home/mike/git/np/include/np/ndarray/internal/NDArrayBase.hpp:470: warning: Member getMaxElementSize() const (function) of class np::ndarray::internal::NDArrayBase is not documented.
/home/mike/git/np/include/np/ndarray/internal/NDArrayBase.hpp:483: warning: Member dumpToStreamAsBinary(std::ostream &stream) (function) of class np::ndarray::internal::NDArrayBase is not documented.
/home/mike/git/np/include/np/ndarray/internal/NDArrayBase.hpp:489: warning: Member runHandlers(Size dimIndex, const std::string &dimCond) const (function) of class np::ndarray::internal::NDArrayBase is not documented.
/home/mike/git/np/include/np/ndarray/internal/NDArrayBase.hpp:490: warning: Member none(Size dimIndex, const std::string &dimCond) const (function) of class np::ndarray::internal::NDArrayBase is not documented.
/home/mike/git/np/include/np/ndarray/internal/NDArrayBase.hpp:491: warning: Member subsetting(Size dimIndex, const std::string &dimCond) const (function) of class np::ndarray::internal::NDArrayBase is not documented.
/home/mike/git/np/include/np/ndarray/internal/NDArrayBase.hpp:492: warning: Member slicing(Size dimIndex, const std::string &dimCond) const (function) of class np::ndarray::internal::NDArrayBase is not documented.
/home/mike/git/np/include/np/ndarray/internal/NDArrayBase.hpp:493: warning: Member booleanIndexing(Size dimIndex, const std::string &dimCond) const (function) of class np::ndarray::internal::NDArrayBase is not documented.
/home/mike/git/np/include/np/ndarray/internal/NDArrayBase.hpp:495: warning: Member save(std::ostream &stream) (function) of class np::ndarray::internal::NDArrayBase is not documented.
/home/mike/git/np/include/np/ndarray/internal/NDArrayBase.hpp:496: warning: Member load(std::istream &stream) (function) of class np::ndarray::internal::NDArrayBase is not documented.
/home/mike/git/np/include/np/ndarray/internal/NDArrayShaped.hpp:108: warning: Member m_shape (variable) of class np::ndarray::internal::NDArrayShaped is not documented.
/home/mike/git/np/include/np/ndarray/static/internal/NDArrayStaticStorage.hpp:62: warning: Member CArray1DType (typedef) of class np::ndarray::array_static::internal::NDArrayStaticStorage is not documented.
/home/mike/git/np/include/np/ndarray/static/internal/NDArrayStaticStorage.hpp:64: warning: Member CArray2DType (typedef) of class np::ndarray::array_static::internal::NDArrayStaticStorage is not documented.
/home/mike/git/np/include/np/ndarray/static/internal/NDArrayStaticStorage.hpp:66: warning: Member CArray3DType (typedef) of class np::ndarray::array_static::internal::NDArrayStaticStorage is not documented.
/home/mike/git/np/include/np/ndarray/static/internal/NDArrayStaticStorage.hpp:68: warning: Member CArray4DType (typedef) of class np::ndarray::array_static::internal::NDArrayStaticStorage is not documented.
/home/mike/git/np/include/np/ndarray/static/internal/NDArrayStaticStorage.hpp:71: warning: Member StdArray1DType (typedef) of class np::ndarray::array_static::internal::NDArrayStaticStorage is not documented.
/home/mike/git/np/include/np/ndarray/static/internal/NDArrayStaticStorage.hpp:73: warning: Member StdArray2DType (typedef) of class np::ndarray::array_static::internal::NDArrayStaticStorage is not documented.
/home/mike/git/np/include/np/ndarray/static/internal/NDArrayStaticStorage.hpp:75: warning: Member StdArray3DType (typedef) of class np::ndarray::array_static::internal::NDArrayStaticStorage is not documented.
/home/mike/git/np/include/np/ndarray/static/internal/NDArrayStaticStorage.hpp:77: warning: Member StdArray4DType (typedef) of class np::ndarray::array_static::internal::NDArrayStaticStorage is not documented.
/home/mike/git/np/include/np/ndarray/static/internal/NDArrayStaticStorage.hpp:79: warning: Member StdVector1DType (typedef) of class np::ndarray::array_static::internal::NDArrayStaticStorage is not documented.
/home/mike/git/np/include/np/ndarray/static/internal/NDArrayStaticStorage.hpp:80: warning: Member StdVector2DType (typedef) of class np::ndarray::array_static::internal::NDArrayStaticStorage is not documented.
/home/mike/git/np/include/np/ndarray/static/internal/NDArrayStaticStorage.hpp:81: warning: Member StdVector3DType (typedef) of class np::ndarray::array_static::internal::NDArrayStaticStorage is not documented.
/home/mike/git/np/include/np/ndarray/static/internal/NDArrayStaticStorage.hpp:82: warning: Member StdVector4DType (typedef) of class np::ndarray::array_static::internal::NDArrayStaticStorage is not documented.
/home/mike/git/np/include/np/ndarray/static/internal/NDArrayStaticStorage.hpp:89: warning: Member NDArrayStaticStorage(const DType &value) (function) of class np::ndarray::array_static::internal::NDArrayStaticStorage is not documented.
/home/mike/git/np/include/np/ndarray/static/internal/NDArrayStaticStorage.hpp:95: warning: Member NDArrayStaticStorage(Size size) (function) of class np::ndarray::array_static::internal::NDArrayStaticStorage is not documented.
/home/mike/git/np/include/np/ndarray/static/internal/NDArrayStaticStorage.hpp:100: warning: Member NDArrayStaticStorage(const CArray1DType< Size1T > &array) noexcept (function) of class np::ndarray::array_static::internal::NDArrayStaticStorage is not documented.
/home/mike/git/np/include/np/ndarray/static/internal/NDArrayStaticStorage.hpp:108: warning: Member NDArrayStaticStorage(const CArray2DType< Size1T, Size2T > &array) noexcept (function) of class np::ndarray::array_static::internal::NDArrayStaticStorage is not documented.
/home/mike/git/np/include/np/ndarray/static/internal/NDArrayStaticStorage.hpp:118: warning: Member NDArrayStaticStorage(const CArray3DType< Size1T, Size2T, Size3T > &array) noexcept (function) of class np::ndarray::array_static::internal::NDArrayStaticStorage is not documented.
/home/mike/git/np/include/np/ndarray/static/internal/NDArrayStaticStorage.hpp:130: warning: Member NDArrayStaticStorage(const CArray4DType< Size1T, Size2T, Size3T, Size4T > &array) noexcept (function) of class np::ndarray::array_static::internal::NDArrayStaticStorage is not documented.
/home/mike/git/np/include/np/ndarray/static/internal/NDArrayStaticStorage.hpp:144: warning: Member NDArrayStaticStorage(const StdArray1DType< Size1T > &array) noexcept (function) of class np::ndarray::array_static::internal::NDArrayStaticStorage is not documented.
/home/mike/git/np/include/np/ndarray/static/internal/NDArrayStaticStorage.hpp:152: warning: Member NDArrayStaticStorage(const StdArray2DType< Size1T, Size2T > &array) noexcept (function) of class np::ndarray::array_static::internal::NDArrayStaticStorage is not documented.
/home/mike/git/np/include/np/ndarray/static/internal/NDArrayStaticStorage.hpp:162: warning: Member NDArrayStaticStorage(const StdArray3DType< Size1T, Size2T, Size3T > &array) noexcept (function) of class np::ndarray::array_static::internal::NDArrayStaticStorage is not documented.
/home/mike/git/np/include/np/ndarray/static/internal/NDArrayStaticStorage.hpp:174: warning: Member NDArrayStaticStorage(const StdArray4DType< Size1T, Size2T, Size3T, Size4T > &array) noexcept (function) of class np::ndarray::array_static::internal::NDArrayStaticStorage is not documented.
/home/mike/git/np/include/np/ndarray/static/internal/NDArrayStaticStorage.hpp:187: warning: Member NDArrayStaticStorage(const StdVector1DType &vector) noexcept (function) of class np::ndarray::array_static::internal::NDArrayStaticStorage is not documented.
/home/mike/git/np/include/np/ndarray/static/internal/NDArrayStaticStorage.hpp:193: warning: Member NDArrayStaticStorage(const StdVector2DType &vector) noexcept (function) of class np::ndarray::array_static::internal::NDArrayStaticStorage is not documented.
/home/mike/git/np/include/np/ndarray/static/internal/NDArrayStaticStorage.hpp:203: warning: Member NDArrayStaticStorage(const StdVector3DType &vector) noexcept (function) of class np::ndarray::array_static::internal::NDArrayStaticStorage is not documented.
/home/mike/git/np/include/np/ndarray/static/internal/NDArrayStaticStorage.hpp:215: warning: Member NDArrayStaticStorage(const StdVector4DType &vector) noexcept (function) of class np::ndarray::array_static::internal::NDArrayStaticStorage is not documented.
/home/mike/git/np/include/np/ndarray/static/internal/NDArrayStaticStorage.hpp:229: warning: Member NDArrayStaticStorage(std::initializer_list< DType > init_list) noexcept (function) of class np::ndarray::array_static::internal::NDArrayStaticStorage is not documented.
/home/mike/git/np/include/np/ndarray/static/internal/NDArrayStaticStorage.hpp:236: warning: Member operator=(const DType &value) noexcept (function) of class np::ndarray::array_static::internal::NDArrayStaticStorage is not documented.
/home/mike/git/np/include/np/ndarray/static/internal/NDArrayStaticStorage.hpp:243: warning: Member operator=(CArray1DType< Size1T > array) noexcept (function) of class np::ndarray::array_static::internal::NDArrayStaticStorage is not documented.
/home/mike/git/np/include/np/ndarray/static/internal/NDArrayStaticStorage.hpp:249: warning: Member operator=(CArray2DType< Size1T, Size2T > array) noexcept (function) of class np::ndarray::array_static::internal::NDArrayStaticStorage is not documented.
/home/mike/git/np/include/np/ndarray/static/internal/NDArrayStaticStorage.hpp:259: warning: Member operator=(CArray3DType< Size1T, Size2T, Size3T > array) noexcept (function) of class np::ndarray::array_static::internal::NDArrayStaticStorage is not documented.
/home/mike/git/np/include/np/ndarray/static/internal/NDArrayStaticStorage.hpp:271: warning: Member operator=(CArray4DType< Size1T, Size2T, Size3T, Size4T > array) noexcept (function) of class np::ndarray::array_static::internal::NDArrayStaticStorage is not documented.
/home/mike/git/np/include/np/ndarray/static/internal/NDArrayStaticStorage.hpp:285: warning: Member operator=(const StdArray1DType< Size1T > &array) noexcept (function) of class np::ndarray::array_static::internal::NDArrayStaticStorage is not documented.
/home/mike/git/np/include/np/ndarray/static/internal/NDArrayStaticStorage.hpp:292: warning: Member operator=(const StdArray2DType< Size1T, Size2T > &array) noexcept (function) of class np::ndarray::array_static::internal::NDArrayStaticStorage is not documented.
/home/mike/git/np/include/np/ndarray/static/internal/NDArrayStaticStorage.hpp:302: warning: Member operator=(const StdArray3DType< Size1T, Size2T, Size3T > &array) noexcept (function) of class np::ndarray::array_static::internal::NDArrayStaticStorage is not documented.
/home/mike/git/np/include/np/ndarray/static/internal/NDArrayStaticStorage.hpp:315: warning: Member operator=(const StdArray4DType< Size1T, Size2T, Size3T, Size4T > &array) noexcept (function) of class np::ndarray::array_static::internal::NDArrayStaticStorage is not documented.
/home/mike/git/np/include/np/ndarray/static/internal/NDArrayStaticStorage.hpp:328: warning: Member get(Size i) const (function) of class np::ndarray::array_static::internal::NDArrayStaticStorage is not documented.
/home/mike/git/np/include/np/ndarray/static/internal/NDArrayStaticStorage.hpp:332: warning: Member get(Size i) (function) of class np::ndarray::array_static::internal::NDArrayStaticStorage is not documented.
/home/mike/git/np/include/np/ndarray/static/internal/NDArrayStaticStorage.hpp:336: warning: Member set(Size i, const DType &value) (function) of class np::ndarray::array_static::internal::NDArrayStaticStorage is not documented.
/home/mike/git/np/include/np/ndarray/static/internal/NDArrayStaticStorage.hpp:340: warning: Member size() const (function) of class np::ndarray::array_static::internal::NDArrayStaticStorage is not documented.
/home/mike/git/np/include/np/ndarray/static/internal/NDArrayStaticStorage.hpp:344: warning: Member sort() (function) of class np::ndarray::array_static::internal::NDArrayStaticStorage is not documented.
/home/mike/git/np/include/np/ndarray/static/internal/NDArrayStaticStorage.hpp:446: warning: Member begin() (function) of class np::ndarray::array_static::internal::NDArrayStaticStorage is not documented.
/home/mike/git/np/include/np/ndarray/static/internal/NDArrayStaticStorage.hpp:450: warning: Member end() (function) of class np::ndarray::array_static::internal::NDArrayStaticStorage is not documented.
/home/mike/git/np/include/np/ndarray/static/internal/NDArrayStaticStorage.hpp:552: warning: Member cbegin() const (function) of class np::ndarray::array_static::internal::NDArrayStaticStorage is not documented.
/home/mike/git/np/include/np/ndarray/static/internal/NDArrayStaticStorage.hpp:556: warning: Member cend() const (function) of class np::ndarray::array_static::internal::NDArrayStaticStorage is not documented.
/home/mike/git/np/include/np/ndarray/static/internal/NDArrayStaticStorage.hpp:560: warning: Member index(Size i) const (function) of class np::ndarray::array_static::internal::NDArrayStaticStorage is not documented.
/home/mike/git/np/include/np/ndarray/static/internal/NDArrayStaticStorage.hpp:564: warning: Member shape() const (function) of class np::ndarray::array_static::internal::NDArrayStaticStorage is not documented.
/home/mike/git/np/include/np/ndarray/static/internal/NDArrayStaticStorage.hpp:568: warning: Member setShape(const Shape &) (function) of class np::ndarray::array_static::internal::NDArrayStaticStorage is not documented.
/home/mike/git/np/include/np/ndarray/static/internal/NDArrayStaticStorage.hpp:572: warning: Member push_back(const DType &) (function) of class np::ndarray::array_static::internal::NDArrayStaticStorage is not documented.
/home/mike/git/np/include/np/ndarray/static/internal/NDArrayStaticStorage.hpp:576: warning: Member is_contiguous (variable) of class np::ndarray::array_static::internal::NDArrayStaticStorage is not documented.
/home/mike/git/np/include/np/ndarray/static/internal/NDArrayStaticStorage.hpp:577: warning: Member kDepth (variable) of class np::ndarray::array_static::internal::NDArrayStaticStorage is not documented.
/home/mike/git/np/include/np/ndarray/static/internal/NDArrayStaticStorage.hpp:456: warning: Member difference_type (typedef) of class np::ndarray::array_static::internal::NDArrayStaticStorage::const_iterator is not documented.
/home/mike/git/np/include/np/ndarray/static/internal/NDArrayStaticStorage.hpp:457: warning: Member value_type (typedef) of class np::ndarray::array_static::internal::NDArrayStaticStorage::const_iterator is not documented.
/home/mike/git/np/include/np/ndarray/static/internal/NDArrayStaticStorage.hpp:458: warning: Member pointer (typedef) of class np::ndarray::array_static::internal::NDArrayStaticStorage::const_iterator is not documented.
/home/mike/git/np/include/np/ndarray/static/internal/NDArrayStaticStorage.hpp:459: warning: Member reference (typedef) of class np::ndarray::array_static::internal::NDArrayStaticStorage::const_iterator is not documented.
/home/mike/git/np/include/np/ndarray/static/internal/NDArrayStaticStorage.hpp:460: warning: Member iterator_category (typedef) of class np::ndarray::array_static::internal::NDArrayStaticStorage::const_iterator is not documented.
/home/mike/git/np/include/np/ndarray/static/internal/NDArrayStaticStorage.hpp:462: warning: Member const_iterator(const NDArrayStaticStorage *container_, Size offset_) (function) of class np::ndarray::array_static::internal::NDArrayStaticStorage::const_iterator is not documented.
/home/mike/git/np/include/np/ndarray/static/internal/NDArrayStaticStorage.hpp:466: warning: Member const_iterator(const const_iterator &it) (function) of class np::ndarray::array_static::internal::NDArrayStaticStorage::const_iterator is not documented.
/home/mike/git/np/include/np/ndarray/static/internal/NDArrayStaticStorage.hpp:470: warning: Member operator=(const const_iterator &it) (function) of class np::ndarray::array_static::internal::NDArrayStaticStorage::const_iterator is not documented.
/home/mike/git/np/include/np/ndarray/static/internal/NDArrayStaticStorage.hpp:478: warning: Member operator==(const const_iterator &it) const (function) of class np::ndarray::array_static::internal::NDArrayStaticStorage::const_iterator is not documented.
/home/mike/git/np/include/np/ndarray/static/internal/NDArrayStaticStorage.hpp:482: warning: Member operator!=(const const_iterator &it) const (function) of class np::ndarray::array_static::internal::NDArrayStaticStorage::const_iterator is not documented.
/home/mike/git/np/include/np/ndarray/static/internal/NDArrayStaticStorage.hpp:486: warning: Member operator>(const const_iterator &it) const (function) of class np::ndarray::array_static::internal::NDArrayStaticStorage::const_iterator is not documented.
/home/mike/git/np/include/np/ndarray/static/internal/NDArrayStaticStorage.hpp:491: warning: Member operator>=(const const_iterator &it) const (function) of class np::ndarray::array_static::internal::NDArrayStaticStorage::const_iterator is not documented.
/home/mike/git/np/include/np/ndarray/static/internal/NDArrayStaticStorage.hpp:496: warning: Member operator<(const const_iterator &it) const (function) of class np::ndarray::array_static::internal::NDArrayStaticStorage::const_iterator is not documented.
/home/mike/git/np/include/np/ndarray/static/internal/NDArrayStaticStorage.hpp:501: warning: Member operator<=(const const_iterator &it) const (function) of class np::ndarray::array_static::internal::NDArrayStaticStorage::const_iterator is not documented.
/home/mike/git/np/include/np/ndarray/static/internal/NDArrayStaticStorage.hpp:506: warning: Member operator++() (function) of class np::ndarray::array_static::internal::NDArrayStaticStorage::const_iterator is not documented.
/home/mike/git/np/include/np/ndarray/static/internal/NDArrayStaticStorage.hpp:510: warning: Member operator++(int) (function) of class np::ndarray::array_static::internal::NDArrayStaticStorage::const_iterator is not documented.
/home/mike/git/np/include/np/ndarray/static/internal/NDArrayStaticStorage.hpp:514: warning: Member operator--() (function) of class np::ndarray::array_static::internal::NDArrayStaticStorage::const_iterator is not documented.
/home/mike/git/np/include/np/ndarray/static/internal/NDArrayStaticStorage.hpp:518: warning: Member operator--(int) (function) of class np::ndarray::array_static::internal::NDArrayStaticStorage::const_iterator is not documented.
/home/mike/git/np/include/np/ndarray/static/internal/NDArrayStaticStorage.hpp:522: warning: Member operator-(difference_type diff) (function) of class np::ndarray::array_static::internal::NDArrayStaticStorage::const_iterator is not documented.
/home/mike/git/np/include/np/ndarray/static/internal/NDArrayStaticStorage.hpp:526: warning: Member operator+(difference_type diff) (function) of class np::ndarray::array_static::internal::NDArrayStaticStorage::const_iterator is not documented.
/home/mike/git/np/include/np/ndarray/static/internal/NDArrayStaticStorage.hpp:530: warning: Member operator+=(difference_type diff) (function) of class np::ndarray::array_static::internal::NDArrayStaticStorage::const_iterator is not documented.
/home/mike/git/np/include/np/ndarray/static/internal/NDArrayStaticStorage.hpp:534: warning: Member operator-=(difference_type diff) (function) of class np::ndarray::array_static::internal::NDArrayStaticStorage::const_iterator is not documented.
/home/mike/git/np/include/np/ndarray/static/internal/NDArrayStaticStorage.hpp:538: warning: Member operator-(const const_iterator &it) const (function) of class np::ndarray::array_static::internal::NDArrayStaticStorage::const_iterator is not documented.
/home/mike/git/np/include/np/ndarray/static/internal/NDArrayStaticStorage.hpp:543: warning: Member operator*() const (function) of class np::ndarray::array_static::internal::NDArrayStaticStorage::const_iterator is not documented.
/home/mike/git/np/include/np/ndarray/static/internal/NDArrayStaticStorage.hpp:350: warning: Member difference_type (typedef) of class np::ndarray::array_static::internal::NDArrayStaticStorage::iterator is not documented.
/home/mike/git/np/include/np/ndarray/static/internal/NDArrayStaticStorage.hpp:351: warning: Member value_type (typedef) of class np::ndarray::array_static::internal::NDArrayStaticStorage::iterator is not documented.
/home/mike/git/np/include/np/ndarray/static/internal/NDArrayStaticStorage.hpp:352: warning: Member pointer (typedef) of class np::ndarray::array_static::internal::NDArrayStaticStorage::iterator is not documented.
/home/mike/git/np/include/np/ndarray/static/internal/NDArrayStaticStorage.hpp:353: warning: Member reference (typedef) of class np::ndarray::array_static::internal::NDArrayStaticStorage::iterator is not documented.
/home/mike/git/np/include/np/ndarray/static/internal/NDArrayStaticStorage.hpp:354: warning: Member iterator_category (typedef) of class np::ndarray::array_static::internal::NDArrayStaticStorage::iterator is not documented.
/home/mike/git/np/include/np/ndarray/static/internal/NDArrayStaticStorage.hpp:356: warning: Member iterator(NDArrayStaticStorage *container_, Size offset_) (function) of class np::ndarray::array_static::internal::NDArrayStaticStorage::iterator is not documented.
/home/mike/git/np/include/np/ndarray/static/internal/NDArrayStaticStorage.hpp:360: warning: Member iterator(const iterator &it) (function) of class np::ndarray::array_static::internal::NDArrayStaticStorage::iterator is not documented.
/home/mike/git/np/include/np/ndarray/static/internal/NDArrayStaticStorage.hpp:364: warning: Member operator=(const iterator &it) (function) of class np::ndarray::array_static::internal::NDArrayStaticStorage::iterator is not documented.
/home/mike/git/np/include/np/ndarray/static/internal/NDArrayStaticStorage.hpp:372: warning: Member operator==(const iterator &it) const (function) of class np::ndarray::array_static::internal::NDArrayStaticStorage::iterator is not documented.
/home/mike/git/np/include/np/ndarray/static/internal/NDArrayStaticStorage.hpp:376: warning: Member operator!=(const iterator &it) const (function) of class np::ndarray::array_static::internal::NDArrayStaticStorage::iterator is not documented.
/home/mike/git/np/include/np/ndarray/static/internal/NDArrayStaticStorage.hpp:380: warning: Member operator>(const iterator &it) const (function) of class np::ndarray::array_static::internal::NDArrayStaticStorage::iterator is not documented.
/home/mike/git/np/include/np/ndarray/static/internal/NDArrayStaticStorage.hpp:385: warning: Member operator>=(const iterator &it) const (function) of class np::ndarray::array_static::internal::NDArrayStaticStorage::iterator is not documented.
/home/mike/git/np/include/np/ndarray/static/internal/NDArrayStaticStorage.hpp:390: warning: Member operator<(const iterator &it) const (function) of class np::ndarray::array_static::internal::NDArrayStaticStorage::iterator is not documented.
/home/mike/git/np/include/np/ndarray/static/internal/NDArrayStaticStorage.hpp:395: warning: Member operator<=(const iterator &it) const (function) of class np::ndarray::array_static::internal::NDArrayStaticStorage::iterator is not documented.
/home/mike/git/np/include/np/ndarray/static/internal/NDArrayStaticStorage.hpp:400: warning: Member operator++() (function) of class np::ndarray::array_static::internal::NDArrayStaticStorage::iterator is not documented.
/home/mike/git/np/include/np/ndarray/static/internal/NDArrayStaticStorage.hpp:404: warning: Member operator++(int) (function) of class np::ndarray::array_static::internal::NDArrayStaticStorage::iterator is not documented.
/home/mike/git/np/include/np/ndarray/static/internal/NDArrayStaticStorage.hpp:408: warning: Member operator--() (function) of class np::ndarray::array_static::internal::NDArrayStaticStorage::iterator is not documented.
/home/mike/git/np/include/np/ndarray/static/internal/NDArrayStaticStorage.hpp:412: warning: Member operator--(int) (function) of class np::ndarray::array_static::internal::NDArrayStaticStorage::iterator is not documented.
/home/mike/git/np/include/np/ndarray/static/internal/NDArrayStaticStorage.hpp:416: warning: Member operator-(difference_type diff) (function) of class np::ndarray::array_static::internal::NDArrayStaticStorage::iterator is not documented.
/home/mike/git/np/include/np/ndarray/static/internal/NDArrayStaticStorage.hpp:420: warning: Member operator+(difference_type diff) (function) of class np::ndarray::array_static::internal::NDArrayStaticStorage::iterator is not documented.
/home/mike/git/np/include/np/ndarray/static/internal/NDArrayStaticStorage.hpp:424: warning: Member operator+=(difference_type diff) (function) of class np::ndarray::array_static::internal::NDArrayStaticStorage::iterator is not documented.
/home/mike/git/np/include/np/ndarray/static/internal/NDArrayStaticStorage.hpp:428: warning: Member operator-=(difference_type diff) (function) of class np::ndarray::array_static::internal::NDArrayStaticStorage::iterator is not documented.
/home/mike/git/np/include/np/ndarray/static/internal/NDArrayStaticStorage.hpp:432: warning: Member operator-(const iterator &it) const (function) of class np::ndarray::array_static::internal::NDArrayStaticStorage::iterator is not documented.
/home/mike/git/np/include/np/ndarray/static/internal/NDArrayStaticStorage.hpp:437: warning: Member operator*() const (function) of class np::ndarray::array_static::internal::NDArrayStaticStorage::iterator is not documented.
/home/mike/git/np/include/np/ndarray/internal/AllToNumberConvertor.hpp:91: warning: Member operator()(const std::string &val) (function) of class np::ndarray::internal::AllToNumberConvertor< bool_ > is not documented.
/home/mike/git/np/include/np/ndarray/internal/AllToNumberConvertor.hpp:51: warning: Member operator()(const std::string &val) (function) of class np::ndarray::internal::AllToNumberConvertor< float_ > is not documented.
/home/mike/git/np/include/np/ndarray/internal/AllToNumberConvertor.hpp:75: warning: Member operator()(const std::string &val) (function) of class np::ndarray::internal::AllToNumberConvertor< int_ > is not documented.
/home/mike/git/np/include/np/ndarray/internal/AllToNumberConvertor.hpp:67: warning: Member operator()(const std::string &val) (function) of class np::ndarray::internal::AllToNumberConvertor< intc > is not documented.
/home/mike/git/np/include/np/ndarray/internal/AllToNumberConvertor.hpp:83: warning: Member operator()(const std::string &val) (function) of class np::ndarray::internal::AllToNumberConvertor< longlong > is not documented.
/home/mike/git/np/include/np/ndarray/internal/AllToNumberConvertor.hpp:59: warning: Member operator()(const std::string &val) (function) of class np::ndarray::internal::AllToNumberConvertor< short_ > is not documented.
/home/mike/git/np/include/np/ndarray/internal/AllToNumberConvertor.hpp:43: warning: Member operator()(const std::string &val) (function) of class np::ndarray::internal::AllToNumberConvertor< std::string > is not documented.
/home/mike/git/np/include/np/ndarray/internal/Expression.hpp:921: warning: Member DType (typedef) of class np::ndarray::internal::ArrayExpression is not documented.
/home/mike/git/np/include/np/ndarray/internal/NDArrayBase.hpp:447: warning: Member IndexParentType (typedef) of class NDArrayBase< T, ArrayExpression< T, Derived, Storage >, Storage > is not documented.
/home/mike/git/np/include/np/ndarray/internal/NDArrayBase.hpp:448: warning: Member IndexParentConstType (typedef) of class NDArrayBase< T, ArrayExpression< T, Derived, Storage >, Storage > is not documented.
/home/mike/git/np/include/np/ndarray/internal/Expression.hpp:930: warning: Member ArrayExpression(const ndarray::internal::NDArrayBase< T, Derived, Storage > &array) (function) of class np::ndarray::internal::ArrayExpression is not documented.
/home/mike/git/np/include/np/ndarray/internal/Expression.hpp:952: warning: Member ArrayExpression(ndarray::internal::NDArrayBase< T, Derived, Storage > &&array) (function) of class np::ndarray::internal::ArrayExpression is not documented.
/home/mike/git/np/include/np/ndarray/internal/Expression.hpp:962: warning: Member shape() const override (function) of class np::ndarray::internal::ArrayExpression is not documented.
/home/mike/git/np/include/np/ndarray/internal/Expression.hpp:966: warning: Member empty() const override (function) of class np::ndarray::internal::ArrayExpression is not documented.
/home/mike/git/np/include/np/ndarray/internal/Expression.hpp:970: warning: Member len() const override (function) of class np::ndarray::internal::ArrayExpression is not documented.
/home/mike/git/np/include/np/ndarray/internal/Expression.hpp:974: warning: Member ndim() const override (function) of class np::ndarray::internal::ArrayExpression is not documented.
/home/mike/git/np/include/np/ndarray/internal/Expression.hpp:978: warning: Member size() const override (function) of class np::ndarray::internal::ArrayExpression is not documented.
/home/mike/git/np/include/np/ndarray/internal/Expression.hpp:983: warning: Member get(Size i) const override (function) of class np::ndarray::internal::ArrayExpression is not documented.
/home/mike/git/np/include/np/ndarray/internal/Expression.hpp:994: warning: Member data() const (function) of class np::ndarray::internal::ArrayExpression is not documented.
/home/mike/git/np/include/np/ndarray/internal/Expression.hpp:998: warning: Member data() (function) of class np::ndarray::internal::ArrayExpression is not documented.
/home/mike/git/np/include/np/ndarray/internal/Expression.hpp:1002: warning: Member eval() const (function) of class np::ndarray::internal::ArrayExpression is not documented.
/home/mike/git/np/include/np/ndarray/internal/NDArrayBase.hpp:71: warning: Member NDArrayBase(Args &&...args) (function) of class NDArrayBase< T, ArrayExpression< T, Derived, Storage >, Storage > is not documented.
/home/mike/git/np/include/np/ndarray/internal/NDArrayBase.hpp:73: warning: Member NDArrayBase(const NDArrayBase &another) (function) of class NDArrayBase< T, ArrayExpression< T, Derived, Storage >, Storage > is not documented.
/home/mike/git/np/include/np/ndarray/internal/NDArrayBase.hpp:75: warning: Member NDArrayBase(NDArrayBase &&another) noexcept (function) of class NDArrayBase< T, ArrayExpression< T, Derived, Storage >, Storage > is not documented.
/home/mike/git/np/include/np/ndarray/internal/NDArrayBase.hpp:80: warning: Member derived() const (function) of class NDArrayBase< T, ArrayExpression< T, Derived, Storage >, Storage > is not documented.
/home/mike/git/np/include/np/ndarray/internal/NDArrayBase.hpp:84: warning: Member derived() (function) of class NDArrayBase< T, ArrayExpression< T, Derived, Storage >, Storage > is not documented.
/home/mike/git/np/include/np/ndarray/internal/NDArrayBase.hpp:88: warning: Member operator=(const NDArrayBase &another) (function) of class NDArrayBase< T, ArrayExpression< T, Derived, Storage >, Storage > is not documented.
/home/mike/git/np/include/np/ndarray/internal/NDArrayBase.hpp:90: warning: Member operator=(NDArrayBase &&another) noexcept (function) of class NDArrayBase< T, ArrayExpression< T, Derived, Storage >, Storage > is not documented.
/home/mike/git/np/include/np/ndarray/internal/NDArrayBase.hpp:93: warning: Member save(const char *filename) (function) of class NDArrayBase< T, ArrayExpression< T, Derived, Storage >, Storage > is not documented.
/home/mike/git/np/include/np/ndarray/internal/NDArrayBase.hpp:95: warning: Member savez(const char *filename) (function) of class NDArrayBase< T, ArrayExpression< T, Derived, Storage >, Storage > is not documented.
/home/mike/git/np/include/np/ndarray/internal/NDArrayBase.hpp:97: warning: Member load(const char *filename) (function) of class NDArrayBase< T, ArrayExpression< T, Derived, Storage >, Storage > is not documented.
/home/mike/git/np/include/np/ndarray/internal/NDArrayBase.hpp:100: warning: Member loadtxt(const char *filename) (function) of class NDArrayBase< T, ArrayExpression< T, Derived, Storage >, Storage > is not documented.
/home/mike/git/np/include/np/ndarray/internal/NDArrayBase.hpp:102: warning: Member genfromtxt(const char *filename) (function) of class NDArrayBase< T, ArrayExpression< T, Derived, Storage >, Storage > is not documented.
/home/mike/git/np/include/np/ndarray/internal/NDArrayBase.hpp:104: warning: Member savetxt(const char *filename, const char *delimiter) (function) of class NDArrayBase< T, ArrayExpression< T, Derived, Storage >, Storage > is not documented.
/home/mike/git/np/include/np/ndarray/internal/NDArrayBase.hpp:108: warning: Member setShape(const Shape &shape) (function) of class NDArrayBase< T, ArrayExpression< T, Derived, Storage >, Storage > is not documented.
/home/mike/git/np/include/np/ndarray/internal/NDArrayBase.hpp:129: warning: Member dtype() (function) of class NDArrayBase< T, ArrayExpression< T, Derived, Storage >, Storage > is not documented.
/home/mike/git/np/include/np/ndarray/internal/NDArrayBase.hpp:133: warning: Member addInplace(const NDArrayBase< DType2, Derived2, Storage2 > &array) (function) of class NDArrayBase< T, ArrayExpression< T, Derived, Storage >, Storage > is not documented.
/home/mike/git/np/include/np/ndarray/internal/NDArrayBase.hpp:139: warning: Member addInplace(const DType2 &value) (function) of class NDArrayBase< T, ArrayExpression< T, Derived, Storage >, Storage > is not documented.
/home/mike/git/np/include/np/ndarray/internal/NDArrayBase.hpp:136: warning: Member add(const DType2 &value) const (function) of class NDArrayBase< T, ArrayExpression< T, Derived, Storage >, Storage > is not documented.
/home/mike/git/np/include/np/ndarray/internal/NDArrayBase.hpp:142: warning: Member subtractInplace(const NDArrayBase< DType2, Derived2, Storage2 > &array) (function) of class NDArrayBase< T, ArrayExpression< T, Derived, Storage >, Storage > is not documented.
/home/mike/git/np/include/np/ndarray/internal/NDArrayBase.hpp:148: warning: Member subtractInplace(const DType2 &value) (function) of class NDArrayBase< T, ArrayExpression< T, Derived, Storage >, Storage > is not documented.
/home/mike/git/np/include/np/ndarray/internal/NDArrayBase.hpp:145: warning: Member subtract(const DType2 &value) const (function) of class NDArrayBase< T, ArrayExpression< T, Derived, Storage >, Storage > is not documented.
/home/mike/git/np/include/np/ndarray/internal/NDArrayBase.hpp:151: warning: Member subtractFrom(const DType2 &value) const (function) of class NDArrayBase< T, ArrayExpression< T, Derived, Storage >, Storage > is not documented.
/home/mike/git/np/include/np/ndarray/internal/NDArrayBase.hpp:154: warning: Member multiplyInplace(const NDArrayBase< DType2, Derived2, Storage2 > &array) (function) of class NDArrayBase< T, ArrayExpression< T, Derived, Storage >, Storage > is not documented.
/home/mike/git/np/include/np/ndarray/internal/NDArrayBase.hpp:160: warning: Member multiplyInplace(const DType2 &value) (function) of class NDArrayBase< T, ArrayExpression< T, Derived, Storage >, Storage > is not documented.
/home/mike/git/np/include/np/ndarray/internal/NDArrayBase.hpp:157: warning: Member multiply(const DType2 &value) const (function) of class NDArrayBase< T, ArrayExpression< T, Derived, Storage >, Storage > is not documented.
/home/mike/git/np/include/np/ndarray/internal/NDArrayBase.hpp:163: warning: Member divideInplace(const NDArrayBase< DType2, Derived2, Storage2 > &array) (function) of class NDArrayBase< T, ArrayExpression< T, Derived, Storage >, Storage > is not documented.
/home/mike/git/np/include/np/ndarray/internal/NDArrayBase.hpp:169: warning: Member divideInplace(const DType2 &value) (function) of class NDArrayBase< T, ArrayExpression< T, Derived, Storage >, Storage > is not documented.
/home/mike/git/np/include/np/ndarray/internal/NDArrayBase.hpp:166: warning: Member divide(const DType2 &value) const (function) of class NDArrayBase< T, ArrayExpression< T, Derived, Storage >, Storage > is not documented.
/home/mike/git/np/include/np/ndarray/internal/NDArrayBase.hpp:172: warning: Member divideFrom(const DType2 &value) const (function) of class NDArrayBase< T, ArrayExpression< T, Derived, Storage >, Storage > is not documented.
/home/mike/git/np/include/np/ndarray/internal/NDArrayBase.hpp:174: warning: Member exp() const (function) of class NDArrayBase< T, ArrayExpression< T, Derived, Storage >, Storage > is not documented.
/home/mike/git/np/include/np/ndarray/internal/NDArrayBase.hpp:176: warning: Member expInplace() (function) of class NDArrayBase< T, ArrayExpression< T, Derived, Storage >, Storage > is not documented.
/home/mike/git/np/include/np/ndarray/internal/NDArrayBase.hpp:178: warning: Member sqrt() const (function) of class NDArrayBase< T, ArrayExpression< T, Derived, Storage >, Storage > is not documented.
/home/mike/git/np/include/np/ndarray/internal/NDArrayBase.hpp:180: warning: Member sqrtInplace() (function) of class NDArrayBase< T, ArrayExpression< T, Derived, Storage >, Storage > is not documented.
/home/mike/git/np/include/np/ndarray/internal/NDArrayBase.hpp:182: warning: Member sin() const (function) of class NDArrayBase< T, ArrayExpression< T, Derived, Storage >, Storage > is not documented.
/home/mike/git/np/include/np/ndarray/internal/NDArrayBase.hpp:184: warning: Member sinInplace() (function) of class NDArrayBase< T, ArrayExpression< T, Derived, Storage >, Storage > is not documented.
/home/mike/git/np/include/np/ndarray/internal/NDArrayBase.hpp:186: warning: Member cos() const (function) of class NDArrayBase< T, ArrayExpression< T, Derived, Storage >, Storage > is not documented.
/home/mike/git/np/include/np/ndarray/internal/NDArrayBase.hpp:188: warning: Member cosInplace() (function) of class NDArrayBase< T, ArrayExpression< T, Derived, Storage >, Storage > is not documented.
/home/mike/git/np/include/np/ndarray/internal/NDArrayBase.hpp:190: warning: Member log() const (function) of class NDArrayBase< T, ArrayExpression< T, Derived, Storage >, Storage > is not documented.
/home/mike/git/np/include/np/ndarray/internal/NDArrayBase.hpp:192: warning: Member logInplace() (function) of class NDArrayBase< T, ArrayExpression< T, Derived, Storage >, Storage > is not documented.
/home/mike/git/np/include/np/ndarray/internal/NDArrayBase.hpp:194: warning: Member abs() const (function) of class NDArrayBase< T, ArrayExpression< T, Derived, Storage >, Storage > is not documented.
/home/mike/git/np/include/np/ndarray/internal/NDArrayBase.hpp:196: warning: Member absInplace() (function) of class NDArrayBase< T, ArrayExpression< T, Derived, Storage >, Storage > is not documented.
/home/mike/git/np/include/np/ndarray/internal/NDArrayBase.hpp:200: warning: Member dot(const NDArrayBase< DType2, Derived2, Storage2 > &array) const (function) of class NDArrayBase< T, ArrayExpression< T, Derived, Storage >, Storage > is not documented.
/home/mike/git/np/include/np/ndarray/internal/NDArrayBase.hpp:204: warning: Member operator==(const NDArrayBase< DType2, Derived2, Storage2 > &array) const (function) of class NDArrayBase< T, ArrayExpression< T, Derived, Storage >, Storage > is not documented.
/home/mike/git/np/include/np/ndarray/internal/NDArrayBase.hpp:207: warning: Member operator<(const NDArrayBase< DType2, Derived2, Storage2 > &array) const (function) of class NDArrayBase< T, ArrayExpression< T, Derived, Storage >, Storage > is not documented.
/home/mike/git/np/include/np/ndarray/internal/NDArrayBase.hpp:210: warning: Member operator>(const NDArrayBase< DType2, Derived2, Storage2 > &array) const (function) of class NDArrayBase< T, ArrayExpression< T, Derived, Storage >, Storage > is not documented.
/home/mike/git/np/include/np/ndarray/internal/NDArrayBase.hpp:213: warning: Member array_equal(const T &element) const (function) of class NDArrayBase< T, ArrayExpression< T, Derived, Storage >, Storage > is not documented.
/home/mike/git/np/include/np/ndarray/internal/NDArrayBase.hpp:219: warning: Member array_equal(const NDArrayBase< DType2, Derived2, Storage2 > &array) const (function) of class NDArrayBase< T, ArrayExpression< T, Derived, Storage >, Storage > is not documented.
/home/mike/git/np/include/np/ndarray/internal/NDArrayBase.hpp:234: warning: Member average(const NDArrayBase< DType2, Derived2, Storage2 > &weights) const (function) of class NDArrayBase< T, ArrayExpression< T, Derived, Storage >, Storage > is not documented.
/home/mike/git/np/include/np/ndarray/internal/NDArrayBase.hpp:237: warning: Member sum() const (function) of class NDArrayBase< T, ArrayExpression< T, Derived, Storage >, Storage > is not documented.
/home/mike/git/np/include/np/ndarray/internal/NDArrayBase.hpp:240: warning: Member nansum() const (function) of class NDArrayBase< T, ArrayExpression< T, Derived, Storage >, Storage > is not documented.
/home/mike/git/np/include/np/ndarray/internal/NDArrayBase.hpp:243: warning: Member min() const (function) of class NDArrayBase< T, ArrayExpression< T, Derived, Storage >, Storage > is not documented.
/home/mike/git/np/include/np/ndarray/internal/NDArrayBase.hpp:246: warning: Member max() const (function) of class NDArrayBase< T, ArrayExpression< T, Derived, Storage >, Storage > is not documented.
/home/mike/git/np/include/np/ndarray/internal/NDArrayBase.hpp:249: warning: Member cumsum() const (function) of class NDArrayBase< T, ArrayExpression< T, Derived, Storage >, Storage > is not documented.
/home/mike/git/np/include/np/ndarray/internal/NDArrayBase.hpp:252: warning: Member nancumsum() const (function) of class NDArrayBase< T, ArrayExpression< T, Derived, Storage >, Storage > is not documented.
/home/mike/git/np/include/np/ndarray/internal/NDArrayBase.hpp:255: warning: Member mean() const (function) of class NDArrayBase< T, ArrayExpression< T, Derived, Storage >, Storage > is not documented.
/home/mike/git/np/include/np/ndarray/internal/NDArrayBase.hpp:258: warning: Member nanmean() const (function) of class NDArrayBase< T, ArrayExpression< T, Derived, Storage >, Storage > is not documented.
/home/mike/git/np/include/np/ndarray/internal/NDArrayBase.hpp:261: warning: Member median() const (function) of class NDArrayBase< T, ArrayExpression< T, Derived, Storage >, Storage > is not documented.
/home/mike/git/np/include/np/ndarray/internal/NDArrayBase.hpp:264: warning: Member nanmedian() const (function) of class NDArrayBase< T, ArrayExpression< T, Derived, Storage >, Storage > is not documented.
/home/mike/git/np/include/np/ndarray/internal/NDArrayBase.hpp:267: warning: Member cov() const (function) of class NDArrayBase< T, ArrayExpression< T, Derived, Storage >, Storage > is not documented.
/home/mike/git/np/include/np/ndarray/internal/NDArrayBase.hpp:270: warning: Member corrcoef() const (function) of class NDArrayBase< T, ArrayExpression< T, Derived, Storage >, Storage > is not documented.
/home/mike/git/np/include/np/ndarray/internal/NDArrayBase.hpp:273: warning: Member std_() const (function) of class NDArrayBase< T, ArrayExpression< T, Derived, Storage >, Storage > is not documented.
/home/mike/git/np/include/np/ndarray/internal/NDArrayBase.hpp:276: warning: Member nanstd() const (function) of class NDArrayBase< T, ArrayExpression< T, Derived, Storage >, Storage > is not documented.
/home/mike/git/np/include/np/ndarray/internal/NDArrayBase.hpp:279: warning: Member var() const (function) of class NDArrayBase< T, ArrayExpression< T, Derived, Storage >, Storage > is not documented.
/home/mike/git/np/include/np/ndarray/internal/NDArrayBase.hpp:282: warning: Member nanvar() const (function) of class NDArrayBase< T, ArrayExpression< T, Derived, Storage >, Storage > is not documented.
/home/mike/git/np/include/np/ndarray/internal/NDArrayBase.hpp:285: warning: Member view() const (function) of class NDArrayBase< T, ArrayExpression< T, Derived, Storage >, Storage > is not documented.
/home/mike/git/np/include/np/ndarray/internal/NDArrayBase.hpp:288: warning: Member copy() const (function) of class NDArrayBase< T, ArrayExpression< T, Derived, Storage >, Storage > is not documented.
/home/mike/git/np/include/np/ndarray/internal/NDArrayBase.hpp:291: warning: Member sort() (function) of class NDArrayBase< T, ArrayExpression< T, Derived, Storage >, Storage > is not documented.
/home/mike/git/np/include/np/ndarray/internal/NDArrayBase.hpp:297: warning: Member transpose() const (function) of class NDArrayBase< T, ArrayExpression< T, Derived, Storage >, Storage > is not documented.
/home/mike/git/np/include/np/ndarray/internal/NDArrayBase.hpp:300: warning: Member ravel() const (function) of class NDArrayBase< T, ArrayExpression< T, Derived, Storage >, Storage > is not documented.
/home/mike/git/np/include/np/ndarray/internal/NDArrayBase.hpp:303: warning: Member reshape(const Shape &shape) const (function) of class NDArrayBase< T, ArrayExpression< T, Derived, Storage >, Storage > is not documented.
/home/mike/git/np/include/np/ndarray/internal/NDArrayBase.hpp:307: warning: Member resize(const Shape &shape) const (function) of class NDArrayBase< T, ArrayExpression< T, Derived, Storage >, Storage > is not documented.
/home/mike/git/np/include/np/ndarray/internal/NDArrayBase.hpp:311: warning: Member append(const NDArrayBase< DType2, Derived2, Storage2 > &array) const (function) of class NDArrayBase< T, ArrayExpression< T, Derived, Storage >, Storage > is not documented.
/home/mike/git/np/include/np/ndarray/internal/NDArrayBase.hpp:315: warning: Member insert(Size index, const NDArrayBase< DType2, Derived2, Storage2 > &array) const (function) of class NDArrayBase< T, ArrayExpression< T, Derived, Storage >, Storage > is not documented.
/home/mike/git/np/include/np/ndarray/internal/NDArrayBase.hpp:318: warning: Member del(Size index) const (function) of class NDArrayBase< T, ArrayExpression< T, Derived, Storage >, Storage > is not documented.
/home/mike/git/np/include/np/ndarray/internal/NDArrayBase.hpp:322: warning: Member concatenate(const NDArrayBase< DType2, Derived2, Storage2 > &array, std::optional< size_t > axis=std::nullopt) const (function) of class NDArrayBase< T, ArrayExpression< T, Derived, Storage >, Storage > is not documented.
/home/mike/git/np/include/np/ndarray/internal/NDArrayBase.hpp:326: warning: Member vstack(const NDArrayBase< DType2, Derived2, Storage2 > &array) const (function) of class NDArrayBase< T, ArrayExpression< T, Derived, Storage >, Storage > is not documented.
/home/mike/git/np/include/np/ndarray/internal/NDArrayBase.hpp:330: warning: Member r_(const NDArrayBase< DType2, Derived2, Storage2 > &array) const (function) of class NDArrayBase< T, ArrayExpression< T, Derived, Storage >, Storage > is not documented.
/home/mike/git/np/include/np/ndarray/internal/NDArrayBase.hpp:334: warning: Member hstack(const NDArrayBase< DType2, Derived2, Storage2 > &array) const (function) of class NDArrayBase< T, ArrayExpression< T, Derived, Storage >, Storage > is not documented.
/home/mike/git/np/include/np/ndarray/internal/NDArrayBase.hpp:338: warning: Member c_(const NDArrayBase< DType2, Derived2, Storage2 > &array) const (function) of class NDArrayBase< T, ArrayExpression< T, Derived, Storage >, Storage > is not documented.
/home/mike/git/np/include/np/ndarray/internal/NDArrayBase.hpp:341: warning: Member hsplit(size_t sections) const (function) of class NDArrayBase< T, ArrayExpression< T, Derived, Storage >, Storage > is not documented.
/home/mike/git/np/include/np/ndarray/internal/NDArrayBase.hpp:344: warning: Member vsplit(size_t sections) const (function) of class NDArrayBase< T, ArrayExpression< T, Derived, Storage >, Storage > is not documented.
/home/mike/git/np/include/np/ndarray/internal/NDArrayBase.hpp:347: warning: Member expand_dims(Size axis) const (function) of class NDArrayBase< T, ArrayExpression< T, Derived, Storage >, Storage > is not documented.
/home/mike/git/np/include/np/ndarray/internal/NDArrayBase.hpp:349: warning: Member data() const (function) of class NDArrayBase< T, ArrayExpression< T, Derived, Storage >, Storage > is not documented.
/home/mike/git/np/include/np/ndarray/internal/NDArrayBase.hpp:361: warning: Member data() (function) of class NDArrayBase< T, ArrayExpression< T, Derived, Storage >, Storage > is not documented.
/home/mike/git/np/include/np/ndarray/internal/NDArrayBase.hpp:374: warning: Member get(Size i) (function) of class NDArrayBase< T, ArrayExpression< T, Derived, Storage >, Storage > is not documented.
/home/mike/git/np/include/np/ndarray/internal/NDArrayBase.hpp:378: warning: Member set(Size i, const T &value) (function) of class NDArrayBase< T, ArrayExpression< T, Derived, Storage >, Storage > is not documented.
/home/mike/git/np/include/np/ndarray/internal/NDArrayBase.hpp:383: warning: Member at(Size row, Size column) const (function) of class NDArrayBase< T, ArrayExpression< T, Derived, Storage >, Storage > is not documented.
/home/mike/git/np/include/np/ndarray/internal/NDArrayBase.hpp:397: warning: Member at(Size row, Size column) (function) of class NDArrayBase< T, ArrayExpression< T, Derived, Storage >, Storage > is not documented.
/home/mike/git/np/include/np/ndarray/internal/NDArrayBase.hpp:410: warning: Member getStorage() (function) of class NDArrayBase< T, ArrayExpression< T, Derived, Storage >, Storage > is not documented.
/home/mike/git/np/include/np/ndarray/internal/NDArrayBase.hpp:414: warning: Member getStorage() const (function) of class NDArrayBase< T, ArrayExpression< T, Derived, Storage >, Storage > is not documented.
/home/mike/git/np/include/np/ndarray/internal/NDArrayBase.hpp:418: warning: Member index(Size i) const (function) of class NDArrayBase< T, ArrayExpression< T, Derived, Storage >, Storage > is not documented.
/home/mike/git/np/include/np/ndarray/internal/NDArrayBase.hpp:426: warning: Member begin() (function) of class NDArrayBase< T, ArrayExpression< T, Derived, Storage >, Storage > is not documented.
/home/mike/git/np/include/np/ndarray/internal/NDArrayBase.hpp:430: warning: Member end() (function) of class NDArrayBase< T, ArrayExpression< T, Derived, Storage >, Storage > is not documented.
/home/mike/git/np/include/np/ndarray/internal/NDArrayBase.hpp:434: warning: Member cbegin() const (function) of class NDArrayBase< T, ArrayExpression< T, Derived, Storage >, Storage > is not documented.
/home/mike/git/np/include/np/ndarray/internal/NDArrayBase.hpp:438: warning: Member cend() const (function) of class NDArrayBase< T, ArrayExpression< T, Derived, Storage >, Storage > is not documented.
/home/mike/git/np/include/np/ndarray/internal/NDArrayBase.hpp:442: warning: Member push(const T &value) (function) of class NDArrayBase< T, ArrayExpression< T, Derived, Storage >, Storage > is not documented.
/home/mike/git/np/include/np/ndarray/internal/NDArrayBase.hpp:450: warning: Member operator[](SignedSize i) const (function) of class NDArrayBase< T, ArrayExpression< T, Derived, Storage >, Storage > is not documented.
/home/mike/git/np/include/np/ndarray/internal/NDArrayBase.hpp:451: warning: Member operator[](SignedSize i) (function) of class NDArrayBase< T, ArrayExpression< T, Derived, Storage >, Storage > is not documented.
/home/mike/git/np/include/np/ndarray/internal/NDArrayBase.hpp:461: warning: Member operator[](const std::string &cond) const (function) of class NDArrayBase< T, ArrayExpression< T, Derived, Storage >, Storage > is not documented.
/home/mike/git/np/include/np/ndarray/internal/NDArrayBase.hpp:462: warning: Member operator[](const std::string &cond) (function) of class NDArrayBase< T, ArrayExpression< T, Derived, Storage >, Storage > is not documented.
/home/mike/git/np/include/np/ndarray/internal/NDArrayBase.hpp:464: warning: Member operator T() const (function) of class NDArrayBase< T, ArrayExpression< T, Derived, Storage >, Storage > is not documented.
/home/mike/git/np/include/np/ndarray/internal/NDArrayBase.hpp:495: warning: Member save(std::ostream &stream) (function) of class NDArrayBase< T, ArrayExpression< T, Derived, Storage >, Storage > is not documented.
/home/mike/git/np/include/np/ndarray/internal/NDArrayBase.hpp:496: warning: Member load(std::istream &stream) (function) of class NDArrayBase< T, ArrayExpression< T, Derived, Storage >, Storage > is not documented.
/home/mike/git/np/include/np/ndarray/internal/NDArrayBase.hpp:470: warning: Member getMaxElementSize() const (function) of class NDArrayBase< T, ArrayExpression< T, Derived, Storage >, Storage > is not documented.
/home/mike/git/np/include/np/ndarray/internal/NDArrayBase.hpp:483: warning: Member dumpToStreamAsBinary(std::ostream &stream) (function) of class NDArrayBase< T, ArrayExpression< T, Derived, Storage >, Storage > is not documented.
/home/mike/git/np/include/np/ndarray/internal/NDArrayBase.hpp:489: warning: Member runHandlers(Size dimIndex, const std::string &dimCond) const (function) of class NDArrayBase< T, ArrayExpression< T, Derived, Storage >, Storage > is not documented.
/home/mike/git/np/include/np/ndarray/internal/NDArrayBase.hpp:490: warning: Member none(Size dimIndex, const std::string &dimCond) const (function) of class NDArrayBase< T, ArrayExpression< T, Derived, Storage >, Storage > is not documented.
/home/mike/git/np/include/np/ndarray/internal/NDArrayBase.hpp:491: warning: Member subsetting(Size dimIndex, const std::string &dimCond) const (function) of class NDArrayBase< T, ArrayExpression< T, Derived, Storage >, Storage > is not documented.
/home/mike/git/np/include/np/ndarray/internal/NDArrayBase.hpp:492: warning: Member slicing(Size dimIndex, const std::string &dimCond) const (function) of class NDArrayBase< T, ArrayExpression< T, Derived, Storage >, Storage > is not documented.
/home/mike/git/np/include/np/ndarray/internal/NDArrayBase.hpp:493: warning: Member booleanIndexing(Size dimIndex, const std::string &dimCond) const (function) of class NDArrayBase< T, ArrayExpression< T, Derived, Storage >, Storage > is not documented.
/home/mike/git/np/include/np/ndarray/internal/Expression.hpp:286: warning: Member DType (typedef) of class np::ndarray::internal::BinaryExpression is not documented.
/home/mike/git/np/include/np/ndarray/internal/Expression.hpp:287: warning: Member OpType (typedef) of class np::ndarray::internal::BinaryExpression is not documented.
/home/mike/git/np/include/np/ndarray/internal/Expression.hpp:288: warning: Member LeftType (typedef) of class np::ndarray::internal::BinaryExpression is not documented.
/home/mike/git/np/include/np/ndarray/internal/Expression.hpp:289: warning: Member RightType (typedef) of class np::ndarray::internal::BinaryExpression is not documented.
/home/mike/git/np/include/np/ndarray/internal/NDArrayBase.hpp:447: warning: Member IndexParentType (typedef) of class NDArrayBase< std::conditional_t< std::is_same_v< Op, LessOp >, bool, std::common_type_t< Left::DType, Right::DType > >, BinaryExpression< Op, Left, Right >, EmptyStorage< std::conditional_t< std::is_same_v< Op, LessOp >, bool, std::common_type_t< Left::DType, Right::DType > > > > is not documented.
/home/mike/git/np/include/np/ndarray/internal/NDArrayBase.hpp:448: warning: Member IndexParentConstType (typedef) of class NDArrayBase< std::conditional_t< std::is_same_v< Op, LessOp >, bool, std::common_type_t< Left::DType, Right::DType > >, BinaryExpression< Op, Left, Right >, EmptyStorage< std::conditional_t< std::is_same_v< Op, LessOp >, bool, std::common_type_t< Left::DType, Right::DType > > > > is not documented.
/home/mike/git/np/include/np/ndarray/internal/Expression.hpp:291: warning: Member BinaryExpression(Left left, Right right) (function) of class np::ndarray::internal::BinaryExpression is not documented.
/home/mike/git/np/include/np/ndarray/internal/Expression.hpp:298: warning: Member get(Size i) const override (function) of class np::ndarray::internal::BinaryExpression is not documented.
/home/mike/git/np/include/np/ndarray/internal/Expression.hpp:315: warning: Member operator[](const std::string &cond) const (function) of class np::ndarray::internal::BinaryExpression is not documented.
/home/mike/git/np/include/np/ndarray/internal/Expression.hpp:323: warning: Member operator[](const char *cond) const (function) of class np::ndarray::internal::BinaryExpression is not documented.
/home/mike/git/np/include/np/ndarray/internal/Expression.hpp:331: warning: Member size() const override (function) of class np::ndarray::internal::BinaryExpression is not documented.
/home/mike/git/np/include/np/ndarray/internal/Expression.hpp:335: warning: Member shape() const override (function) of class np::ndarray::internal::BinaryExpression is not documented.
/home/mike/git/np/include/np/ndarray/internal/Expression.hpp:345: warning: Member eval_broadcast(Array< DType > &result, Size n) const (function) of class np::ndarray::internal::BinaryExpression is not documented.
/home/mike/git/np/include/np/ndarray/internal/Expression.hpp:354: warning: Member eval() const (function) of class np::ndarray::internal::BinaryExpression is not documented.
/home/mike/git/np/include/np/ndarray/internal/Expression.hpp:542: warning: Member count_if() const (function) of class np::ndarray::internal::BinaryExpression is not documented.
/home/mike/git/np/include/np/ndarray/internal/Expression.hpp:160: warning: Member operator[](const std::string &cond) const (function) of class ExpressionBase< BinaryExpression< Op, Left, Right >, std::conditional_t< std::is_same_v< Op, LessOp >, bool, std::common_type_t< Left::DType, Right::DType > > > is not documented.
/home/mike/git/np/include/np/ndarray/internal/Expression.hpp:165: warning: Member size() const (function) of class ExpressionBase< BinaryExpression< Op, Left, Right >, std::conditional_t< std::is_same_v< Op, LessOp >, bool, std::common_type_t< Left::DType, Right::DType > > > is not documented.
/home/mike/git/np/include/np/ndarray/internal/Expression.hpp:170: warning: Member shape() const (function) of class ExpressionBase< BinaryExpression< Op, Left, Right >, std::conditional_t< std::is_same_v< Op, LessOp >, bool, std::common_type_t< Left::DType, Right::DType > > > is not documented.
/home/mike/git/np/include/np/ndarray/internal/Expression.hpp:175: warning: Member operator Array< std::conditional_t< std::is_same_v< Op, LessOp >, bool, std::common_type_t< Left::DType, Right::DType > > >() const (function) of class ExpressionBase< BinaryExpression< Op, Left, Right >, std::conditional_t< std::is_same_v< Op, LessOp >, bool, std::common_type_t< Left::DType, Right::DType > > > is not documented.
/home/mike/git/np/include/np/ndarray/internal/Expression.hpp:180: warning: Member eval() const (function) of class ExpressionBase< BinaryExpression< Op, Left, Right >, std::conditional_t< std::is_same_v< Op, LessOp >, bool, std::common_type_t< Left::DType, Right::DType > > > is not documented.
/home/mike/git/np/include/np/ndarray/internal/Expression.hpp:185: warning: Member count_if() const (function) of class ExpressionBase< BinaryExpression< Op, Left, Right >, std::conditional_t< std::is_same_v< Op, LessOp >, bool, std::common_type_t< Left::DType, Right::DType > > > is not documented.
/home/mike/git/np/include/np/ndarray/internal/Expression.hpp:195: warning: Member count_less_than(const Scalar &threshold) const (function) of class ExpressionBase< BinaryExpression< Op, Left, Right >, std::conditional_t< std::is_same_v< Op, LessOp >, bool, std::common_type_t< Left::DType, Right::DType > > > is not documented.
/home/mike/git/np/include/np/ndarray/internal/Expression.hpp:209: warning: Member sum(const std::string &cond) const (function) of class ExpressionBase< BinaryExpression< Op, Left, Right >, std::conditional_t< std::is_same_v< Op, LessOp >, bool, std::common_type_t< Left::DType, Right::DType > > > is not documented.
/home/mike/git/np/include/np/ndarray/internal/Expression.hpp:222: warning: Member operator<(const ExpressionBase< OtherDerived, OtherDType > &other) const (function) of class ExpressionBase< BinaryExpression< Op, Left, Right >, std::conditional_t< std::is_same_v< Op, LessOp >, bool, std::common_type_t< Left::DType, Right::DType > > > is not documented.
/home/mike/git/np/include/np/ndarray/internal/Expression.hpp:230: warning: Member operator<(const Scalar &value) const (function) of class ExpressionBase< BinaryExpression< Op, Left, Right >, std::conditional_t< std::is_same_v< Op, LessOp >, bool, std::common_type_t< Left::DType, Right::DType > > > is not documented.
/home/mike/git/np/include/np/ndarray/internal/NDArrayBase.hpp:71: warning: Member NDArrayBase(Args &&...args) (function) of class NDArrayBase< std::conditional_t< std::is_same_v< Op, LessOp >, bool, std::common_type_t< Left::DType, Right::DType > >, BinaryExpression< Op, Left, Right >, EmptyStorage< std::conditional_t< std::is_same_v< Op, LessOp >, bool, std::common_type_t< Left::DType, Right::DType > > > > is not documented.
/home/mike/git/np/include/np/ndarray/internal/NDArrayBase.hpp:73: warning: Member NDArrayBase(const NDArrayBase &another) (function) of class NDArrayBase< std::conditional_t< std::is_same_v< Op, LessOp >, bool, std::common_type_t< Left::DType, Right::DType > >, BinaryExpression< Op, Left, Right >, EmptyStorage< std::conditional_t< std::is_same_v< Op, LessOp >, bool, std::common_type_t< Left::DType, Right::DType > > > > is not documented.
/home/mike/git/np/include/np/ndarray/internal/NDArrayBase.hpp:75: warning: Member NDArrayBase(NDArrayBase &&another) noexcept (function) of class NDArrayBase< std::conditional_t< std::is_same_v< Op, LessOp >, bool, std::common_type_t< Left::DType, Right::DType > >, BinaryExpression< Op, Left, Right >, EmptyStorage< std::conditional_t< std::is_same_v< Op, LessOp >, bool, std::common_type_t< Left::DType, Right::DType > > > > is not documented.
/home/mike/git/np/include/np/ndarray/internal/NDArrayBase.hpp:80: warning: Member derived() const (function) of class NDArrayBase< std::conditional_t< std::is_same_v< Op, LessOp >, bool, std::common_type_t< Left::DType, Right::DType > >, BinaryExpression< Op, Left, Right >, EmptyStorage< std::conditional_t< std::is_same_v< Op, LessOp >, bool, std::common_type_t< Left::DType, Right::DType > > > > is not documented.
/home/mike/git/np/include/np/ndarray/internal/NDArrayBase.hpp:84: warning: Member derived() (function) of class NDArrayBase< std::conditional_t< std::is_same_v< Op, LessOp >, bool, std::common_type_t< Left::DType, Right::DType > >, BinaryExpression< Op, Left, Right >, EmptyStorage< std::conditional_t< std::is_same_v< Op, LessOp >, bool, std::common_type_t< Left::DType, Right::DType > > > > is not documented.
/home/mike/git/np/include/np/ndarray/internal/NDArrayBase.hpp:88: warning: Member operator=(const NDArrayBase &another) (function) of class NDArrayBase< std::conditional_t< std::is_same_v< Op, LessOp >, bool, std::common_type_t< Left::DType, Right::DType > >, BinaryExpression< Op, Left, Right >, EmptyStorage< std::conditional_t< std::is_same_v< Op, LessOp >, bool, std::common_type_t< Left::DType, Right::DType > > > > is not documented.
/home/mike/git/np/include/np/ndarray/internal/NDArrayBase.hpp:90: warning: Member operator=(NDArrayBase &&another) noexcept (function) of class NDArrayBase< std::conditional_t< std::is_same_v< Op, LessOp >, bool, std::common_type_t< Left::DType, Right::DType > >, BinaryExpression< Op, Left, Right >, EmptyStorage< std::conditional_t< std::is_same_v< Op, LessOp >, bool, std::common_type_t< Left::DType, Right::DType > > > > is not documented.
/home/mike/git/np/include/np/ndarray/internal/NDArrayBase.hpp:93: warning: Member save(const char *filename) (function) of class NDArrayBase< std::conditional_t< std::is_same_v< Op, LessOp >, bool, std::common_type_t< Left::DType, Right::DType > >, BinaryExpression< Op, Left, Right >, EmptyStorage< std::conditional_t< std::is_same_v< Op, LessOp >, bool, std::common_type_t< Left::DType, Right::DType > > > > is not documented.
/home/mike/git/np/include/np/ndarray/internal/NDArrayBase.hpp:95: warning: Member savez(const char *filename) (function) of class NDArrayBase< std::conditional_t< std::is_same_v< Op, LessOp >, bool, std::common_type_t< Left::DType, Right::DType > >, BinaryExpression< Op, Left, Right >, EmptyStorage< std::conditional_t< std::is_same_v< Op, LessOp >, bool, std::common_type_t< Left::DType, Right::DType > > > > is not documented.
/home/mike/git/np/include/np/ndarray/internal/NDArrayBase.hpp:97: warning: Member load(const char *filename) (function) of class NDArrayBase< std::conditional_t< std::is_same_v< Op, LessOp >, bool, std::common_type_t< Left::DType, Right::DType > >, BinaryExpression< Op, Left, Right >, EmptyStorage< std::conditional_t< std::is_same_v< Op, LessOp >, bool, std::common_type_t< Left::DType, Right::DType > > > > is not documented.
/home/mike/git/np/include/np/ndarray/internal/NDArrayBase.hpp:100: warning: Member loadtxt(const char *filename) (function) of class NDArrayBase< std::conditional_t< std::is_same_v< Op, LessOp >, bool, std::common_type_t< Left::DType, Right::DType > >, BinaryExpression< Op, Left, Right >, EmptyStorage< std::conditional_t< std::is_same_v< Op, LessOp >, bool, std::common_type_t< Left::DType, Right::DType > > > > is not documented.
/home/mike/git/np/include/np/ndarray/internal/NDArrayBase.hpp:102: warning: Member genfromtxt(const char *filename) (function) of class NDArrayBase< std::conditional_t< std::is_same_v< Op, LessOp >, bool, std::common_type_t< Left::DType, Right::DType > >, BinaryExpression< Op, Left, Right >, EmptyStorage< std::conditional_t< std::is_same_v< Op, LessOp >, bool, std::common_type_t< Left::DType, Right::DType > > > > is not documented.
/home/mike/git/np/include/np/ndarray/internal/NDArrayBase.hpp:104: warning: Member savetxt(const char *filename, const char *delimiter) (function) of class NDArrayBase< std::conditional_t< std::is_same_v< Op, LessOp >, bool, std::common_type_t< Left::DType, Right::DType > >, BinaryExpression< Op, Left, Right >, EmptyStorage< std::conditional_t< std::is_same_v< Op, LessOp >, bool, std::common_type_t< Left::DType, Right::DType > > > > is not documented.
/home/mike/git/np/include/np/ndarray/internal/NDArrayBase.hpp:108: warning: Member setShape(const Shape &shape) (function) of class NDArrayBase< std::conditional_t< std::is_same_v< Op, LessOp >, bool, std::common_type_t< Left::DType, Right::DType > >, BinaryExpression< Op, Left, Right >, EmptyStorage< std::conditional_t< std::is_same_v< Op, LessOp >, bool, std::common_type_t< Left::DType, Right::DType > > > > is not documented.
/home/mike/git/np/include/np/ndarray/internal/NDArrayBase.hpp:110: warning: Member empty() const (function) of class NDArrayBase< std::conditional_t< std::is_same_v< Op, LessOp >, bool, std::common_type_t< Left::DType, Right::DType > >, BinaryExpression< Op, Left, Right >, EmptyStorage< std::conditional_t< std::is_same_v< Op, LessOp >, bool, std::common_type_t< Left::DType, Right::DType > > > > is not documented.
/home/mike/git/np/include/np/ndarray/internal/NDArrayBase.hpp:115: warning: Member len() const (function) of class NDArrayBase< std::conditional_t< std::is_same_v< Op, LessOp >, bool, std::common_type_t< Left::DType, Right::DType > >, BinaryExpression< Op, Left, Right >, EmptyStorage< std::conditional_t< std::is_same_v< Op, LessOp >, bool, std::common_type_t< Left::DType, Right::DType > > > > is not documented.
/home/mike/git/np/include/np/ndarray/internal/NDArrayBase.hpp:120: warning: Member ndim() const (function) of class NDArrayBase< std::conditional_t< std::is_same_v< Op, LessOp >, bool, std::common_type_t< Left::DType, Right::DType > >, BinaryExpression< Op, Left, Right >, EmptyStorage< std::conditional_t< std::is_same_v< Op, LessOp >, bool, std::common_type_t< Left::DType, Right::DType > > > > is not documented.
/home/mike/git/np/include/np/ndarray/internal/NDArrayBase.hpp:129: warning: Member dtype() (function) of class NDArrayBase< std::conditional_t< std::is_same_v< Op, LessOp >, bool, std::common_type_t< Left::DType, Right::DType > >, BinaryExpression< Op, Left, Right >, EmptyStorage< std::conditional_t< std::is_same_v< Op, LessOp >, bool, std::common_type_t< Left::DType, Right::DType > > > > is not documented.
/home/mike/git/np/include/np/ndarray/internal/NDArrayBase.hpp:133: warning: Member addInplace(const NDArrayBase< DType2, Derived2, Storage2 > &array) (function) of class NDArrayBase< std::conditional_t< std::is_same_v< Op, LessOp >, bool, std::common_type_t< Left::DType, Right::DType > >, BinaryExpression< Op, Left, Right >, EmptyStorage< std::conditional_t< std::is_same_v< Op, LessOp >, bool, std::common_type_t< Left::DType, Right::DType > > > > is not documented.
/home/mike/git/np/include/np/ndarray/internal/NDArrayBase.hpp:139: warning: Member addInplace(const DType2 &value) (function) of class NDArrayBase< std::conditional_t< std::is_same_v< Op, LessOp >, bool, std::common_type_t< Left::DType, Right::DType > >, BinaryExpression< Op, Left, Right >, EmptyStorage< std::conditional_t< std::is_same_v< Op, LessOp >, bool, std::common_type_t< Left::DType, Right::DType > > > > is not documented.
/home/mike/git/np/include/np/ndarray/internal/NDArrayBase.hpp:136: warning: Member add(const DType2 &value) const (function) of class NDArrayBase< std::conditional_t< std::is_same_v< Op, LessOp >, bool, std::common_type_t< Left::DType, Right::DType > >, BinaryExpression< Op, Left, Right >, EmptyStorage< std::conditional_t< std::is_same_v< Op, LessOp >, bool, std::common_type_t< Left::DType, Right::DType > > > > is not documented.
/home/mike/git/np/include/np/ndarray/internal/NDArrayBase.hpp:142: warning: Member subtractInplace(const NDArrayBase< DType2, Derived2, Storage2 > &array) (function) of class NDArrayBase< std::conditional_t< std::is_same_v< Op, LessOp >, bool, std::common_type_t< Left::DType, Right::DType > >, BinaryExpression< Op, Left, Right >, EmptyStorage< std::conditional_t< std::is_same_v< Op, LessOp >, bool, std::common_type_t< Left::DType, Right::DType > > > > is not documented.
/home/mike/git/np/include/np/ndarray/internal/NDArrayBase.hpp:148: warning: Member subtractInplace(const DType2 &value) (function) of class NDArrayBase< std::conditional_t< std::is_same_v< Op, LessOp >, bool, std::common_type_t< Left::DType, Right::DType > >, BinaryExpression< Op, Left, Right >, EmptyStorage< std::conditional_t< std::is_same_v< Op, LessOp >, bool, std::common_type_t< Left::DType, Right::DType > > > > is not documented.
/home/mike/git/np/include/np/ndarray/internal/NDArrayBase.hpp:145: warning: Member subtract(const DType2 &value) const (function) of class NDArrayBase< std::conditional_t< std::is_same_v< Op, LessOp >, bool, std::common_type_t< Left::DType, Right::DType > >, BinaryExpression< Op, Left, Right >, EmptyStorage< std::conditional_t< std::is_same_v< Op, LessOp >, bool, std::common_type_t< Left::DType, Right::DType > > > > is not documented.
/home/mike/git/np/include/np/ndarray/internal/NDArrayBase.hpp:151: warning: Member subtractFrom(const DType2 &value) const (function) of class NDArrayBase< std::conditional_t< std::is_same_v< Op, LessOp >, bool, std::common_type_t< Left::DType, Right::DType > >, BinaryExpression< Op, Left, Right >, EmptyStorage< std::conditional_t< std::is_same_v< Op, LessOp >, bool, std::common_type_t< Left::DType, Right::DType > > > > is not documented.
/home/mike/git/np/include/np/ndarray/internal/NDArrayBase.hpp:154: warning: Member multiplyInplace(const NDArrayBase< DType2, Derived2, Storage2 > &array) (function) of class NDArrayBase< std::conditional_t< std::is_same_v< Op, LessOp >, bool, std::common_type_t< Left::DType, Right::DType > >, BinaryExpression< Op, Left, Right >, EmptyStorage< std::conditional_t< std::is_same_v< Op, LessOp >, bool, std::common_type_t< Left::DType, Right::DType > > > > is not documented.
/home/mike/git/np/include/np/ndarray/internal/NDArrayBase.hpp:160: warning: Member multiplyInplace(const DType2 &value) (function) of class NDArrayBase< std::conditional_t< std::is_same_v< Op, LessOp >, bool, std::common_type_t< Left::DType, Right::DType > >, BinaryExpression< Op, Left, Right >, EmptyStorage< std::conditional_t< std::is_same_v< Op, LessOp >, bool, std::common_type_t< Left::DType, Right::DType > > > > is not documented.
/home/mike/git/np/include/np/ndarray/internal/NDArrayBase.hpp:157: warning: Member multiply(const DType2 &value) const (function) of class NDArrayBase< std::conditional_t< std::is_same_v< Op, LessOp >, bool, std::common_type_t< Left::DType, Right::DType > >, BinaryExpression< Op, Left, Right >, EmptyStorage< std::conditional_t< std::is_same_v< Op, LessOp >, bool, std::common_type_t< Left::DType, Right::DType > > > > is not documented.
/home/mike/git/np/include/np/ndarray/internal/NDArrayBase.hpp:163: warning: Member divideInplace(const NDArrayBase< DType2, Derived2, Storage2 > &array) (function) of class NDArrayBase< std::conditional_t< std::is_same_v< Op, LessOp >, bool, std::common_type_t< Left::DType, Right::DType > >, BinaryExpression< Op, Left, Right >, EmptyStorage< std::conditional_t< std::is_same_v< Op, LessOp >, bool, std::common_type_t< Left::DType, Right::DType > > > > is not documented.
/home/mike/git/np/include/np/ndarray/internal/NDArrayBase.hpp:169: warning: Member divideInplace(const DType2 &value) (function) of class NDArrayBase< std::conditional_t< std::is_same_v< Op, LessOp >, bool, std::common_type_t< Left::DType, Right::DType > >, BinaryExpression< Op, Left, Right >, EmptyStorage< std::conditional_t< std::is_same_v< Op, LessOp >, bool, std::common_type_t< Left::DType, Right::DType > > > > is not documented.
/home/mike/git/np/include/np/ndarray/internal/NDArrayBase.hpp:166: warning: Member divide(const DType2 &value) const (function) of class NDArrayBase< std::conditional_t< std::is_same_v< Op, LessOp >, bool, std::common_type_t< Left::DType, Right::DType > >, BinaryExpression< Op, Left, Right >, EmptyStorage< std::conditional_t< std::is_same_v< Op, LessOp >, bool, std::common_type_t< Left::DType, Right::DType > > > > is not documented.
/home/mike/git/np/include/np/ndarray/internal/NDArrayBase.hpp:172: warning: Member divideFrom(const DType2 &value) const (function) of class NDArrayBase< std::conditional_t< std::is_same_v< Op, LessOp >, bool, std::common_type_t< Left::DType, Right::DType > >, BinaryExpression< Op, Left, Right >, EmptyStorage< std::conditional_t< std::is_same_v< Op, LessOp >, bool, std::common_type_t< Left::DType, Right::DType > > > > is not documented.
/home/mike/git/np/include/np/ndarray/internal/NDArrayBase.hpp:174: warning: Member exp() const (function) of class NDArrayBase< std::conditional_t< std::is_same_v< Op, LessOp >, bool, std::common_type_t< Left::DType, Right::DType > >, BinaryExpression< Op, Left, Right >, EmptyStorage< std::conditional_t< std::is_same_v< Op, LessOp >, bool, std::common_type_t< Left::DType, Right::DType > > > > is not documented.
/home/mike/git/np/include/np/ndarray/internal/NDArrayBase.hpp:176: warning: Member expInplace() (function) of class NDArrayBase< std::conditional_t< std::is_same_v< Op, LessOp >, bool, std::common_type_t< Left::DType, Right::DType > >, BinaryExpression< Op, Left, Right >, EmptyStorage< std::conditional_t< std::is_same_v< Op, LessOp >, bool, std::common_type_t< Left::DType, Right::DType > > > > is not documented.
/home/mike/git/np/include/np/ndarray/internal/NDArrayBase.hpp:178: warning: Member sqrt() const (function) of class NDArrayBase< std::conditional_t< std::is_same_v< Op, LessOp >, bool, std::common_type_t< Left::DType, Right::DType > >, BinaryExpression< Op, Left, Right >, EmptyStorage< std::conditional_t< std::is_same_v< Op, LessOp >, bool, std::common_type_t< Left::DType, Right::DType > > > > is not documented.
/home/mike/git/np/include/np/ndarray/internal/NDArrayBase.hpp:180: warning: Member sqrtInplace() (function) of class NDArrayBase< std::conditional_t< std::is_same_v< Op, LessOp >, bool, std::common_type_t< Left::DType, Right::DType > >, BinaryExpression< Op, Left, Right >, EmptyStorage< std::conditional_t< std::is_same_v< Op, LessOp >, bool, std::common_type_t< Left::DType, Right::DType > > > > is not documented.
/home/mike/git/np/include/np/ndarray/internal/NDArrayBase.hpp:182: warning: Member sin() const (function) of class NDArrayBase< std::conditional_t< std::is_same_v< Op, LessOp >, bool, std::common_type_t< Left::DType, Right::DType > >, BinaryExpression< Op, Left, Right >, EmptyStorage< std::conditional_t< std::is_same_v< Op, LessOp >, bool, std::common_type_t< Left::DType, Right::DType > > > > is not documented.
/home/mike/git/np/include/np/ndarray/internal/NDArrayBase.hpp:184: warning: Member sinInplace() (function) of class NDArrayBase< std::conditional_t< std::is_same_v< Op, LessOp >, bool, std::common_type_t< Left::DType, Right::DType > >, BinaryExpression< Op, Left, Right >, EmptyStorage< std::conditional_t< std::is_same_v< Op, LessOp >, bool, std::common_type_t< Left::DType, Right::DType > > > > is not documented.
/home/mike/git/np/include/np/ndarray/internal/NDArrayBase.hpp:186: warning: Member cos() const (function) of class NDArrayBase< std::conditional_t< std::is_same_v< Op, LessOp >, bool, std::common_type_t< Left::DType, Right::DType > >, BinaryExpression< Op, Left, Right >, EmptyStorage< std::conditional_t< std::is_same_v< Op, LessOp >, bool, std::common_type_t< Left::DType, Right::DType > > > > is not documented.
/home/mike/git/np/include/np/ndarray/internal/NDArrayBase.hpp:188: warning: Member cosInplace() (function) of class NDArrayBase< std::conditional_t< std::is_same_v< Op, LessOp >, bool, std::common_type_t< Left::DType, Right::DType > >, BinaryExpression< Op, Left, Right >, EmptyStorage< std::conditional_t< std::is_same_v< Op, LessOp >, bool, std::common_type_t< Left::DType, Right::DType > > > > is not documented.
/home/mike/git/np/include/np/ndarray/internal/NDArrayBase.hpp:190: warning: Member log() const (function) of class NDArrayBase< std::conditional_t< std::is_same_v< Op, LessOp >, bool, std::common_type_t< Left::DType, Right::DType > >, BinaryExpression< Op, Left, Right >, EmptyStorage< std::conditional_t< std::is_same_v< Op, LessOp >, bool, std::common_type_t< Left::DType, Right::DType > > > > is not documented.
/home/mike/git/np/include/np/ndarray/internal/NDArrayBase.hpp:192: warning: Member logInplace() (function) of class NDArrayBase< std::conditional_t< std::is_same_v< Op, LessOp >, bool, std::common_type_t< Left::DType, Right::DType > >, BinaryExpression< Op, Left, Right >, EmptyStorage< std::conditional_t< std::is_same_v< Op, LessOp >, bool, std::common_type_t< Left::DType, Right::DType > > > > is not documented.
/home/mike/git/np/include/np/ndarray/internal/NDArrayBase.hpp:194: warning: Member abs() const (function) of class NDArrayBase< std::conditional_t< std::is_same_v< Op, LessOp >, bool, std::common_type_t< Left::DType, Right::DType > >, BinaryExpression< Op, Left, Right >, EmptyStorage< std::conditional_t< std::is_same_v< Op, LessOp >, bool, std::common_type_t< Left::DType, Right::DType > > > > is not documented.
/home/mike/git/np/include/np/ndarray/internal/NDArrayBase.hpp:196: warning: Member absInplace() (function) of class NDArrayBase< std::conditional_t< std::is_same_v< Op, LessOp >, bool, std::common_type_t< Left::DType, Right::DType > >, BinaryExpression< Op, Left, Right >, EmptyStorage< std::conditional_t< std::is_same_v< Op, LessOp >, bool, std::common_type_t< Left::DType, Right::DType > > > > is not documented.
/home/mike/git/np/include/np/ndarray/internal/NDArrayBase.hpp:200: warning: Member dot(const NDArrayBase< DType2, Derived2, Storage2 > &array) const (function) of class NDArrayBase< std::conditional_t< std::is_same_v< Op, LessOp >, bool, std::common_type_t< Left::DType, Right::DType > >, BinaryExpression< Op, Left, Right >, EmptyStorage< std::conditional_t< std::is_same_v< Op, LessOp >, bool, std::common_type_t< Left::DType, Right::DType > > > > is not documented.
/home/mike/git/np/include/np/ndarray/internal/NDArrayBase.hpp:204: warning: Member operator==(const NDArrayBase< DType2, Derived2, Storage2 > &array) const (function) of class NDArrayBase< std::conditional_t< std::is_same_v< Op, LessOp >, bool, std::common_type_t< Left::DType, Right::DType > >, BinaryExpression< Op, Left, Right >, EmptyStorage< std::conditional_t< std::is_same_v< Op, LessOp >, bool, std::common_type_t< Left::DType, Right::DType > > > > is not documented.
/home/mike/git/np/include/np/ndarray/internal/NDArrayBase.hpp:207: warning: Member operator<(const NDArrayBase< DType2, Derived2, Storage2 > &array) const (function) of class NDArrayBase< std::conditional_t< std::is_same_v< Op, LessOp >, bool, std::common_type_t< Left::DType, Right::DType > >, BinaryExpression< Op, Left, Right >, EmptyStorage< std::conditional_t< std::is_same_v< Op, LessOp >, bool, std::common_type_t< Left::DType, Right::DType > > > > is not documented.
/home/mike/git/np/include/np/ndarray/internal/NDArrayBase.hpp:210: warning: Member operator>(const NDArrayBase< DType2, Derived2, Storage2 > &array) const (function) of class NDArrayBase< std::conditional_t< std::is_same_v< Op, LessOp >, bool, std::common_type_t< Left::DType, Right::DType > >, BinaryExpression< Op, Left, Right >, EmptyStorage< std::conditional_t< std::is_same_v< Op, LessOp >, bool, std::common_type_t< Left::DType, Right::DType > > > > is not documented.
/home/mike/git/np/include/np/ndarray/internal/NDArrayBase.hpp:213: warning: Member array_equal(const std::conditional_t< std::is_same_v< Op, LessOp >, bool, std::common_type_t< Left::DType, Right::DType > > &element) const (function) of class NDArrayBase< std::conditional_t< std::is_same_v< Op, LessOp >, bool, std::common_type_t< Left::DType, Right::DType > >, BinaryExpression< Op, Left, Right >, EmptyStorage< std::conditional_t< std::is_same_v< Op, LessOp >, bool, std::common_type_t< Left::DType, Right::DType > > > > is not documented.
/home/mike/git/np/include/np/ndarray/internal/NDArrayBase.hpp:219: warning: Member array_equal(const NDArrayBase< DType2, Derived2, Storage2 > &array) const (function) of class NDArrayBase< std::conditional_t< std::is_same_v< Op, LessOp >, bool, std::common_type_t< Left::DType, Right::DType > >, BinaryExpression< Op, Left, Right >, EmptyStorage< std::conditional_t< std::is_same_v< Op, LessOp >, bool, std::common_type_t< Left::DType, Right::DType > > > > is not documented.
/home/mike/git/np/include/np/ndarray/internal/NDArrayBase.hpp:234: warning: Member average(const NDArrayBase< DType2, Derived2, Storage2 > &weights) const (function) of class NDArrayBase< std::conditional_t< std::is_same_v< Op, LessOp >, bool, std::common_type_t< Left::DType, Right::DType > >, BinaryExpression< Op, Left, Right >, EmptyStorage< std::conditional_t< std::is_same_v< Op, LessOp >, bool, std::common_type_t< Left::DType, Right::DType > > > > is not documented.
/home/mike/git/np/include/np/ndarray/internal/NDArrayBase.hpp:237: warning: Member sum() const (function) of class NDArrayBase< std::conditional_t< std::is_same_v< Op, LessOp >, bool, std::common_type_t< Left::DType, Right::DType > >, BinaryExpression< Op, Left, Right >, EmptyStorage< std::conditional_t< std::is_same_v< Op, LessOp >, bool, std::common_type_t< Left::DType, Right::DType > > > > is not documented.
/home/mike/git/np/include/np/ndarray/internal/NDArrayBase.hpp:240: warning: Member nansum() const (function) of class NDArrayBase< std::conditional_t< std::is_same_v< Op, LessOp >, bool, std::common_type_t< Left::DType, Right::DType > >, BinaryExpression< Op, Left, Right >, EmptyStorage< std::conditional_t< std::is_same_v< Op, LessOp >, bool, std::common_type_t< Left::DType, Right::DType > > > > is not documented.
/home/mike/git/np/include/np/ndarray/internal/NDArrayBase.hpp:243: warning: Member min() const (function) of class NDArrayBase< std::conditional_t< std::is_same_v< Op, LessOp >, bool, std::common_type_t< Left::DType, Right::DType > >, BinaryExpression< Op, Left, Right >, EmptyStorage< std::conditional_t< std::is_same_v< Op, LessOp >, bool, std::common_type_t< Left::DType, Right::DType > > > > is not documented.
/home/mike/git/np/include/np/ndarray/internal/NDArrayBase.hpp:246: warning: Member max() const (function) of class NDArrayBase< std::conditional_t< std::is_same_v< Op, LessOp >, bool, std::common_type_t< Left::DType, Right::DType > >, BinaryExpression< Op, Left, Right >, EmptyStorage< std::conditional_t< std::is_same_v< Op, LessOp >, bool, std::common_type_t< Left::DType, Right::DType > > > > is not documented.
/home/mike/git/np/include/np/ndarray/internal/NDArrayBase.hpp:249: warning: Member cumsum() const (function) of class NDArrayBase< std::conditional_t< std::is_same_v< Op, LessOp >, bool, std::common_type_t< Left::DType, Right::DType > >, BinaryExpression< Op, Left, Right >, EmptyStorage< std::conditional_t< std::is_same_v< Op, LessOp >, bool, std::common_type_t< Left::DType, Right::DType > > > > is not documented.
/home/mike/git/np/include/np/ndarray/internal/NDArrayBase.hpp:252: warning: Member nancumsum() const (function) of class NDArrayBase< std::conditional_t< std::is_same_v< Op, LessOp >, bool, std::common_type_t< Left::DType, Right::DType > >, BinaryExpression< Op, Left, Right >, EmptyStorage< std::conditional_t< std::is_same_v< Op, LessOp >, bool, std::common_type_t< Left::DType, Right::DType > > > > is not documented.
/home/mike/git/np/include/np/ndarray/internal/NDArrayBase.hpp:255: warning: Member mean() const (function) of class NDArrayBase< std::conditional_t< std::is_same_v< Op, LessOp >, bool, std::common_type_t< Left::DType, Right::DType > >, BinaryExpression< Op, Left, Right >, EmptyStorage< std::conditional_t< std::is_same_v< Op, LessOp >, bool, std::common_type_t< Left::DType, Right::DType > > > > is not documented.
/home/mike/git/np/include/np/ndarray/internal/NDArrayBase.hpp:258: warning: Member nanmean() const (function) of class NDArrayBase< std::conditional_t< std::is_same_v< Op, LessOp >, bool, std::common_type_t< Left::DType, Right::DType > >, BinaryExpression< Op, Left, Right >, EmptyStorage< std::conditional_t< std::is_same_v< Op, LessOp >, bool, std::common_type_t< Left::DType, Right::DType > > > > is not documented.
/home/mike/git/np/include/np/ndarray/internal/NDArrayBase.hpp:261: warning: Member median() const (function) of class NDArrayBase< std::conditional_t< std::is_same_v< Op, LessOp >, bool, std::common_type_t< Left::DType, Right::DType > >, BinaryExpression< Op, Left, Right >, EmptyStorage< std::conditional_t< std::is_same_v< Op, LessOp >, bool, std::common_type_t< Left::DType, Right::DType > > > > is not documented.
/home/mike/git/np/include/np/ndarray/internal/NDArrayBase.hpp:264: warning: Member nanmedian() const (function) of class NDArrayBase< std::conditional_t< std::is_same_v< Op, LessOp >, bool, std::common_type_t< Left::DType, Right::DType > >, BinaryExpression< Op, Left, Right >, EmptyStorage< std::conditional_t< std::is_same_v< Op, LessOp >, bool, std::common_type_t< Left::DType, Right::DType > > > > is not documented.
/home/mike/git/np/include/np/ndarray/internal/NDArrayBase.hpp:267: warning: Member cov() const (function) of class NDArrayBase< std::conditional_t< std::is_same_v< Op, LessOp >, bool, std::common_type_t< Left::DType, Right::DType > >, BinaryExpression< Op, Left, Right >, EmptyStorage< std::conditional_t< std::is_same_v< Op, LessOp >, bool, std::common_type_t< Left::DType, Right::DType > > > > is not documented.
/home/mike/git/np/include/np/ndarray/internal/NDArrayBase.hpp:270: warning: Member corrcoef() const (function) of class NDArrayBase< std::conditional_t< std::is_same_v< Op, LessOp >, bool, std::common_type_t< Left::DType, Right::DType > >, BinaryExpression< Op, Left, Right >, EmptyStorage< std::conditional_t< std::is_same_v< Op, LessOp >, bool, std::common_type_t< Left::DType, Right::DType > > > > is not documented.
/home/mike/git/np/include/np/ndarray/internal/NDArrayBase.hpp:273: warning: Member std_() const (function) of class NDArrayBase< std::conditional_t< std::is_same_v< Op, LessOp >, bool, std::common_type_t< Left::DType, Right::DType > >, BinaryExpression< Op, Left, Right >, EmptyStorage< std::conditional_t< std::is_same_v< Op, LessOp >, bool, std::common_type_t< Left::DType, Right::DType > > > > is not documented.
/home/mike/git/np/include/np/ndarray/internal/NDArrayBase.hpp:276: warning: Member nanstd() const (function) of class NDArrayBase< std::conditional_t< std::is_same_v< Op, LessOp >, bool, std::common_type_t< Left::DType, Right::DType > >, BinaryExpression< Op, Left, Right >, EmptyStorage< std::conditional_t< std::is_same_v< Op, LessOp >, bool, std::common_type_t< Left::DType, Right::DType > > > > is not documented.
/home/mike/git/np/include/np/ndarray/internal/NDArrayBase.hpp:279: warning: Member var() const (function) of class NDArrayBase< std::conditional_t< std::is_same_v< Op, LessOp >, bool, std::common_type_t< Left::DType, Right::DType > >, BinaryExpression< Op, Left, Right >, EmptyStorage< std::conditional_t< std::is_same_v< Op, LessOp >, bool, std::common_type_t< Left::DType, Right::DType > > > > is not documented.
/home/mike/git/np/include/np/ndarray/internal/NDArrayBase.hpp:282: warning: Member nanvar() const (function) of class NDArrayBase< std::conditional_t< std::is_same_v< Op, LessOp >, bool, std::common_type_t< Left::DType, Right::DType > >, BinaryExpression< Op, Left, Right >, EmptyStorage< std::conditional_t< std::is_same_v< Op, LessOp >, bool, std::common_type_t< Left::DType, Right::DType > > > > is not documented.
/home/mike/git/np/include/np/ndarray/internal/NDArrayBase.hpp:285: warning: Member view() const (function) of class NDArrayBase< std::conditional_t< std::is_same_v< Op, LessOp >, bool, std::common_type_t< Left::DType, Right::DType > >, BinaryExpression< Op, Left, Right >, EmptyStorage< std::conditional_t< std::is_same_v< Op, LessOp >, bool, std::common_type_t< Left::DType, Right::DType > > > > is not documented.
/home/mike/git/np/include/np/ndarray/internal/NDArrayBase.hpp:288: warning: Member copy() const (function) of class NDArrayBase< std::conditional_t< std::is_same_v< Op, LessOp >, bool, std::common_type_t< Left::DType, Right::DType > >, BinaryExpression< Op, Left, Right >, EmptyStorage< std::conditional_t< std::is_same_v< Op, LessOp >, bool, std::common_type_t< Left::DType, Right::DType > > > > is not documented.
/home/mike/git/np/include/np/ndarray/internal/NDArrayBase.hpp:291: warning: Member sort() (function) of class NDArrayBase< std::conditional_t< std::is_same_v< Op, LessOp >, bool, std::common_type_t< Left::DType, Right::DType > >, BinaryExpression< Op, Left, Right >, EmptyStorage< std::conditional_t< std::is_same_v< Op, LessOp >, bool, std::common_type_t< Left::DType, Right::DType > > > > is not documented.
/home/mike/git/np/include/np/ndarray/internal/NDArrayBase.hpp:297: warning: Member transpose() const (function) of class NDArrayBase< std::conditional_t< std::is_same_v< Op, LessOp >, bool, std::common_type_t< Left::DType, Right::DType > >, BinaryExpression< Op, Left, Right >, EmptyStorage< std::conditional_t< std::is_same_v< Op, LessOp >, bool, std::common_type_t< Left::DType, Right::DType > > > > is not documented.
/home/mike/git/np/include/np/ndarray/internal/NDArrayBase.hpp:300: warning: Member ravel() const (function) of class NDArrayBase< std::conditional_t< std::is_same_v< Op, LessOp >, bool, std::common_type_t< Left::DType, Right::DType > >, BinaryExpression< Op, Left, Right >, EmptyStorage< std::conditional_t< std::is_same_v< Op, LessOp >, bool, std::common_type_t< Left::DType, Right::DType > > > > is not documented.
/home/mike/git/np/include/np/ndarray/internal/NDArrayBase.hpp:303: warning: Member reshape(const Shape &shape) const (function) of class NDArrayBase< std::conditional_t< std::is_same_v< Op, LessOp >, bool, std::common_type_t< Left::DType, Right::DType > >, BinaryExpression< Op, Left, Right >, EmptyStorage< std::conditional_t< std::is_same_v< Op, LessOp >, bool, std::common_type_t< Left::DType, Right::DType > > > > is not documented.
/home/mike/git/np/include/np/ndarray/internal/NDArrayBase.hpp:307: warning: Member resize(const Shape &shape) const (function) of class NDArrayBase< std::conditional_t< std::is_same_v< Op, LessOp >, bool, std::common_type_t< Left::DType, Right::DType > >, BinaryExpression< Op, Left, Right >, EmptyStorage< std::conditional_t< std::is_same_v< Op, LessOp >, bool, std::common_type_t< Left::DType, Right::DType > > > > is not documented.
/home/mike/git/np/include/np/ndarray/internal/NDArrayBase.hpp:311: warning: Member append(const NDArrayBase< DType2, Derived2, Storage2 > &array) const (function) of class NDArrayBase< std::conditional_t< std::is_same_v< Op, LessOp >, bool, std::common_type_t< Left::DType, Right::DType > >, BinaryExpression< Op, Left, Right >, EmptyStorage< std::conditional_t< std::is_same_v< Op, LessOp >, bool, std::common_type_t< Left::DType, Right::DType > > > > is not documented.
/home/mike/git/np/include/np/ndarray/internal/NDArrayBase.hpp:315: warning: Member insert(Size index, const NDArrayBase< DType2, Derived2, Storage2 > &array) const (function) of class NDArrayBase< std::conditional_t< std::is_same_v< Op, LessOp >, bool, std::common_type_t< Left::DType, Right::DType > >, BinaryExpression< Op, Left, Right >, EmptyStorage< std::conditional_t< std::is_same_v< Op, LessOp >, bool, std::common_type_t< Left::DType, Right::DType > > > > is not documented.
/home/mike/git/np/include/np/ndarray/internal/NDArrayBase.hpp:318: warning: Member del(Size index) const (function) of class NDArrayBase< std::conditional_t< std::is_same_v< Op, LessOp >, bool, std::common_type_t< Left::DType, Right::DType > >, BinaryExpression< Op, Left, Right >, EmptyStorage< std::conditional_t< std::is_same_v< Op, LessOp >, bool, std::common_type_t< Left::DType, Right::DType > > > > is not documented.
/home/mike/git/np/include/np/ndarray/internal/NDArrayBase.hpp:322: warning: Member concatenate(const NDArrayBase< DType2, Derived2, Storage2 > &array, std::optional< size_t > axis=std::nullopt) const (function) of class NDArrayBase< std::conditional_t< std::is_same_v< Op, LessOp >, bool, std::common_type_t< Left::DType, Right::DType > >, BinaryExpression< Op, Left, Right >, EmptyStorage< std::conditional_t< std::is_same_v< Op, LessOp >, bool, std::common_type_t< Left::DType, Right::DType > > > > is not documented.
/home/mike/git/np/include/np/ndarray/internal/NDArrayBase.hpp:326: warning: Member vstack(const NDArrayBase< DType2, Derived2, Storage2 > &array) const (function) of class NDArrayBase< std::conditional_t< std::is_same_v< Op, LessOp >, bool, std::common_type_t< Left::DType, Right::DType > >, BinaryExpression< Op, Left, Right >, EmptyStorage< std::conditional_t< std::is_same_v< Op, LessOp >, bool, std::common_type_t< Left::DType, Right::DType > > > > is not documented.
/home/mike/git/np/include/np/ndarray/internal/NDArrayBase.hpp:330: warning: Member r_(const NDArrayBase< DType2, Derived2, Storage2 > &array) const (function) of class NDArrayBase< std::conditional_t< std::is_same_v< Op, LessOp >, bool, std::common_type_t< Left::DType, Right::DType > >, BinaryExpression< Op, Left, Right >, EmptyStorage< std::conditional_t< std::is_same_v< Op, LessOp >, bool, std::common_type_t< Left::DType, Right::DType > > > > is not documented.
/home/mike/git/np/include/np/ndarray/internal/NDArrayBase.hpp:334: warning: Member hstack(const NDArrayBase< DType2, Derived2, Storage2 > &array) const (function) of class NDArrayBase< std::conditional_t< std::is_same_v< Op, LessOp >, bool, std::common_type_t< Left::DType, Right::DType > >, BinaryExpression< Op, Left, Right >, EmptyStorage< std::conditional_t< std::is_same_v< Op, LessOp >, bool, std::common_type_t< Left::DType, Right::DType > > > > is not documented.
/home/mike/git/np/include/np/ndarray/internal/NDArrayBase.hpp:338: warning: Member c_(const NDArrayBase< DType2, Derived2, Storage2 > &array) const (function) of class NDArrayBase< std::conditional_t< std::is_same_v< Op, LessOp >, bool, std::common_type_t< Left::DType, Right::DType > >, BinaryExpression< Op, Left, Right >, EmptyStorage< std::conditional_t< std::is_same_v< Op, LessOp >, bool, std::common_type_t< Left::DType, Right::DType > > > > is not documented.
/home/mike/git/np/include/np/ndarray/internal/NDArrayBase.hpp:341: warning: Member hsplit(size_t sections) const (function) of class NDArrayBase< std::conditional_t< std::is_same_v< Op, LessOp >, bool, std::common_type_t< Left::DType, Right::DType > >, BinaryExpression< Op, Left, Right >, EmptyStorage< std::conditional_t< std::is_same_v< Op, LessOp >, bool, std::common_type_t< Left::DType, Right::DType > > > > is not documented.
/home/mike/git/np/include/np/ndarray/internal/NDArrayBase.hpp:344: warning: Member vsplit(size_t sections) const (function) of class NDArrayBase< std::conditional_t< std::is_same_v< Op, LessOp >, bool, std::common_type_t< Left::DType, Right::DType > >, BinaryExpression< Op, Left, Right >, EmptyStorage< std::conditional_t< std::is_same_v< Op, LessOp >, bool, std::common_type_t< Left::DType, Right::DType > > > > is not documented.
/home/mike/git/np/include/np/ndarray/internal/NDArrayBase.hpp:347: warning: Member expand_dims(Size axis) const (function) of class NDArrayBase< std::conditional_t< std::is_same_v< Op, LessOp >, bool, std::common_type_t< Left::DType, Right::DType > >, BinaryExpression< Op, Left, Right >, EmptyStorage< std::conditional_t< std::is_same_v< Op, LessOp >, bool, std::common_type_t< Left::DType, Right::DType > > > > is not documented.
/home/mike/git/np/include/np/ndarray/internal/NDArrayBase.hpp:349: warning: Member data() const (function) of class NDArrayBase< std::conditional_t< std::is_same_v< Op, LessOp >, bool, std::common_type_t< Left::DType, Right::DType > >, BinaryExpression< Op, Left, Right >, EmptyStorage< std::conditional_t< std::is_same_v< Op, LessOp >, bool, std::common_type_t< Left::DType, Right::DType > > > > is not documented.
/home/mike/git/np/include/np/ndarray/internal/NDArrayBase.hpp:361: warning: Member data() (function) of class NDArrayBase< std::conditional_t< std::is_same_v< Op, LessOp >, bool, std::common_type_t< Left::DType, Right::DType > >, BinaryExpression< Op, Left, Right >, EmptyStorage< std::conditional_t< std::is_same_v< Op, LessOp >, bool, std::common_type_t< Left::DType, Right::DType > > > > is not documented.
/home/mike/git/np/include/np/ndarray/internal/NDArrayBase.hpp:374: warning: Member get(Size i) (function) of class NDArrayBase< std::conditional_t< std::is_same_v< Op, LessOp >, bool, std::common_type_t< Left::DType, Right::DType > >, BinaryExpression< Op, Left, Right >, EmptyStorage< std::conditional_t< std::is_same_v< Op, LessOp >, bool, std::common_type_t< Left::DType, Right::DType > > > > is not documented.
/home/mike/git/np/include/np/ndarray/internal/NDArrayBase.hpp:378: warning: Member set(Size i, const std::conditional_t< std::is_same_v< Op, LessOp >, bool, std::common_type_t< Left::DType, Right::DType > > &value) (function) of class NDArrayBase< std::conditional_t< std::is_same_v< Op, LessOp >, bool, std::common_type_t< Left::DType, Right::DType > >, BinaryExpression< Op, Left, Right >, EmptyStorage< std::conditional_t< std::is_same_v< Op, LessOp >, bool, std::common_type_t< Left::DType, Right::DType > > > > is not documented.
/home/mike/git/np/include/np/ndarray/internal/NDArrayBase.hpp:383: warning: Member at(Size row, Size column) const (function) of class NDArrayBase< std::conditional_t< std::is_same_v< Op, LessOp >, bool, std::common_type_t< Left::DType, Right::DType > >, BinaryExpression< Op, Left, Right >, EmptyStorage< std::conditional_t< std::is_same_v< Op, LessOp >, bool, std::common_type_t< Left::DType, Right::DType > > > > is not documented.
/home/mike/git/np/include/np/ndarray/internal/NDArrayBase.hpp:397: warning: Member at(Size row, Size column) (function) of class NDArrayBase< std::conditional_t< std::is_same_v< Op, LessOp >, bool, std::common_type_t< Left::DType, Right::DType > >, BinaryExpression< Op, Left, Right >, EmptyStorage< std::conditional_t< std::is_same_v< Op, LessOp >, bool, std::common_type_t< Left::DType, Right::DType > > > > is not documented.
/home/mike/git/np/include/np/ndarray/internal/NDArrayBase.hpp:410: warning: Member getStorage() (function) of class NDArrayBase< std::conditional_t< std::is_same_v< Op, LessOp >, bool, std::common_type_t< Left::DType, Right::DType > >, BinaryExpression< Op, Left, Right >, EmptyStorage< std::conditional_t< std::is_same_v< Op, LessOp >, bool, std::common_type_t< Left::DType, Right::DType > > > > is not documented.
/home/mike/git/np/include/np/ndarray/internal/NDArrayBase.hpp:414: warning: Member getStorage() const (function) of class NDArrayBase< std::conditional_t< std::is_same_v< Op, LessOp >, bool, std::common_type_t< Left::DType, Right::DType > >, BinaryExpression< Op, Left, Right >, EmptyStorage< std::conditional_t< std::is_same_v< Op, LessOp >, bool, std::common_type_t< Left::DType, Right::DType > > > > is not documented.
/home/mike/git/np/include/np/ndarray/internal/NDArrayBase.hpp:418: warning: Member index(Size i) const (function) of class NDArrayBase< std::conditional_t< std::is_same_v< Op, LessOp >, bool, std::common_type_t< Left::DType, Right::DType > >, BinaryExpression< Op, Left, Right >, EmptyStorage< std::conditional_t< std::is_same_v< Op, LessOp >, bool, std::common_type_t< Left::DType, Right::DType > > > > is not documented.
/home/mike/git/np/include/np/ndarray/internal/NDArrayBase.hpp:426: warning: Member begin() (function) of class NDArrayBase< std::conditional_t< std::is_same_v< Op, LessOp >, bool, std::common_type_t< Left::DType, Right::DType > >, BinaryExpression< Op, Left, Right >, EmptyStorage< std::conditional_t< std::is_same_v< Op, LessOp >, bool, std::common_type_t< Left::DType, Right::DType > > > > is not documented.
/home/mike/git/np/include/np/ndarray/internal/NDArrayBase.hpp:430: warning: Member end() (function) of class NDArrayBase< std::conditional_t< std::is_same_v< Op, LessOp >, bool, std::common_type_t< Left::DType, Right::DType > >, BinaryExpression< Op, Left, Right >, EmptyStorage< std::conditional_t< std::is_same_v< Op, LessOp >, bool, std::common_type_t< Left::DType, Right::DType > > > > is not documented.
/home/mike/git/np/include/np/ndarray/internal/NDArrayBase.hpp:434: warning: Member cbegin() const (function) of class NDArrayBase< std::conditional_t< std::is_same_v< Op, LessOp >, bool, std::common_type_t< Left::DType, Right::DType > >, BinaryExpression< Op, Left, Right >, EmptyStorage< std::conditional_t< std::is_same_v< Op, LessOp >, bool, std::common_type_t< Left::DType, Right::DType > > > > is not documented.
/home/mike/git/np/include/np/ndarray/internal/NDArrayBase.hpp:438: warning: Member cend() const (function) of class NDArrayBase< std::conditional_t< std::is_same_v< Op, LessOp >, bool, std::common_type_t< Left::DType, Right::DType > >, BinaryExpression< Op, Left, Right >, EmptyStorage< std::conditional_t< std::is_same_v< Op, LessOp >, bool, std::common_type_t< Left::DType, Right::DType > > > > is not documented.
/home/mike/git/np/include/np/ndarray/internal/NDArrayBase.hpp:442: warning: Member push(const std::conditional_t< std::is_same_v< Op, LessOp >, bool, std::common_type_t< Left::DType, Right::DType > > &value) (function) of class NDArrayBase< std::conditional_t< std::is_same_v< Op, LessOp >, bool, std::common_type_t< Left::DType, Right::DType > >, BinaryExpression< Op, Left, Right >, EmptyStorage< std::conditional_t< std::is_same_v< Op, LessOp >, bool, std::common_type_t< Left::DType, Right::DType > > > > is not documented.
/home/mike/git/np/include/np/ndarray/internal/NDArrayBase.hpp:450: warning: Member operator[](SignedSize i) const (function) of class NDArrayBase< std::conditional_t< std::is_same_v< Op, LessOp >, bool, std::common_type_t< Left::DType, Right::DType > >, BinaryExpression< Op, Left, Right >, EmptyStorage< std::conditional_t< std::is_same_v< Op, LessOp >, bool, std::common_type_t< Left::DType, Right::DType > > > > is not documented.
/home/mike/git/np/include/np/ndarray/internal/NDArrayBase.hpp:451: warning: Member operator[](SignedSize i) (function) of class NDArrayBase< std::conditional_t< std::is_same_v< Op, LessOp >, bool, std::common_type_t< Left::DType, Right::DType > >, BinaryExpression< Op, Left, Right >, EmptyStorage< std::conditional_t< std::is_same_v< Op, LessOp >, bool, std::common_type_t< Left::DType, Right::DType > > > > is not documented.
/home/mike/git/np/include/np/ndarray/internal/NDArrayBase.hpp:461: warning: Member operator[](const std::string &cond) const (function) of class NDArrayBase< std::conditional_t< std::is_same_v< Op, LessOp >, bool, std::common_type_t< Left::DType, Right::DType > >, BinaryExpression< Op, Left, Right >, EmptyStorage< std::conditional_t< std::is_same_v< Op, LessOp >, bool, std::common_type_t< Left::DType, Right::DType > > > > is not documented.
/home/mike/git/np/include/np/ndarray/internal/NDArrayBase.hpp:462: warning: Member operator[](const std::string &cond) (function) of class NDArrayBase< std::conditional_t< std::is_same_v< Op, LessOp >, bool, std::common_type_t< Left::DType, Right::DType > >, BinaryExpression< Op, Left, Right >, EmptyStorage< std::conditional_t< std::is_same_v< Op, LessOp >, bool, std::common_type_t< Left::DType, Right::DType > > > > is not documented.
/home/mike/git/np/include/np/ndarray/internal/NDArrayBase.hpp:464: warning: Member operator std::conditional_t< std::is_same_v< Op, LessOp >, bool, std::common_type_t< Left::DType, Right::DType > >() const (function) of class NDArrayBase< std::conditional_t< std::is_same_v< Op, LessOp >, bool, std::common_type_t< Left::DType, Right::DType > >, BinaryExpression< Op, Left, Right >, EmptyStorage< std::conditional_t< std::is_same_v< Op, LessOp >, bool, std::common_type_t< Left::DType, Right::DType > > > > is not documented.
/home/mike/git/np/include/np/ndarray/internal/NDArrayBase.hpp:495: warning: Member save(std::ostream &stream) (function) of class NDArrayBase< std::conditional_t< std::is_same_v< Op, LessOp >, bool, std::common_type_t< Left::DType, Right::DType > >, BinaryExpression< Op, Left, Right >, EmptyStorage< std::conditional_t< std::is_same_v< Op, LessOp >, bool, std::common_type_t< Left::DType, Right::DType > > > > is not documented.
/home/mike/git/np/include/np/ndarray/internal/NDArrayBase.hpp:496: warning: Member load(std::istream &stream) (function) of class NDArrayBase< std::conditional_t< std::is_same_v< Op, LessOp >, bool, std::common_type_t< Left::DType, Right::DType > >, BinaryExpression< Op, Left, Right >, EmptyStorage< std::conditional_t< std::is_same_v< Op, LessOp >, bool, std::common_type_t< Left::DType, Right::DType > > > > is not documented.
/home/mike/git/np/include/np/ndarray/internal/NDArrayBase.hpp:470: warning: Member getMaxElementSize() const (function) of class NDArrayBase< std::conditional_t< std::is_same_v< Op, LessOp >, bool, std::common_type_t< Left::DType, Right::DType > >, BinaryExpression< Op, Left, Right >, EmptyStorage< std::conditional_t< std::is_same_v< Op, LessOp >, bool, std::common_type_t< Left::DType, Right::DType > > > > is not documented.
/home/mike/git/np/include/np/ndarray/internal/NDArrayBase.hpp:483: warning: Member dumpToStreamAsBinary(std::ostream &stream) (function) of class NDArrayBase< std::conditional_t< std::is_same_v< Op, LessOp >, bool, std::common_type_t< Left::DType, Right::DType > >, BinaryExpression< Op, Left, Right >, EmptyStorage< std::conditional_t< std::is_same_v< Op, LessOp >, bool, std::common_type_t< Left::DType, Right::DType > > > > is not documented.
/home/mike/git/np/include/np/ndarray/internal/NDArrayBase.hpp:489: warning: Member runHandlers(Size dimIndex, const std::string &dimCond) const (function) of class NDArrayBase< std::conditional_t< std::is_same_v< Op, LessOp >, bool, std::common_type_t< Left::DType, Right::DType > >, BinaryExpression< Op, Left, Right >, EmptyStorage< std::conditional_t< std::is_same_v< Op, LessOp >, bool, std::common_type_t< Left::DType, Right::DType > > > > is not documented.
/home/mike/git/np/include/np/ndarray/internal/NDArrayBase.hpp:490: warning: Member none(Size dimIndex, const std::string &dimCond) const (function) of class NDArrayBase< std::conditional_t< std::is_same_v< Op, LessOp >, bool, std::common_type_t< Left::DType, Right::DType > >, BinaryExpression< Op, Left, Right >, EmptyStorage< std::conditional_t< std::is_same_v< Op, LessOp >, bool, std::common_type_t< Left::DType, Right::DType > > > > is not documented.
/home/mike/git/np/include/np/ndarray/internal/NDArrayBase.hpp:491: warning: Member subsetting(Size dimIndex, const std::string &dimCond) const (function) of class NDArrayBase< std::conditional_t< std::is_same_v< Op, LessOp >, bool, std::common_type_t< Left::DType, Right::DType > >, BinaryExpression< Op, Left, Right >, EmptyStorage< std::conditional_t< std::is_same_v< Op, LessOp >, bool, std::common_type_t< Left::DType, Right::DType > > > > is not documented.
/home/mike/git/np/include/np/ndarray/internal/NDArrayBase.hpp:492: warning: Member slicing(Size dimIndex, const std::string &dimCond) const (function) of class NDArrayBase< std::conditional_t< std::is_same_v< Op, LessOp >, bool, std::common_type_t< Left::DType, Right::DType > >, BinaryExpression< Op, Left, Right >, EmptyStorage< std::conditional_t< std::is_same_v< Op, LessOp >, bool, std::common_type_t< Left::DType, Right::DType > > > > is not documented.
/home/mike/git/np/include/np/ndarray/internal/NDArrayBase.hpp:493: warning: Member booleanIndexing(Size dimIndex, const std::string &dimCond) const (function) of class NDArrayBase< std::conditional_t< std::is_same_v< Op, LessOp >, bool, std::common_type_t< Left::DType, Right::DType > >, BinaryExpression< Op, Left, Right >, EmptyStorage< std::conditional_t< std::is_same_v< Op, LessOp >, bool, std::common_type_t< Left::DType, Right::DType > > > > is not documented.
/home/mike/git/np/include/np/ndarray/internal/Nep1.hpp:48: warning: Member byteOrder (variable) of struct np::ndarray::internal::Descr is not documented.
/home/mike/git/np/include/np/ndarray/internal/Nep1.hpp:49: warning: Member name (variable) of struct np::ndarray::internal::Descr is not documented.
/home/mike/git/np/include/np/ndarray/internal/Nep1.hpp:50: warning: Member size (variable) of struct np::ndarray::internal::Descr is not documented.
/home/mike/git/np/include/np/ndarray/internal/Nep1.hpp:85: warning: Member DTypeToDescrConvertor(size_t size=sizeof(DType)) (function) of class np::ndarray::internal::DTypeToDescrConvertor is not documented.
/home/mike/git/np/include/np/ndarray/internal/Nep1.hpp:88: warning: Member DTypeToDescr() (function) of class np::ndarray::internal::DTypeToDescrConvertor is not documented.
/home/mike/git/np/include/np/ndarray/internal/Nep1.hpp:93: warning: Member DTypeToChar() (function) of class np::ndarray::internal::DTypeToDescrConvertor is not documented.
/home/mike/git/np/include/np/ndarray/internal/Nep1.hpp:97: warning: Member DTypeToCharSize() (function) of class np::ndarray::internal::DTypeToDescrConvertor is not documented.
/home/mike/git/np/include/np/ndarray/internal/Nep1.hpp:106: warning: Member DTypeToChar() (function) of class np::ndarray::internal::DTypeToDescrConvertor is not documented.
/home/mike/git/np/include/np/ndarray/internal/Nep1.hpp:111: warning: Member DTypeToChar() (function) of class np::ndarray::internal::DTypeToDescrConvertor is not documented.
/home/mike/git/np/include/np/ndarray/internal/Nep1.hpp:116: warning: Member DTypeToChar() (function) of class np::ndarray::internal::DTypeToDescrConvertor is not documented.
/home/mike/git/np/include/np/ndarray/internal/Nep1.hpp:121: warning: Member DTypeToChar() (function) of class np::ndarray::internal::DTypeToDescrConvertor is not documented.
/home/mike/git/np/include/np/ndarray/internal/Nep1.hpp:126: warning: Member DTypeToChar() (function) of class np::ndarray::internal::DTypeToDescrConvertor is not documented.
/home/mike/git/np/include/np/ndarray/internal/Nep1.hpp:131: warning: Member DTypeToChar() (function) of class np::ndarray::internal::DTypeToDescrConvertor is not documented.
/home/mike/git/np/include/np/ndarray/internal/Nep1.hpp:136: warning: Member DTypeToChar() (function) of class np::ndarray::internal::DTypeToDescrConvertor is not documented.
/home/mike/git/np/include/np/ndarray/internal/Nep1.hpp:141: warning: Member DTypeToChar() (function) of class np::ndarray::internal::DTypeToDescrConvertor is not documented.
/home/mike/git/np/include/np/ndarray/internal/Nep1.hpp:146: warning: Member DTypeToChar() (function) of class np::ndarray::internal::DTypeToDescrConvertor is not documented.
/home/mike/git/np/include/np/ndarray/internal/Nep1.hpp:151: warning: Member DTypeToChar() (function) of class np::ndarray::internal::DTypeToDescrConvertor is not documented.
/home/mike/git/np/include/np/ndarray/internal/Nep1.hpp:156: warning: Member DTypeToChar() (function) of class np::ndarray::internal::DTypeToDescrConvertor is not documented.
/home/mike/git/np/include/np/ndarray/internal/Nep1.hpp:161: warning: Member DTypeToChar() (function) of class np::ndarray::internal::DTypeToDescrConvertor is not documented.
/home/mike/git/np/include/np/ndarray/internal/Nep1.hpp:166: warning: Member DTypeToChar() (function) of class np::ndarray::internal::DTypeToDescrConvertor is not documented.
/home/mike/git/np/include/np/ndarray/internal/Expression.hpp:135: warning: Member EmptyStorage(const Shape &shape) (function) of struct np::ndarray::internal::EmptyStorage is not documented.
/home/mike/git/np/include/np/ndarray/internal/Expression.hpp:137: warning: Member shape() const (function) of struct np::ndarray::internal::EmptyStorage is not documented.
/home/mike/git/np/include/np/ndarray/internal/Expression.hpp:138: warning: Member setShape(const Shape &shape) (function) of struct np::ndarray::internal::EmptyStorage is not documented.
/home/mike/git/np/include/np/ndarray/internal/Expression.hpp:140: warning: Member size() const (function) of struct np::ndarray::internal::EmptyStorage is not documented.
/home/mike/git/np/include/np/ndarray/internal/Expression.hpp:145: warning: Member get(Size) const (function) of struct np::ndarray::internal::EmptyStorage is not documented.
/home/mike/git/np/include/np/ndarray/internal/Expression.hpp:149: warning: Member set(Size, const DType &) (function) of struct np::ndarray::internal::EmptyStorage is not documented.
/home/mike/git/np/include/np/ndarray/internal/Expression.hpp:131: warning: Member is_contiguous (variable) of struct np::ndarray::internal::EmptyStorage is not documented.
/home/mike/git/np/include/np/ndarray/internal/Expression.hpp:132: warning: Member kDepth (variable) of struct np::ndarray::internal::EmptyStorage is not documented.
/home/mike/git/np/include/np/ndarray/internal/Expression.hpp:160: warning: Member operator[](const std::string &cond) const (function) of class np::ndarray::internal::ExpressionBase is not documented.
/home/mike/git/np/include/np/ndarray/internal/Expression.hpp:165: warning: Member size() const (function) of class np::ndarray::internal::ExpressionBase is not documented.
/home/mike/git/np/include/np/ndarray/internal/Expression.hpp:170: warning: Member shape() const (function) of class np::ndarray::internal::ExpressionBase is not documented.
/home/mike/git/np/include/np/ndarray/internal/Expression.hpp:175: warning: Member operator Array< DType >() const (function) of class np::ndarray::internal::ExpressionBase is not documented.
/home/mike/git/np/include/np/ndarray/internal/Expression.hpp:180: warning: Member eval() const (function) of class np::ndarray::internal::ExpressionBase is not documented.
/home/mike/git/np/include/np/ndarray/internal/Expression.hpp:185: warning: Member count_if() const (function) of class np::ndarray::internal::ExpressionBase is not documented.
/home/mike/git/np/include/np/ndarray/internal/Expression.hpp:195: warning: Member count_less_than(const Scalar &threshold) const (function) of class np::ndarray::internal::ExpressionBase is not documented.
/home/mike/git/np/include/np/ndarray/internal/Expression.hpp:209: warning: Member sum(const std::string &cond) const (function) of class np::ndarray::internal::ExpressionBase is not documented.
/home/mike/git/np/include/np/ndarray/internal/Expression.hpp:222: warning: Member operator<(const ExpressionBase< OtherDerived, OtherDType > &other) const (function) of class np::ndarray::internal::ExpressionBase is not documented.
/home/mike/git/np/include/np/ndarray/internal/Expression.hpp:230: warning: Member operator<(const Scalar &value) const (function) of class np::ndarray::internal::ExpressionBase is not documented.
/home/mike/git/np/include/np/ndarray/internal/Tools.hpp:119: warning: Member bezout_coeff (variable) of struct np::ndarray::internal::ExtendedGCDResult is not documented.
/home/mike/git/np/include/np/ndarray/internal/Tools.hpp:120: warning: Member gcd (variable) of struct np::ndarray::internal::ExtendedGCDResult is not documented.
/home/mike/git/np/include/np/ndarray/internal/Indexing.hpp:82: warning: Member mode (variable) of struct np::ndarray::internal::IndexingHandler is not documented.
/home/mike/git/np/include/np/ndarray/internal/Indexing.hpp:83: warning: Member checker (variable) of struct np::ndarray::internal::IndexingHandler is not documented.
/home/mike/git/np/include/np/ndarray/internal/Indexing.hpp:84: warning: Member worker (variable) of struct np::ndarray::internal::IndexingHandler is not documented.
/home/mike/git/np/include/np/ndarray/internal/Expression.hpp:250: warning: Member value (variable) of struct np::ndarray::internal::is_arithmetic_binary_expr< BinaryExpression< Op, Left, Right > > is not documented.
/home/mike/git/np/include/np/ndarray/internal/NDArrayBase.hpp:447: warning: Member IndexParentType (typedef) of class np::ndarray::internal::NDArrayBase is not documented.
/home/mike/git/np/include/np/ndarray/internal/NDArrayBase.hpp:448: warning: Member IndexParentConstType (typedef) of class np::ndarray::internal::NDArrayBase is not documented.
/home/mike/git/np/include/np/ndarray/internal/NDArrayBase.hpp:71: warning: Member NDArrayBase(Args &&...args) (function) of class np::ndarray::internal::NDArrayBase is not documented.
/home/mike/git/np/include/np/ndarray/internal/NDArrayBase.hpp:73: warning: Member NDArrayBase(const NDArrayBase &another) (function) of class np::ndarray::internal::NDArrayBase is not documented.
/home/mike/git/np/include/np/ndarray/internal/NDArrayBase.hpp:75: warning: Member NDArrayBase(NDArrayBase &&another) noexcept (function) of class np::ndarray::internal::NDArrayBase is not documented.
/home/mike/git/np/include/np/ndarray/internal/NDArrayBase.hpp:80: warning: Member derived() const (function) of class np::ndarray::internal::NDArrayBase is not documented.
/home/mike/git/np/include/np/ndarray/internal/NDArrayBase.hpp:84: warning: Member derived() (function) of class np::ndarray::internal::NDArrayBase is not documented.
/home/mike/git/np/include/np/ndarray/internal/NDArrayBase.hpp:88: warning: Member operator=(const NDArrayBase &another) (function) of class np::ndarray::internal::NDArrayBase is not documented.
/home/mike/git/np/include/np/ndarray/internal/NDArrayBase.hpp:90: warning: Member operator=(NDArrayBase &&another) noexcept (function) of class np::ndarray::internal::NDArrayBase is not documented.
/home/mike/git/np/include/np/ndarray/internal/NDArrayBase.hpp:93: warning: Member save(const char *filename) (function) of class np::ndarray::internal::NDArrayBase is not documented.
/home/mike/git/np/include/np/ndarray/internal/NDArrayBase.hpp:95: warning: Member savez(const char *filename) (function) of class np::ndarray::internal::NDArrayBase is not documented.
/home/mike/git/np/include/np/ndarray/internal/NDArrayBase.hpp:97: warning: Member load(const char *filename) (function) of class np::ndarray::internal::NDArrayBase is not documented.
/home/mike/git/np/include/np/ndarray/internal/NDArrayBase.hpp:100: warning: Member loadtxt(const char *filename) (function) of class np::ndarray::internal::NDArrayBase is not documented.
/home/mike/git/np/include/np/ndarray/internal/NDArrayBase.hpp:102: warning: Member genfromtxt(const char *filename) (function) of class np::ndarray::internal::NDArrayBase is not documented.
/home/mike/git/np/include/np/ndarray/internal/NDArrayBase.hpp:104: warning: Member savetxt(const char *filename, const char *delimiter) (function) of class np::ndarray::internal::NDArrayBase is not documented.
/home/mike/git/np/include/np/ndarray/internal/NDArrayBase.hpp:107: warning: Member shape() const (function) of class np::ndarray::internal::NDArrayBase is not documented.
/home/mike/git/np/include/np/ndarray/internal/NDArrayBase.hpp:108: warning: Member setShape(const Shape &shape) (function) of class np::ndarray::internal::NDArrayBase is not documented.
/home/mike/git/np/include/np/ndarray/internal/NDArrayBase.hpp:110: warning: Member empty() const (function) of class np::ndarray::internal::NDArrayBase is not documented.
/home/mike/git/np/include/np/ndarray/internal/NDArrayBase.hpp:115: warning: Member len() const (function) of class np::ndarray::internal::NDArrayBase is not documented.
/home/mike/git/np/include/np/ndarray/internal/NDArrayBase.hpp:120: warning: Member ndim() const (function) of class np::ndarray::internal::NDArrayBase is not documented.
/home/mike/git/np/include/np/ndarray/internal/NDArrayBase.hpp:125: warning: Member size() const (function) of class np::ndarray::internal::NDArrayBase is not documented.
/home/mike/git/np/include/np/ndarray/internal/NDArrayBase.hpp:129: warning: Member dtype() (function) of class np::ndarray::internal::NDArrayBase is not documented.
/home/mike/git/np/include/np/ndarray/internal/NDArrayBase.hpp:133: warning: Member addInplace(const NDArrayBase< DType2, Derived2, Storage2 > &array) (function) of class np::ndarray::internal::NDArrayBase is not documented.
/home/mike/git/np/include/np/ndarray/internal/NDArrayBase.hpp:136: warning: Member add(const DType2 &value) const (function) of class np::ndarray::internal::NDArrayBase is not documented.
/home/mike/git/np/include/np/ndarray/internal/NDArrayBase.hpp:139: warning: Member addInplace(const DType2 &value) (function) of class np::ndarray::internal::NDArrayBase is not documented.
/home/mike/git/np/include/np/ndarray/internal/NDArrayBase.hpp:142: warning: Member subtractInplace(const NDArrayBase< DType2, Derived2, Storage2 > &array) (function) of class np::ndarray::internal::NDArrayBase is not documented.
/home/mike/git/np/include/np/ndarray/internal/NDArrayBase.hpp:145: warning: Member subtract(const DType2 &value) const (function) of class np::ndarray::internal::NDArrayBase is not documented.
/home/mike/git/np/include/np/ndarray/internal/NDArrayBase.hpp:148: warning: Member subtractInplace(const DType2 &value) (function) of class np::ndarray::internal::NDArrayBase is not documented.
/home/mike/git/np/include/np/ndarray/internal/NDArrayBase.hpp:151: warning: Member subtractFrom(const DType2 &value) const (function) of class np::ndarray::internal::NDArrayBase is not documented.
/home/mike/git/np/include/np/ndarray/internal/NDArrayBase.hpp:154: warning: Member multiplyInplace(const NDArrayBase< DType2, Derived2, Storage2 > &array) (function) of class np::ndarray::internal::NDArrayBase is not documented.
/home/mike/git/np/include/np/ndarray/internal/NDArrayBase.hpp:157: warning: Member multiply(const DType2 &value) const (function) of class np::ndarray::internal::NDArrayBase is not documented.
/home/mike/git/np/include/np/ndarray/internal/NDArrayBase.hpp:160: warning: Member multiplyInplace(const DType2 &value) (function) of class np::ndarray::internal::NDArrayBase is not documented.
/home/mike/git/np/include/np/ndarray/internal/NDArrayBase.hpp:163: warning: Member divideInplace(const NDArrayBase< DType2, Derived2, Storage2 > &array) (function) of class np::ndarray::internal::NDArrayBase is not documented.
/home/mike/git/np/include/np/ndarray/internal/NDArrayBase.hpp:166: warning: Member divide(const DType2 &value) const (function) of class np::ndarray::internal::NDArrayBase is not documented.
/home/mike/git/np/include/np/ndarray/internal/NDArrayBase.hpp:169: warning: Member divideInplace(const DType2 &value) (function) of class np::ndarray::internal::NDArrayBase is not documented.
/home/mike/git/np/include/np/ndarray/internal/NDArrayBase.hpp:172: warning: Member divideFrom(const DType2 &value) const (function) of class np::ndarray::internal::NDArrayBase is not documented.
/home/mike/git/np/include/np/ndarray/internal/NDArrayBase.hpp:174: warning: Member exp() const (function) of class np::ndarray::internal::NDArrayBase is not documented.
/home/mike/git/np/include/np/ndarray/internal/NDArrayBase.hpp:176: warning: Member expInplace() (function) of class np::ndarray::internal::NDArrayBase is not documented.
/home/mike/git/np/include/np/ndarray/internal/NDArrayBase.hpp:178: warning: Member sqrt() const (function) of class np::ndarray::internal::NDArrayBase is not documented.
/home/mike/git/np/include/np/ndarray/internal/NDArrayBase.hpp:180: warning: Member sqrtInplace() (function) of class np::ndarray::internal::NDArrayBase is not documented.
/home/mike/git/np/include/np/ndarray/internal/NDArrayBase.hpp:182: warning: Member sin() const (function) of class np::ndarray::internal::NDArrayBase is not documented.
/home/mike/git/np/include/np/ndarray/internal/NDArrayBase.hpp:184: warning: Member sinInplace() (function) of class np::ndarray::internal::NDArrayBase is not documented.
/home/mike/git/np/include/np/ndarray/internal/NDArrayBase.hpp:186: warning: Member cos() const (function) of class np::ndarray::internal::NDArrayBase is not documented.
/home/mike/git/np/include/np/ndarray/internal/NDArrayBase.hpp:188: warning: Member cosInplace() (function) of class np::ndarray::internal::NDArrayBase is not documented.
/home/mike/git/np/include/np/ndarray/internal/NDArrayBase.hpp:190: warning: Member log() const (function) of class np::ndarray::internal::NDArrayBase is not documented.
/home/mike/git/np/include/np/ndarray/internal/NDArrayBase.hpp:192: warning: Member logInplace() (function) of class np::ndarray::internal::NDArrayBase is not documented.
/home/mike/git/np/include/np/ndarray/internal/NDArrayBase.hpp:194: warning: Member abs() const (function) of class np::ndarray::internal::NDArrayBase is not documented.
/home/mike/git/np/include/np/ndarray/internal/NDArrayBase.hpp:196: warning: Member absInplace() (function) of class np::ndarray::internal::NDArrayBase is not documented.
/home/mike/git/np/include/np/ndarray/internal/NDArrayBase.hpp:200: warning: Member dot(const NDArrayBase< DType2, Derived2, Storage2 > &array) const (function) of class np::ndarray::internal::NDArrayBase is not documented.
/home/mike/git/np/include/np/ndarray/internal/NDArrayBase.hpp:204: warning: Member operator==(const NDArrayBase< DType2, Derived2, Storage2 > &array) const (function) of class np::ndarray::internal::NDArrayBase is not documented.
/home/mike/git/np/include/np/ndarray/internal/NDArrayBase.hpp:207: warning: Member operator<(const NDArrayBase< DType2, Derived2, Storage2 > &array) const (function) of class np::ndarray::internal::NDArrayBase is not documented.
/home/mike/git/np/include/np/ndarray/internal/NDArrayBase.hpp:210: warning: Member operator>(const NDArrayBase< DType2, Derived2, Storage2 > &array) const (function) of class np::ndarray::internal::NDArrayBase is not documented.
/home/mike/git/np/include/np/ndarray/internal/NDArrayBase.hpp:213: warning: Member array_equal(const DType &element) const (function) of class np::ndarray::internal::NDArrayBase is not documented.
/home/mike/git/np/include/np/ndarray/internal/NDArrayBase.hpp:219: warning: Member array_equal(const NDArrayBase< DType2, Derived2, Storage2 > &array) const (function) of class np::ndarray::internal::NDArrayBase is not documented.
/home/mike/git/np/include/np/ndarray/internal/NDArrayBase.hpp:234: warning: Member average(const NDArrayBase< DType2, Derived2, Storage2 > &weights) const (function) of class np::ndarray::internal::NDArrayBase is not documented.
/home/mike/git/np/include/np/ndarray/internal/NDArrayBase.hpp:237: warning: Member sum() const (function) of class np::ndarray::internal::NDArrayBase is not documented.
/home/mike/git/np/include/np/ndarray/internal/NDArrayBase.hpp:240: warning: Member nansum() const (function) of class np::ndarray::internal::NDArrayBase is not documented.
/home/mike/git/np/include/np/ndarray/internal/NDArrayBase.hpp:243: warning: Member min() const (function) of class np::ndarray::internal::NDArrayBase is not documented.
/home/mike/git/np/include/np/ndarray/internal/NDArrayBase.hpp:246: warning: Member max() const (function) of class np::ndarray::internal::NDArrayBase is not documented.
/home/mike/git/np/include/np/ndarray/internal/NDArrayBase.hpp:249: warning: Member cumsum() const (function) of class np::ndarray::internal::NDArrayBase is not documented.
/home/mike/git/np/include/np/ndarray/internal/NDArrayBase.hpp:252: warning: Member nancumsum() const (function) of class np::ndarray::internal::NDArrayBase is not documented.
/home/mike/git/np/include/np/ndarray/internal/NDArrayBase.hpp:255: warning: Member mean() const (function) of class np::ndarray::internal::NDArrayBase is not documented.
/home/mike/git/np/include/np/ndarray/internal/NDArrayBase.hpp:258: warning: Member nanmean() const (function) of class np::ndarray::internal::NDArrayBase is not documented.
/home/mike/git/np/include/np/ndarray/internal/NDArrayBase.hpp:261: warning: Member median() const (function) of class np::ndarray::internal::NDArrayBase is not documented.
/home/mike/git/np/include/np/ndarray/internal/NDArrayBase.hpp:264: warning: Member nanmedian() const (function) of class np::ndarray::internal::NDArrayBase is not documented.
/home/mike/git/np/include/np/ndarray/internal/NDArrayBase.hpp:267: warning: Member cov() const (function) of class np::ndarray::internal::NDArrayBase is not documented.
/home/mike/git/np/include/np/ndarray/internal/NDArrayBase.hpp:270: warning: Member corrcoef() const (function) of class np::ndarray::internal::NDArrayBase is not documented.
/home/mike/git/np/include/np/ndarray/internal/NDArrayBase.hpp:273: warning: Member std_() const (function) of class np::ndarray::internal::NDArrayBase is not documented.
/home/mike/git/np/include/np/ndarray/internal/NDArrayBase.hpp:276: warning: Member nanstd() const (function) of class np::ndarray::internal::NDArrayBase is not documented.
/home/mike/git/np/include/np/ndarray/internal/NDArrayBase.hpp:279: warning: Member var() const (function) of class np::ndarray::internal::NDArrayBase is not documented.
/home/mike/git/np/include/np/ndarray/internal/NDArrayBase.hpp:282: warning: Member nanvar() const (function) of class np::ndarray::internal::NDArrayBase is not documented.
/home/mike/git/np/include/np/ndarray/internal/NDArrayBase.hpp:285: warning: Member view() const (function) of class np::ndarray::internal::NDArrayBase is not documented.
/home/mike/git/np/include/np/ndarray/internal/NDArrayBase.hpp:288: warning: Member copy() const (function) of class np::ndarray::internal::NDArrayBase is not documented.
/home/mike/git/np/include/np/ndarray/internal/NDArrayBase.hpp:291: warning: Member sort() (function) of class np::ndarray::internal::NDArrayBase is not documented.
/home/mike/git/np/include/np/ndarray/internal/NDArrayBase.hpp:297: warning: Member transpose() const (function) of class np::ndarray::internal::NDArrayBase is not documented.
/home/mike/git/np/include/np/ndarray/internal/NDArrayBase.hpp:300: warning: Member ravel() const (function) of class np::ndarray::internal::NDArrayBase is not documented.
/home/mike/git/np/include/np/ndarray/internal/NDArrayBase.hpp:303: warning: Member reshape(const Shape &shape) const (function) of class np::ndarray::internal::NDArrayBase is not documented.
/home/mike/git/np/include/np/ndarray/internal/NDArrayBase.hpp:307: warning: Member resize(const Shape &shape) const (function) of class np::ndarray::internal::NDArrayBase is not documented.
/home/mike/git/np/include/np/ndarray/internal/NDArrayBase.hpp:311: warning: Member append(const NDArrayBase< DType2, Derived2, Storage2 > &array) const (function) of class np::ndarray::internal::NDArrayBase is not documented.
/home/mike/git/np/include/np/ndarray/internal/NDArrayBase.hpp:315: warning: Member insert(Size index, const NDArrayBase< DType2, Derived2, Storage2 > &array) const (function) of class np::ndarray::internal::NDArrayBase is not documented.
/home/mike/git/np/include/np/ndarray/internal/NDArrayBase.hpp:318: warning: Member del(Size index) const (function) of class np::ndarray::internal::NDArrayBase is not documented.
/home/mike/git/np/include/np/ndarray/internal/NDArrayBase.hpp:322: warning: Member concatenate(const NDArrayBase< DType2, Derived2, Storage2 > &array, std::optional< size_t > axis=std::nullopt) const (function) of class np::ndarray::internal::NDArrayBase is not documented.
/home/mike/git/np/include/np/ndarray/internal/NDArrayBase.hpp:326: warning: Member vstack(const NDArrayBase< DType2, Derived2, Storage2 > &array) const (function) of class np::ndarray::internal::NDArrayBase is not documented.
/home/mike/git/np/include/np/ndarray/internal/NDArrayBase.hpp:330: warning: Member r_(const NDArrayBase< DType2, Derived2, Storage2 > &array) const (function) of class np::ndarray::internal::NDArrayBase is not documented.
/home/mike/git/np/include/np/ndarray/internal/NDArrayBase.hpp:334: warning: Member hstack(const NDArrayBase< DType2, Derived2, Storage2 > &array) const (function) of class np::ndarray::internal::NDArrayBase is not documented.
/home/mike/git/np/include/np/ndarray/internal/NDArrayBase.hpp:338: warning: Member c_(const NDArrayBase< DType2, Derived2, Storage2 > &array) const (function) of class np::ndarray::internal::NDArrayBase is not documented.
/home/mike/git/np/include/np/ndarray/internal/NDArrayBase.hpp:341: warning: Member hsplit(size_t sections) const (function) of class np::ndarray::internal::NDArrayBase is not documented.
/home/mike/git/np/include/np/ndarray/internal/NDArrayBase.hpp:344: warning: Member vsplit(size_t sections) const (function) of class np::ndarray::internal::NDArrayBase is not documented.
/home/mike/git/np/include/np/ndarray/internal/NDArrayBase.hpp:347: warning: Member expand_dims(Size axis) const (function) of class np::ndarray::internal::NDArrayBase is not documented.
/home/mike/git/np/include/np/ndarray/internal/NDArrayBase.hpp:349: warning: Member data() const (function) of class np::ndarray::internal::NDArrayBase is not documented.
/home/mike/git/np/include/np/ndarray/internal/NDArrayBase.hpp:361: warning: Member data() (function) of class np::ndarray::internal::NDArrayBase is not documented.
/home/mike/git/np/include/np/ndarray/internal/NDArrayBase.hpp:370: warning: Member get(Size i) const (function) of class np::ndarray::internal::NDArrayBase is not documented.
/home/mike/git/np/include/np/ndarray/internal/NDArrayBase.hpp:374: warning: Member get(Size i) (function) of class np::ndarray::internal::NDArrayBase is not documented.
/home/mike/git/np/include/np/ndarray/internal/NDArrayBase.hpp:378: warning: Member set(Size i, const DType &value) (function) of class np::ndarray::internal::NDArrayBase is not documented.
/home/mike/git/np/include/np/ndarray/internal/NDArrayBase.hpp:383: warning: Member at(Size row, Size column) const (function) of class np::ndarray::internal::NDArrayBase is not documented.
/home/mike/git/np/include/np/ndarray/internal/NDArrayBase.hpp:397: warning: Member at(Size row, Size column) (function) of class np::ndarray::internal::NDArrayBase is not documented.
/home/mike/git/np/include/np/ndarray/internal/NDArrayBase.hpp:410: warning: Member getStorage() (function) of class np::ndarray::internal::NDArrayBase is not documented.
/home/mike/git/np/include/np/ndarray/internal/NDArrayBase.hpp:414: warning: Member getStorage() const (function) of class np::ndarray::internal::NDArrayBase is not documented.
/home/mike/git/np/include/np/ndarray/internal/NDArrayBase.hpp:418: warning: Member index(Size i) const (function) of class np::ndarray::internal::NDArrayBase is not documented.
/home/mike/git/np/include/np/ndarray/internal/NDArrayBase.hpp:426: warning: Member begin() (function) of class np::ndarray::internal::NDArrayBase is not documented.
/home/mike/git/np/include/np/ndarray/internal/NDArrayBase.hpp:430: warning: Member end() (function) of class np::ndarray::internal::NDArrayBase is not documented.
/home/mike/git/np/include/np/ndarray/internal/NDArrayBase.hpp:434: warning: Member cbegin() const (function) of class np::ndarray::internal::NDArrayBase is not documented.
/home/mike/git/np/include/np/ndarray/internal/NDArrayBase.hpp:438: warning: Member cend() const (function) of class np::ndarray::internal::NDArrayBase is not documented.
/home/mike/git/np/include/np/ndarray/internal/NDArrayBase.hpp:442: warning: Member push(const DType &value) (function) of class np::ndarray::internal::NDArrayBase is not documented.
/home/mike/git/np/include/np/ndarray/internal/NDArrayBase.hpp:450: warning: Member operator[](SignedSize i) const (function) of class np::ndarray::internal::NDArrayBase is not documented.
/home/mike/git/np/include/np/ndarray/internal/NDArrayBase.hpp:451: warning: Member operator[](SignedSize i) (function) of class np::ndarray::internal::NDArrayBase is not documented.
/home/mike/git/np/include/np/ndarray/internal/NDArrayBase.hpp:461: warning: Member operator[](const std::string &cond) const (function) of class np::ndarray::internal::NDArrayBase is not documented.
/home/mike/git/np/include/np/ndarray/internal/NDArrayBase.hpp:462: warning: Member operator[](const std::string &cond) (function) of class np::ndarray::internal::NDArrayBase is not documented.
/home/mike/git/np/include/np/ndarray/internal/NDArrayBase.hpp:464: warning: Member operator DType() const (function) of class np::ndarray::internal::NDArrayBase is not documented.
/home/mike/git/np/include/np/ndarray/internal/NDArrayBase.hpp:470: warning: Member getMaxElementSize() const (function) of class np::ndarray::internal::NDArrayBase is not documented.
/home/mike/git/np/include/np/ndarray/internal/NDArrayBase.hpp:483: warning: Member dumpToStreamAsBinary(std::ostream &stream) (function) of class np::ndarray::internal::NDArrayBase is not documented.
/home/mike/git/np/include/np/ndarray/internal/NDArrayBase.hpp:489: warning: Member runHandlers(Size dimIndex, const std::string &dimCond) const (function) of class np::ndarray::internal::NDArrayBase is not documented.
/home/mike/git/np/include/np/ndarray/internal/NDArrayBase.hpp:490: warning: Member none(Size dimIndex, const std::string &dimCond) const (function) of class np::ndarray::internal::NDArrayBase is not documented.
/home/mike/git/np/include/np/ndarray/internal/NDArrayBase.hpp:491: warning: Member subsetting(Size dimIndex, const std::string &dimCond) const (function) of class np::ndarray::internal::NDArrayBase is not documented.
/home/mike/git/np/include/np/ndarray/internal/NDArrayBase.hpp:492: warning: Member slicing(Size dimIndex, const std::string &dimCond) const (function) of class np::ndarray::internal::NDArrayBase is not documented.
/home/mike/git/np/include/np/ndarray/internal/NDArrayBase.hpp:493: warning: Member booleanIndexing(Size dimIndex, const std::string &dimCond) const (function) of class np::ndarray::internal::NDArrayBase is not documented.
/home/mike/git/np/include/np/ndarray/internal/NDArrayBase.hpp:495: warning: Member save(std::ostream &stream) (function) of class np::ndarray::internal::NDArrayBase is not documented.
/home/mike/git/np/include/np/ndarray/internal/NDArrayBase.hpp:496: warning: Member load(std::istream &stream) (function) of class np::ndarray::internal::NDArrayBase is not documented.
/home/mike/git/np/include/np/ndarray/internal/NDArrayBase.hpp:515: warning: Member operator()(const NDArrayBase< DType, Derived, Storage > &x, const NDArrayBase< DType, Derived, Storage > &y) const -> bool (function) of struct np::ndarray::internal::NDArrayBaseEqualTo is not documented.
/home/mike/git/np/include/np/ndarray/internal/NDArrayBase.hpp:504: warning: Member operator()(const NDArrayBase< DType, Derived, Storage > &array) const -> size_t (function) of struct np::ndarray::internal::NDArrayBaseHasher is not documented.
/home/mike/git/np/include/np/ndarray/internal/NDArrayIndex.hpp:39: warning: Member NDArrayIndex(const NDArrayIndex &another) (function) of class np::ndarray::internal::NDArrayIndex is not documented.
/home/mike/git/np/include/np/ndarray/internal/NDArrayIndex.hpp:43: warning: Member NDArrayIndex(NDArrayIndex &&another) noexcept (function) of class np::ndarray::internal::NDArrayIndex is not documented.
/home/mike/git/np/include/np/ndarray/internal/NDArrayIndex.hpp:47: warning: Member operator=(const NDArrayIndex &another)=default (function) of class np::ndarray::internal::NDArrayIndex is not documented.
/home/mike/git/np/include/np/ndarray/internal/NDArrayIndex.hpp:48: warning: Member operator=(NDArrayIndex &&another) noexcept=default (function) of class np::ndarray::internal::NDArrayIndex is not documented.
/home/mike/git/np/include/np/ndarray/internal/NDArrayIndex.hpp:50: warning: Member NDArrayIndex(Parent parent=nullptr, const IndicesType< DType > &indices=IndicesType< DType >{}) (function) of class np::ndarray::internal::NDArrayIndex is not documented.
/home/mike/git/np/include/np/ndarray/internal/NDArrayBase.hpp:71: warning: Member NDArrayBase(Args &&...args) (function) of class np::ndarray::internal::NDArrayBase is not documented.
/home/mike/git/np/include/np/ndarray/internal/NDArrayBase.hpp:73: warning: Member NDArrayBase(const NDArrayBase &another) (function) of class np::ndarray::internal::NDArrayBase is not documented.
/home/mike/git/np/include/np/ndarray/internal/NDArrayBase.hpp:75: warning: Member NDArrayBase(NDArrayBase &&another) noexcept (function) of class np::ndarray::internal::NDArrayBase is not documented.
/home/mike/git/np/include/np/ndarray/internal/NDArrayBase.hpp:80: warning: Member derived() const (function) of class np::ndarray::internal::NDArrayBase is not documented.
/home/mike/git/np/include/np/ndarray/internal/NDArrayBase.hpp:84: warning: Member derived() (function) of class np::ndarray::internal::NDArrayBase is not documented.
/home/mike/git/np/include/np/ndarray/internal/NDArrayBase.hpp:88: warning: Member operator=(const NDArrayBase &another) (function) of class np::ndarray::internal::NDArrayBase is not documented.
/home/mike/git/np/include/np/ndarray/internal/NDArrayBase.hpp:90: warning: Member operator=(NDArrayBase &&another) noexcept (function) of class np::ndarray::internal::NDArrayBase is not documented.
/home/mike/git/np/include/np/ndarray/internal/NDArrayBase.hpp:93: warning: Member save(const char *filename) (function) of class np::ndarray::internal::NDArrayBase is not documented.
/home/mike/git/np/include/np/ndarray/internal/NDArrayBase.hpp:95: warning: Member savez(const char *filename) (function) of class np::ndarray::internal::NDArrayBase is not documented.
/home/mike/git/np/include/np/ndarray/internal/NDArrayBase.hpp:97: warning: Member load(const char *filename) (function) of class np::ndarray::internal::NDArrayBase is not documented.
/home/mike/git/np/include/np/ndarray/internal/NDArrayBase.hpp:100: warning: Member loadtxt(const char *filename) (function) of class np::ndarray::internal::NDArrayBase is not documented.
/home/mike/git/np/include/np/ndarray/internal/NDArrayBase.hpp:102: warning: Member genfromtxt(const char *filename) (function) of class np::ndarray::internal::NDArrayBase is not documented.
/home/mike/git/np/include/np/ndarray/internal/NDArrayBase.hpp:104: warning: Member savetxt(const char *filename, const char *delimiter) (function) of class np::ndarray::internal::NDArrayBase is not documented.
/home/mike/git/np/include/np/ndarray/internal/NDArrayBase.hpp:107: warning: Member shape() const (function) of class np::ndarray::internal::NDArrayBase is not documented.
/home/mike/git/np/include/np/ndarray/internal/NDArrayBase.hpp:108: warning: Member setShape(const Shape &shape) (function) of class np::ndarray::internal::NDArrayBase is not documented.
/home/mike/git/np/include/np/ndarray/internal/NDArrayBase.hpp:110: warning: Member empty() const (function) of class np::ndarray::internal::NDArrayBase is not documented.
/home/mike/git/np/include/np/ndarray/internal/NDArrayBase.hpp:115: warning: Member len() const (function) of class np::ndarray::internal::NDArrayBase is not documented.
/home/mike/git/np/include/np/ndarray/internal/NDArrayBase.hpp:120: warning: Member ndim() const (function) of class np::ndarray::internal::NDArrayBase is not documented.
/home/mike/git/np/include/np/ndarray/internal/NDArrayBase.hpp:125: warning: Member size() const (function) of class np::ndarray::internal::NDArrayBase is not documented.
/home/mike/git/np/include/np/ndarray/internal/NDArrayBase.hpp:129: warning: Member dtype() (function) of class np::ndarray::internal::NDArrayBase is not documented.
/home/mike/git/np/include/np/ndarray/internal/NDArrayBase.hpp:133: warning: Member addInplace(const NDArrayBase< DType2, Derived2, Storage2 > &array) (function) of class np::ndarray::internal::NDArrayBase is not documented.
/home/mike/git/np/include/np/ndarray/internal/NDArrayBase.hpp:136: warning: Member add(const DType2 &value) const (function) of class np::ndarray::internal::NDArrayBase is not documented.
/home/mike/git/np/include/np/ndarray/internal/NDArrayBase.hpp:139: warning: Member addInplace(const DType2 &value) (function) of class np::ndarray::internal::NDArrayBase is not documented.
/home/mike/git/np/include/np/ndarray/internal/NDArrayBase.hpp:142: warning: Member subtractInplace(const NDArrayBase< DType2, Derived2, Storage2 > &array) (function) of class np::ndarray::internal::NDArrayBase is not documented.
/home/mike/git/np/include/np/ndarray/internal/NDArrayBase.hpp:145: warning: Member subtract(const DType2 &value) const (function) of class np::ndarray::internal::NDArrayBase is not documented.
/home/mike/git/np/include/np/ndarray/internal/NDArrayBase.hpp:148: warning: Member subtractInplace(const DType2 &value) (function) of class np::ndarray::internal::NDArrayBase is not documented.
/home/mike/git/np/include/np/ndarray/internal/NDArrayBase.hpp:151: warning: Member subtractFrom(const DType2 &value) const (function) of class np::ndarray::internal::NDArrayBase is not documented.
/home/mike/git/np/include/np/ndarray/internal/NDArrayBase.hpp:154: warning: Member multiplyInplace(const NDArrayBase< DType2, Derived2, Storage2 > &array) (function) of class np::ndarray::internal::NDArrayBase is not documented.
/home/mike/git/np/include/np/ndarray/internal/NDArrayBase.hpp:157: warning: Member multiply(const DType2 &value) const (function) of class np::ndarray::internal::NDArrayBase is not documented.
/home/mike/git/np/include/np/ndarray/internal/NDArrayBase.hpp:160: warning: Member multiplyInplace(const DType2 &value) (function) of class np::ndarray::internal::NDArrayBase is not documented.
/home/mike/git/np/include/np/ndarray/internal/NDArrayBase.hpp:163: warning: Member divideInplace(const NDArrayBase< DType2, Derived2, Storage2 > &array) (function) of class np::ndarray::internal::NDArrayBase is not documented.
/home/mike/git/np/include/np/ndarray/internal/NDArrayBase.hpp:166: warning: Member divide(const DType2 &value) const (function) of class np::ndarray::internal::NDArrayBase is not documented.
/home/mike/git/np/include/np/ndarray/internal/NDArrayBase.hpp:169: warning: Member divideInplace(const DType2 &value) (function) of class np::ndarray::internal::NDArrayBase is not documented.
/home/mike/git/np/include/np/ndarray/internal/NDArrayBase.hpp:172: warning: Member divideFrom(const DType2 &value) const (function) of class np::ndarray::internal::NDArrayBase is not documented.
/home/mike/git/np/include/np/ndarray/internal/NDArrayBase.hpp:174: warning: Member exp() const (function) of class np::ndarray::internal::NDArrayBase is not documented.
/home/mike/git/np/include/np/ndarray/internal/NDArrayBase.hpp:176: warning: Member expInplace() (function) of class np::ndarray::internal::NDArrayBase is not documented.
/home/mike/git/np/include/np/ndarray/internal/NDArrayBase.hpp:178: warning: Member sqrt() const (function) of class np::ndarray::internal::NDArrayBase is not documented.
/home/mike/git/np/include/np/ndarray/internal/NDArrayBase.hpp:180: warning: Member sqrtInplace() (function) of class np::ndarray::internal::NDArrayBase is not documented.
/home/mike/git/np/include/np/ndarray/internal/NDArrayBase.hpp:182: warning: Member sin() const (function) of class np::ndarray::internal::NDArrayBase is not documented.
/home/mike/git/np/include/np/ndarray/internal/NDArrayBase.hpp:184: warning: Member sinInplace() (function) of class np::ndarray::internal::NDArrayBase is not documented.
/home/mike/git/np/include/np/ndarray/internal/NDArrayBase.hpp:186: warning: Member cos() const (function) of class np::ndarray::internal::NDArrayBase is not documented.
/home/mike/git/np/include/np/ndarray/internal/NDArrayBase.hpp:188: warning: Member cosInplace() (function) of class np::ndarray::internal::NDArrayBase is not documented.
/home/mike/git/np/include/np/ndarray/internal/NDArrayBase.hpp:190: warning: Member log() const (function) of class np::ndarray::internal::NDArrayBase is not documented.
/home/mike/git/np/include/np/ndarray/internal/NDArrayBase.hpp:192: warning: Member logInplace() (function) of class np::ndarray::internal::NDArrayBase is not documented.
/home/mike/git/np/include/np/ndarray/internal/NDArrayBase.hpp:194: warning: Member abs() const (function) of class np::ndarray::internal::NDArrayBase is not documented.
/home/mike/git/np/include/np/ndarray/internal/NDArrayBase.hpp:196: warning: Member absInplace() (function) of class np::ndarray::internal::NDArrayBase is not documented.
/home/mike/git/np/include/np/ndarray/internal/NDArrayBase.hpp:200: warning: Member dot(const NDArrayBase< DType2, Derived2, Storage2 > &array) const (function) of class np::ndarray::internal::NDArrayBase is not documented.
/home/mike/git/np/include/np/ndarray/internal/NDArrayBase.hpp:204: warning: Member operator==(const NDArrayBase< DType2, Derived2, Storage2 > &array) const (function) of class np::ndarray::internal::NDArrayBase is not documented.
/home/mike/git/np/include/np/ndarray/internal/NDArrayBase.hpp:207: warning: Member operator<(const NDArrayBase< DType2, Derived2, Storage2 > &array) const (function) of class np::ndarray::internal::NDArrayBase is not documented.
/home/mike/git/np/include/np/ndarray/internal/NDArrayBase.hpp:210: warning: Member operator>(const NDArrayBase< DType2, Derived2, Storage2 > &array) const (function) of class np::ndarray::internal::NDArrayBase is not documented.
/home/mike/git/np/include/np/ndarray/internal/NDArrayBase.hpp:213: warning: Member array_equal(const DType &element) const (function) of class np::ndarray::internal::NDArrayBase is not documented.
/home/mike/git/np/include/np/ndarray/internal/NDArrayBase.hpp:219: warning: Member array_equal(const NDArrayBase< DType2, Derived2, Storage2 > &array) const (function) of class np::ndarray::internal::NDArrayBase is not documented.
/home/mike/git/np/include/np/ndarray/internal/NDArrayBase.hpp:234: warning: Member average(const NDArrayBase< DType2, Derived2, Storage2 > &weights) const (function) of class np::ndarray::internal::NDArrayBase is not documented.
/home/mike/git/np/include/np/ndarray/internal/NDArrayBase.hpp:237: warning: Member sum() const (function) of class np::ndarray::internal::NDArrayBase is not documented.
/home/mike/git/np/include/np/ndarray/internal/NDArrayBase.hpp:240: warning: Member nansum() const (function) of class np::ndarray::internal::NDArrayBase is not documented.
/home/mike/git/np/include/np/ndarray/internal/NDArrayBase.hpp:243: warning: Member min() const (function) of class np::ndarray::internal::NDArrayBase is not documented.
/home/mike/git/np/include/np/ndarray/internal/NDArrayBase.hpp:246: warning: Member max() const (function) of class np::ndarray::internal::NDArrayBase is not documented.
/home/mike/git/np/include/np/ndarray/internal/NDArrayBase.hpp:249: warning: Member cumsum() const (function) of class np::ndarray::internal::NDArrayBase is not documented.
/home/mike/git/np/include/np/ndarray/internal/NDArrayBase.hpp:252: warning: Member nancumsum() const (function) of class np::ndarray::internal::NDArrayBase is not documented.
/home/mike/git/np/include/np/ndarray/internal/NDArrayBase.hpp:255: warning: Member mean() const (function) of class np::ndarray::internal::NDArrayBase is not documented.
/home/mike/git/np/include/np/ndarray/internal/NDArrayBase.hpp:258: warning: Member nanmean() const (function) of class np::ndarray::internal::NDArrayBase is not documented.
/home/mike/git/np/include/np/ndarray/internal/NDArrayBase.hpp:261: warning: Member median() const (function) of class np::ndarray::internal::NDArrayBase is not documented.
/home/mike/git/np/include/np/ndarray/internal/NDArrayBase.hpp:264: warning: Member nanmedian() const (function) of class np::ndarray::internal::NDArrayBase is not documented.
/home/mike/git/np/include/np/ndarray/internal/NDArrayBase.hpp:267: warning: Member cov() const (function) of class np::ndarray::internal::NDArrayBase is not documented.
/home/mike/git/np/include/np/ndarray/internal/NDArrayBase.hpp:270: warning: Member corrcoef() const (function) of class np::ndarray::internal::NDArrayBase is not documented.
/home/mike/git/np/include/np/ndarray/internal/NDArrayBase.hpp:273: warning: Member std_() const (function) of class np::ndarray::internal::NDArrayBase is not documented.
/home/mike/git/np/include/np/ndarray/internal/NDArrayBase.hpp:276: warning: Member nanstd() const (function) of class np::ndarray::internal::NDArrayBase is not documented.
/home/mike/git/np/include/np/ndarray/internal/NDArrayBase.hpp:279: warning: Member var() const (function) of class np::ndarray::internal::NDArrayBase is not documented.
/home/mike/git/np/include/np/ndarray/internal/NDArrayBase.hpp:282: warning: Member nanvar() const (function) of class np::ndarray::internal::NDArrayBase is not documented.
/home/mike/git/np/include/np/ndarray/internal/NDArrayBase.hpp:285: warning: Member view() const (function) of class np::ndarray::internal::NDArrayBase is not documented.
/home/mike/git/np/include/np/ndarray/internal/NDArrayBase.hpp:288: warning: Member copy() const (function) of class np::ndarray::internal::NDArrayBase is not documented.
/home/mike/git/np/include/np/ndarray/internal/NDArrayBase.hpp:291: warning: Member sort() (function) of class np::ndarray::internal::NDArrayBase is not documented.
/home/mike/git/np/include/np/ndarray/internal/NDArrayBase.hpp:297: warning: Member transpose() const (function) of class np::ndarray::internal::NDArrayBase is not documented.
/home/mike/git/np/include/np/ndarray/internal/NDArrayBase.hpp:300: warning: Member ravel() const (function) of class np::ndarray::internal::NDArrayBase is not documented.
/home/mike/git/np/include/np/ndarray/internal/NDArrayBase.hpp:303: warning: Member reshape(const Shape &shape) const (function) of class np::ndarray::internal::NDArrayBase is not documented.
/home/mike/git/np/include/np/ndarray/internal/NDArrayBase.hpp:307: warning: Member resize(const Shape &shape) const (function) of class np::ndarray::internal::NDArrayBase is not documented.
/home/mike/git/np/include/np/ndarray/internal/NDArrayBase.hpp:311: warning: Member append(const NDArrayBase< DType2, Derived2, Storage2 > &array) const (function) of class np::ndarray::internal::NDArrayBase is not documented.
/home/mike/git/np/include/np/ndarray/internal/NDArrayBase.hpp:315: warning: Member insert(Size index, const NDArrayBase< DType2, Derived2, Storage2 > &array) const (function) of class np::ndarray::internal::NDArrayBase is not documented.
/home/mike/git/np/include/np/ndarray/internal/NDArrayBase.hpp:318: warning: Member del(Size index) const (function) of class np::ndarray::internal::NDArrayBase is not documented.
/home/mike/git/np/include/np/ndarray/internal/NDArrayBase.hpp:322: warning: Member concatenate(const NDArrayBase< DType2, Derived2, Storage2 > &array, std::optional< size_t > axis=std::nullopt) const (function) of class np::ndarray::internal::NDArrayBase is not documented.
/home/mike/git/np/include/np/ndarray/internal/NDArrayBase.hpp:326: warning: Member vstack(const NDArrayBase< DType2, Derived2, Storage2 > &array) const (function) of class np::ndarray::internal::NDArrayBase is not documented.
/home/mike/git/np/include/np/ndarray/internal/NDArrayBase.hpp:330: warning: Member r_(const NDArrayBase< DType2, Derived2, Storage2 > &array) const (function) of class np::ndarray::internal::NDArrayBase is not documented.
/home/mike/git/np/include/np/ndarray/internal/NDArrayBase.hpp:334: warning: Member hstack(const NDArrayBase< DType2, Derived2, Storage2 > &array) const (function) of class np::ndarray::internal::NDArrayBase is not documented.
/home/mike/git/np/include/np/ndarray/internal/NDArrayBase.hpp:338: warning: Member c_(const NDArrayBase< DType2, Derived2, Storage2 > &array) const (function) of class np::ndarray::internal::NDArrayBase is not documented.
/home/mike/git/np/include/np/ndarray/internal/NDArrayBase.hpp:341: warning: Member hsplit(size_t sections) const (function) of class np::ndarray::internal::NDArrayBase is not documented.
/home/mike/git/np/include/np/ndarray/internal/NDArrayBase.hpp:344: warning: Member vsplit(size_t sections) const (function) of class np::ndarray::internal::NDArrayBase is not documented.
/home/mike/git/np/include/np/ndarray/internal/NDArrayBase.hpp:347: warning: Member expand_dims(Size axis) const (function) of class np::ndarray::internal::NDArrayBase is not documented.
/home/mike/git/np/include/np/ndarray/internal/NDArrayBase.hpp:349: warning: Member data() const (function) of class np::ndarray::internal::NDArrayBase is not documented.
/home/mike/git/np/include/np/ndarray/internal/NDArrayBase.hpp:361: warning: Member data() (function) of class np::ndarray::internal::NDArrayBase is not documented.
/home/mike/git/np/include/np/ndarray/internal/NDArrayBase.hpp:370: warning: Member get(Size i) const (function) of class np::ndarray::internal::NDArrayBase is not documented.
/home/mike/git/np/include/np/ndarray/internal/NDArrayBase.hpp:374: warning: Member get(Size i) (function) of class np::ndarray::internal::NDArrayBase is not documented.
/home/mike/git/np/include/np/ndarray/internal/NDArrayBase.hpp:378: warning: Member set(Size i, const DType &value) (function) of class np::ndarray::internal::NDArrayBase is not documented.
/home/mike/git/np/include/np/ndarray/internal/NDArrayBase.hpp:383: warning: Member at(Size row, Size column) const (function) of class np::ndarray::internal::NDArrayBase is not documented.
/home/mike/git/np/include/np/ndarray/internal/NDArrayBase.hpp:397: warning: Member at(Size row, Size column) (function) of class np::ndarray::internal::NDArrayBase is not documented.
/home/mike/git/np/include/np/ndarray/internal/NDArrayBase.hpp:410: warning: Member getStorage() (function) of class np::ndarray::internal::NDArrayBase is not documented.
/home/mike/git/np/include/np/ndarray/internal/NDArrayBase.hpp:414: warning: Member getStorage() const (function) of class np::ndarray::internal::NDArrayBase is not documented.
/home/mike/git/np/include/np/ndarray/internal/NDArrayBase.hpp:418: warning: Member index(Size i) const (function) of class np::ndarray::internal::NDArrayBase is not documented.
/home/mike/git/np/include/np/ndarray/internal/NDArrayBase.hpp:426: warning: Member begin() (function) of class np::ndarray::internal::NDArrayBase is not documented.
/home/mike/git/np/include/np/ndarray/internal/NDArrayBase.hpp:430: warning: Member end() (function) of class np::ndarray::internal::NDArrayBase is not documented.
/home/mike/git/np/include/np/ndarray/internal/NDArrayBase.hpp:434: warning: Member cbegin() const (function) of class np::ndarray::internal::NDArrayBase is not documented.
/home/mike/git/np/include/np/ndarray/internal/NDArrayBase.hpp:438: warning: Member cend() const (function) of class np::ndarray::internal::NDArrayBase is not documented.
/home/mike/git/np/include/np/ndarray/internal/NDArrayBase.hpp:442: warning: Member push(const DType &value) (function) of class np::ndarray::internal::NDArrayBase is not documented.
/home/mike/git/np/include/np/ndarray/internal/NDArrayBase.hpp:450: warning: Member operator[](SignedSize i) const (function) of class np::ndarray::internal::NDArrayBase is not documented.
/home/mike/git/np/include/np/ndarray/internal/NDArrayBase.hpp:451: warning: Member operator[](SignedSize i) (function) of class np::ndarray::internal::NDArrayBase is not documented.
/home/mike/git/np/include/np/ndarray/internal/NDArrayBase.hpp:461: warning: Member operator[](const std::string &cond) const (function) of class np::ndarray::internal::NDArrayBase is not documented.
/home/mike/git/np/include/np/ndarray/internal/NDArrayBase.hpp:462: warning: Member operator[](const std::string &cond) (function) of class np::ndarray::internal::NDArrayBase is not documented.
/home/mike/git/np/include/np/ndarray/internal/NDArrayBase.hpp:464: warning: Member operator DType() const (function) of class np::ndarray::internal::NDArrayBase is not documented.
/home/mike/git/np/include/np/ndarray/internal/NDArrayBase.hpp:447: warning: Member IndexParentType (typedef) of class np::ndarray::internal::NDArrayBase is not documented.
/home/mike/git/np/include/np/ndarray/internal/NDArrayBase.hpp:448: warning: Member IndexParentConstType (typedef) of class np::ndarray::internal::NDArrayBase is not documented.
/home/mike/git/np/include/np/ndarray/internal/NDArrayBase.hpp:470: warning: Member getMaxElementSize() const (function) of class np::ndarray::internal::NDArrayBase is not documented.
/home/mike/git/np/include/np/ndarray/internal/NDArrayBase.hpp:483: warning: Member dumpToStreamAsBinary(std::ostream &stream) (function) of class np::ndarray::internal::NDArrayBase is not documented.
/home/mike/git/np/include/np/ndarray/internal/NDArrayBase.hpp:489: warning: Member runHandlers(Size dimIndex, const std::string &dimCond) const (function) of class np::ndarray::internal::NDArrayBase is not documented.
/home/mike/git/np/include/np/ndarray/internal/NDArrayBase.hpp:490: warning: Member none(Size dimIndex, const std::string &dimCond) const (function) of class np::ndarray::internal::NDArrayBase is not documented.
/home/mike/git/np/include/np/ndarray/internal/NDArrayBase.hpp:491: warning: Member subsetting(Size dimIndex, const std::string &dimCond) const (function) of class np::ndarray::internal::NDArrayBase is not documented.
/home/mike/git/np/include/np/ndarray/internal/NDArrayBase.hpp:492: warning: Member slicing(Size dimIndex, const std::string &dimCond) const (function) of class np::ndarray::internal::NDArrayBase is not documented.
/home/mike/git/np/include/np/ndarray/internal/NDArrayBase.hpp:493: warning: Member booleanIndexing(Size dimIndex, const std::string &dimCond) const (function) of class np::ndarray::internal::NDArrayBase is not documented.
/home/mike/git/np/include/np/ndarray/internal/NDArrayBase.hpp:495: warning: Member save(std::ostream &stream) (function) of class np::ndarray::internal::NDArrayBase is not documented.
/home/mike/git/np/include/np/ndarray/internal/NDArrayBase.hpp:496: warning: Member load(std::istream &stream) (function) of class np::ndarray::internal::NDArrayBase is not documented.
/home/mike/git/np/include/np/ndarray/internal/NDArrayIndexStorage.hpp:337: warning: Member ParentStorage (typedef) of class np::ndarray::internal::NDArrayIndexStorage is not documented.
/home/mike/git/np/include/np/ndarray/internal/NDArrayIndexStorage.hpp:49: warning: Member NDArrayIndexStorage(const NDArrayIndexStorage &)=default (function) of class np::ndarray::internal::NDArrayIndexStorage is not documented.
/home/mike/git/np/include/np/ndarray/internal/NDArrayIndexStorage.hpp:51: warning: Member NDArrayIndexStorage(NDArrayIndexStorage &&) noexcept=default (function) of class np::ndarray::internal::NDArrayIndexStorage is not documented.
/home/mike/git/np/include/np/ndarray/internal/NDArrayIndexStorage.hpp:53: warning: Member NDArrayIndexStorage(Parent parent, const IndicesType< DType > &indices) (function) of class np::ndarray::internal::NDArrayIndexStorage is not documented.
/home/mike/git/np/include/np/ndarray/internal/NDArrayIndexStorage.hpp:59: warning: Member operator=(const NDArrayIndexStorage &)=default (function) of class np::ndarray::internal::NDArrayIndexStorage is not documented.
/home/mike/git/np/include/np/ndarray/internal/NDArrayIndexStorage.hpp:60: warning: Member operator=(NDArrayIndexStorage &&) noexcept=default (function) of class np::ndarray::internal::NDArrayIndexStorage is not documented.
/home/mike/git/np/include/np/ndarray/internal/NDArrayIndexStorage.hpp:62: warning: Member get(Size i) const (function) of class np::ndarray::internal::NDArrayIndexStorage is not documented.
/home/mike/git/np/include/np/ndarray/internal/NDArrayIndexStorage.hpp:72: warning: Member get(Size i) (function) of class np::ndarray::internal::NDArrayIndexStorage is not documented.
/home/mike/git/np/include/np/ndarray/internal/NDArrayIndexStorage.hpp:89: warning: Member set(Size i, const DType &value) (function) of class np::ndarray::internal::NDArrayIndexStorage is not documented.
/home/mike/git/np/include/np/ndarray/internal/NDArrayIndexStorage.hpp:205: warning: Member begin() (function) of class np::ndarray::internal::NDArrayIndexStorage is not documented.
/home/mike/git/np/include/np/ndarray/internal/NDArrayIndexStorage.hpp:209: warning: Member end() (function) of class np::ndarray::internal::NDArrayIndexStorage is not documented.
/home/mike/git/np/include/np/ndarray/internal/NDArrayIndexStorage.hpp:319: warning: Member cbegin() const (function) of class np::ndarray::internal::NDArrayIndexStorage is not documented.
/home/mike/git/np/include/np/ndarray/internal/NDArrayIndexStorage.hpp:323: warning: Member cend() const (function) of class np::ndarray::internal::NDArrayIndexStorage is not documented.
/home/mike/git/np/include/np/ndarray/internal/NDArrayIndexStorage.hpp:327: warning: Member shape() const (function) of class np::ndarray::internal::NDArrayIndexStorage is not documented.
/home/mike/git/np/include/np/ndarray/internal/NDArrayIndexStorage.hpp:331: warning: Member setShape(const Shape &shape) (function) of class np::ndarray::internal::NDArrayIndexStorage is not documented.
/home/mike/git/np/include/np/ndarray/internal/NDArrayIndexStorage.hpp:350: warning: Member parentData() const (function) of class np::ndarray::internal::NDArrayIndexStorage is not documented.
/home/mike/git/np/include/np/ndarray/internal/NDArrayIndexStorage.hpp:354: warning: Member parentData() (function) of class np::ndarray::internal::NDArrayIndexStorage is not documented.
/home/mike/git/np/include/np/ndarray/internal/NDArrayIndexStorage.hpp:361: warning: Member index(Size i) const (function) of class np::ndarray::internal::NDArrayIndexStorage is not documented.
/home/mike/git/np/include/np/ndarray/internal/NDArrayIndexStorage.hpp:365: warning: Member is_contiguous (variable) of class np::ndarray::internal::NDArrayIndexStorage is not documented.
/home/mike/git/np/include/np/ndarray/internal/NDArrayIndexStorage.hpp:366: warning: Member kDepth (variable) of class np::ndarray::internal::NDArrayIndexStorage is not documented.
/home/mike/git/np/include/np/ndarray/internal/NDArrayIndexStorage.hpp:215: warning: Member difference_type (typedef) of class np::ndarray::internal::NDArrayIndexStorage::const_iterator is not documented.
/home/mike/git/np/include/np/ndarray/internal/NDArrayIndexStorage.hpp:216: warning: Member value_type (typedef) of class np::ndarray::internal::NDArrayIndexStorage::const_iterator is not documented.
/home/mike/git/np/include/np/ndarray/internal/NDArrayIndexStorage.hpp:217: warning: Member pointer (typedef) of class np::ndarray::internal::NDArrayIndexStorage::const_iterator is not documented.
/home/mike/git/np/include/np/ndarray/internal/NDArrayIndexStorage.hpp:218: warning: Member reference (typedef) of class np::ndarray::internal::NDArrayIndexStorage::const_iterator is not documented.
/home/mike/git/np/include/np/ndarray/internal/NDArrayIndexStorage.hpp:219: warning: Member iterator_category (typedef) of class np::ndarray::internal::NDArrayIndexStorage::const_iterator is not documented.
/home/mike/git/np/include/np/ndarray/internal/NDArrayIndexStorage.hpp:221: warning: Member const_iterator(const NDArrayIndexStorage *container) (function) of class np::ndarray::internal::NDArrayIndexStorage::const_iterator is not documented.
/home/mike/git/np/include/np/ndarray/internal/NDArrayIndexStorage.hpp:225: warning: Member const_iterator(const NDArrayIndexStorage *container, const OffsetType &offset) (function) of class np::ndarray::internal::NDArrayIndexStorage::const_iterator is not documented.
/home/mike/git/np/include/np/ndarray/internal/NDArrayIndexStorage.hpp:229: warning: Member const_iterator(const const_iterator &it) (function) of class np::ndarray::internal::NDArrayIndexStorage::const_iterator is not documented.
/home/mike/git/np/include/np/ndarray/internal/NDArrayIndexStorage.hpp:233: warning: Member operator=(const const_iterator &it) (function) of class np::ndarray::internal::NDArrayIndexStorage::const_iterator is not documented.
/home/mike/git/np/include/np/ndarray/internal/NDArrayIndexStorage.hpp:241: warning: Member operator==(const const_iterator &it) const (function) of class np::ndarray::internal::NDArrayIndexStorage::const_iterator is not documented.
/home/mike/git/np/include/np/ndarray/internal/NDArrayIndexStorage.hpp:245: warning: Member operator!=(const const_iterator &it) const (function) of class np::ndarray::internal::NDArrayIndexStorage::const_iterator is not documented.
/home/mike/git/np/include/np/ndarray/internal/NDArrayIndexStorage.hpp:249: warning: Member operator>(const const_iterator &it) const (function) of class np::ndarray::internal::NDArrayIndexStorage::const_iterator is not documented.
/home/mike/git/np/include/np/ndarray/internal/NDArrayIndexStorage.hpp:254: warning: Member operator>=(const const_iterator &it) const (function) of class np::ndarray::internal::NDArrayIndexStorage::const_iterator is not documented.
/home/mike/git/np/include/np/ndarray/internal/NDArrayIndexStorage.hpp:259: warning: Member operator<(const const_iterator &it) const (function) of class np::ndarray::internal::NDArrayIndexStorage::const_iterator is not documented.
/home/mike/git/np/include/np/ndarray/internal/NDArrayIndexStorage.hpp:264: warning: Member operator<=(const const_iterator &it) const (function) of class np::ndarray::internal::NDArrayIndexStorage::const_iterator is not documented.
/home/mike/git/np/include/np/ndarray/internal/NDArrayIndexStorage.hpp:269: warning: Member operator++() (function) of class np::ndarray::internal::NDArrayIndexStorage::const_iterator is not documented.
/home/mike/git/np/include/np/ndarray/internal/NDArrayIndexStorage.hpp:273: warning: Member operator++(int) (function) of class np::ndarray::internal::NDArrayIndexStorage::const_iterator is not documented.
/home/mike/git/np/include/np/ndarray/internal/NDArrayIndexStorage.hpp:277: warning: Member operator--() (function) of class np::ndarray::internal::NDArrayIndexStorage::const_iterator is not documented.
/home/mike/git/np/include/np/ndarray/internal/NDArrayIndexStorage.hpp:281: warning: Member operator--(int) (function) of class np::ndarray::internal::NDArrayIndexStorage::const_iterator is not documented.
/home/mike/git/np/include/np/ndarray/internal/NDArrayIndexStorage.hpp:285: warning: Member operator-(difference_type diff) (function) of class np::ndarray::internal::NDArrayIndexStorage::const_iterator is not documented.
/home/mike/git/np/include/np/ndarray/internal/NDArrayIndexStorage.hpp:289: warning: Member operator+(difference_type diff) (function) of class np::ndarray::internal::NDArrayIndexStorage::const_iterator is not documented.
/home/mike/git/np/include/np/ndarray/internal/NDArrayIndexStorage.hpp:293: warning: Member operator+=(difference_type diff) (function) of class np::ndarray::internal::NDArrayIndexStorage::const_iterator is not documented.
/home/mike/git/np/include/np/ndarray/internal/NDArrayIndexStorage.hpp:297: warning: Member operator-=(difference_type diff) (function) of class np::ndarray::internal::NDArrayIndexStorage::const_iterator is not documented.
/home/mike/git/np/include/np/ndarray/internal/NDArrayIndexStorage.hpp:301: warning: Member operator-(const const_iterator &it) const (function) of class np::ndarray::internal::NDArrayIndexStorage::const_iterator is not documented.
/home/mike/git/np/include/np/ndarray/internal/NDArrayIndexStorage.hpp:306: warning: Member next(difference_type diff) (function) of class np::ndarray::internal::NDArrayIndexStorage::const_iterator is not documented.
/home/mike/git/np/include/np/ndarray/internal/NDArrayIndexStorage.hpp:310: warning: Member operator*() const (function) of class np::ndarray::internal::NDArrayIndexStorage::const_iterator is not documented.
/home/mike/git/np/include/np/ndarray/internal/NDArrayIndexStorage.hpp:101: warning: Member difference_type (typedef) of class np::ndarray::internal::NDArrayIndexStorage::iterator is not documented.
/home/mike/git/np/include/np/ndarray/internal/NDArrayIndexStorage.hpp:102: warning: Member value_type (typedef) of class np::ndarray::internal::NDArrayIndexStorage::iterator is not documented.
/home/mike/git/np/include/np/ndarray/internal/NDArrayIndexStorage.hpp:103: warning: Member pointer (typedef) of class np::ndarray::internal::NDArrayIndexStorage::iterator is not documented.
/home/mike/git/np/include/np/ndarray/internal/NDArrayIndexStorage.hpp:104: warning: Member reference (typedef) of class np::ndarray::internal::NDArrayIndexStorage::iterator is not documented.
/home/mike/git/np/include/np/ndarray/internal/NDArrayIndexStorage.hpp:105: warning: Member iterator_category (typedef) of class np::ndarray::internal::NDArrayIndexStorage::iterator is not documented.
/home/mike/git/np/include/np/ndarray/internal/NDArrayIndexStorage.hpp:107: warning: Member iterator(NDArrayIndexStorage *container) (function) of class np::ndarray::internal::NDArrayIndexStorage::iterator is not documented.
/home/mike/git/np/include/np/ndarray/internal/NDArrayIndexStorage.hpp:111: warning: Member iterator(NDArrayIndexStorage *container, const OffsetType &offset) (function) of class np::ndarray::internal::NDArrayIndexStorage::iterator is not documented.
/home/mike/git/np/include/np/ndarray/internal/NDArrayIndexStorage.hpp:115: warning: Member iterator(const iterator &it) (function) of class np::ndarray::internal::NDArrayIndexStorage::iterator is not documented.
/home/mike/git/np/include/np/ndarray/internal/NDArrayIndexStorage.hpp:119: warning: Member operator=(const iterator &it) (function) of class np::ndarray::internal::NDArrayIndexStorage::iterator is not documented.
/home/mike/git/np/include/np/ndarray/internal/NDArrayIndexStorage.hpp:127: warning: Member operator==(const iterator &it) const (function) of class np::ndarray::internal::NDArrayIndexStorage::iterator is not documented.
/home/mike/git/np/include/np/ndarray/internal/NDArrayIndexStorage.hpp:131: warning: Member operator!=(const iterator &it) const (function) of class np::ndarray::internal::NDArrayIndexStorage::iterator is not documented.
/home/mike/git/np/include/np/ndarray/internal/NDArrayIndexStorage.hpp:135: warning: Member operator>(const iterator &it) const (function) of class np::ndarray::internal::NDArrayIndexStorage::iterator is not documented.
/home/mike/git/np/include/np/ndarray/internal/NDArrayIndexStorage.hpp:140: warning: Member operator>=(const iterator &it) const (function) of class np::ndarray::internal::NDArrayIndexStorage::iterator is not documented.
/home/mike/git/np/include/np/ndarray/internal/NDArrayIndexStorage.hpp:145: warning: Member operator<(const iterator &it) const (function) of class np::ndarray::internal::NDArrayIndexStorage::iterator is not documented.
/home/mike/git/np/include/np/ndarray/internal/NDArrayIndexStorage.hpp:150: warning: Member operator<=(const iterator &it) const (function) of class np::ndarray::internal::NDArrayIndexStorage::iterator is not documented.
/home/mike/git/np/include/np/ndarray/internal/NDArrayIndexStorage.hpp:155: warning: Member operator++() (function) of class np::ndarray::internal::NDArrayIndexStorage::iterator is not documented.
/home/mike/git/np/include/np/ndarray/internal/NDArrayIndexStorage.hpp:159: warning: Member operator++(int) (function) of class np::ndarray::internal::NDArrayIndexStorage::iterator is not documented.
/home/mike/git/np/include/np/ndarray/internal/NDArrayIndexStorage.hpp:163: warning: Member operator--() (function) of class np::ndarray::internal::NDArrayIndexStorage::iterator is not documented.
/home/mike/git/np/include/np/ndarray/internal/NDArrayIndexStorage.hpp:167: warning: Member operator--(int) (function) of class np::ndarray::internal::NDArrayIndexStorage::iterator is not documented.
/home/mike/git/np/include/np/ndarray/internal/NDArrayIndexStorage.hpp:171: warning: Member operator-(difference_type diff) (function) of class np::ndarray::internal::NDArrayIndexStorage::iterator is not documented.
/home/mike/git/np/include/np/ndarray/internal/NDArrayIndexStorage.hpp:175: warning: Member operator+(difference_type diff) (function) of class np::ndarray::internal::NDArrayIndexStorage::iterator is not documented.
/home/mike/git/np/include/np/ndarray/internal/NDArrayIndexStorage.hpp:179: warning: Member operator+=(difference_type diff) (function) of class np::ndarray::internal::NDArrayIndexStorage::iterator is not documented.
/home/mike/git/np/include/np/ndarray/internal/NDArrayIndexStorage.hpp:183: warning: Member operator-=(difference_type diff) (function) of class np::ndarray::internal::NDArrayIndexStorage::iterator is not documented.
/home/mike/git/np/include/np/ndarray/internal/NDArrayIndexStorage.hpp:187: warning: Member operator-(const iterator &it) const (function) of class np::ndarray::internal::NDArrayIndexStorage::iterator is not documented.
/home/mike/git/np/include/np/ndarray/internal/NDArrayIndexStorage.hpp:192: warning: Member next(difference_type diff) (function) of class np::ndarray::internal::NDArrayIndexStorage::iterator is not documented.
/home/mike/git/np/include/np/ndarray/internal/NDArrayIndexStorage.hpp:196: warning: Member operator*() const (function) of class np::ndarray::internal::NDArrayIndexStorage::iterator is not documented.
/home/mike/git/np/include/np/ndarray/internal/NDArrayShaped.hpp:68: warning: Member Base (typedef) of class np::ndarray::internal::NDArrayShaped is not documented.
/home/mike/git/np/include/np/ndarray/internal/NDArrayShaped.hpp:69: warning: Member BasePtrBool (typedef) of class np::ndarray::internal::NDArrayShaped is not documented.
/home/mike/git/np/include/np/ndarray/internal/NDArrayShaped.hpp:70: warning: Member BasePtr (typedef) of class np::ndarray::internal::NDArrayShaped is not documented.
/home/mike/git/np/include/np/ndarray/internal/NDArrayShaped.hpp:71: warning: Member BaseConstPtr (typedef) of class np::ndarray::internal::NDArrayShaped is not documented.
/home/mike/git/np/include/np/ndarray/internal/NDArrayShaped.hpp:96: warning: Member value_type (typedef) of class np::ndarray::internal::NDArrayShaped is not documented.
/home/mike/git/np/include/np/ndarray/internal/NDArrayBase.hpp:447: warning: Member IndexParentType (typedef) of class np::ndarray::internal::NDArrayBase is not documented.
/home/mike/git/np/include/np/ndarray/internal/NDArrayBase.hpp:448: warning: Member IndexParentConstType (typedef) of class np::ndarray::internal::NDArrayBase is not documented.
/home/mike/git/np/include/np/ndarray/internal/NDArrayShaped.hpp:50: warning: Member NDArrayShaped(const NDArrayShaped &another)=default (function) of class np::ndarray::internal::NDArrayShaped is not documented.
/home/mike/git/np/include/np/ndarray/internal/NDArrayShaped.hpp:52: warning: Member NDArrayShaped(NDArrayShaped &&another) noexcept=default (function) of class np::ndarray::internal::NDArrayShaped is not documented.
/home/mike/git/np/include/np/ndarray/internal/NDArrayShaped.hpp:54: warning: Member NDArrayShaped(const std::vector< DType > &vector, Shape shape) (function) of class np::ndarray::internal::NDArrayShaped is not documented.
/home/mike/git/np/include/np/ndarray/internal/NDArrayShaped.hpp:56: warning: Member NDArrayShaped(DType *data, Shape shape) (function) of class np::ndarray::internal::NDArrayShaped is not documented.
/home/mike/git/np/include/np/ndarray/internal/NDArrayShaped.hpp:59: warning: Member NDArrayShaped(Shape shape, Args &&...args) (function) of class np::ndarray::internal::NDArrayShaped is not documented.
/home/mike/git/np/include/np/ndarray/internal/NDArrayShaped.hpp:62: warning: Member NDArrayShaped(bool isColumnVector, Args &&...args) (function) of class np::ndarray::internal::NDArrayShaped is not documented.
/home/mike/git/np/include/np/ndarray/internal/NDArrayShaped.hpp:64: warning: Member operator=(const NDArrayShaped &another) (function) of class np::ndarray::internal::NDArrayShaped is not documented.
/home/mike/git/np/include/np/ndarray/internal/NDArrayShaped.hpp:66: warning: Member operator=(NDArrayShaped &&another) noexcept (function) of class np::ndarray::internal::NDArrayShaped is not documented.
/home/mike/git/np/include/np/ndarray/internal/NDArrayShaped.hpp:74: warning: Member shape() const override (function) of class np::ndarray::internal::NDArrayShaped is not documented.
/home/mike/git/np/include/np/ndarray/internal/NDArrayShaped.hpp:75: warning: Member setShape(const Shape &shape) override (function) of class np::ndarray::internal::NDArrayShaped is not documented.
/home/mike/git/np/include/np/ndarray/internal/NDArrayShaped.hpp:77: warning: Member empty() const override (function) of class np::ndarray::internal::NDArrayShaped is not documented.
/home/mike/git/np/include/np/ndarray/internal/NDArrayShaped.hpp:82: warning: Member len() const override (function) of class np::ndarray::internal::NDArrayShaped is not documented.
/home/mike/git/np/include/np/ndarray/internal/NDArrayShaped.hpp:87: warning: Member ndim() const override (function) of class np::ndarray::internal::NDArrayShaped is not documented.
/home/mike/git/np/include/np/ndarray/internal/NDArrayShaped.hpp:92: warning: Member size() const override (function) of class np::ndarray::internal::NDArrayShaped is not documented.
/home/mike/git/np/include/np/ndarray/internal/NDArrayShaped.hpp:97: warning: Member push_back(const value_type &value) (function) of class np::ndarray::internal::NDArrayShaped is not documented.
/home/mike/git/np/include/np/ndarray/internal/NDArrayBase.hpp:71: warning: Member NDArrayBase(Args &&...args) (function) of class np::ndarray::internal::NDArrayBase is not documented.
/home/mike/git/np/include/np/ndarray/internal/NDArrayBase.hpp:73: warning: Member NDArrayBase(const NDArrayBase &another) (function) of class np::ndarray::internal::NDArrayBase is not documented.
/home/mike/git/np/include/np/ndarray/internal/NDArrayBase.hpp:75: warning: Member NDArrayBase(NDArrayBase &&another) noexcept (function) of class np::ndarray::internal::NDArrayBase is not documented.
/home/mike/git/np/include/np/ndarray/internal/NDArrayBase.hpp:80: warning: Member derived() const (function) of class np::ndarray::internal::NDArrayBase is not documented.
/home/mike/git/np/include/np/ndarray/internal/NDArrayBase.hpp:84: warning: Member derived() (function) of class np::ndarray::internal::NDArrayBase is not documented.
/home/mike/git/np/include/np/ndarray/internal/NDArrayBase.hpp:88: warning: Member operator=(const NDArrayBase &another) (function) of class np::ndarray::internal::NDArrayBase is not documented.
/home/mike/git/np/include/np/ndarray/internal/NDArrayBase.hpp:90: warning: Member operator=(NDArrayBase &&another) noexcept (function) of class np::ndarray::internal::NDArrayBase is not documented.
/home/mike/git/np/include/np/ndarray/internal/NDArrayBase.hpp:93: warning: Member save(const char *filename) (function) of class np::ndarray::internal::NDArrayBase is not documented.
/home/mike/git/np/include/np/ndarray/internal/NDArrayBase.hpp:95: warning: Member savez(const char *filename) (function) of class np::ndarray::internal::NDArrayBase is not documented.
/home/mike/git/np/include/np/ndarray/internal/NDArrayBase.hpp:97: warning: Member load(const char *filename) (function) of class np::ndarray::internal::NDArrayBase is not documented.
/home/mike/git/np/include/np/ndarray/internal/NDArrayBase.hpp:100: warning: Member loadtxt(const char *filename) (function) of class np::ndarray::internal::NDArrayBase is not documented.
/home/mike/git/np/include/np/ndarray/internal/NDArrayBase.hpp:102: warning: Member genfromtxt(const char *filename) (function) of class np::ndarray::internal::NDArrayBase is not documented.
/home/mike/git/np/include/np/ndarray/internal/NDArrayBase.hpp:104: warning: Member savetxt(const char *filename, const char *delimiter) (function) of class np::ndarray::internal::NDArrayBase is not documented.
/home/mike/git/np/include/np/ndarray/internal/NDArrayBase.hpp:129: warning: Member dtype() (function) of class np::ndarray::internal::NDArrayBase is not documented.
/home/mike/git/np/include/np/ndarray/internal/NDArrayBase.hpp:133: warning: Member addInplace(const NDArrayBase< DType2, Derived2, Storage2 > &array) (function) of class np::ndarray::internal::NDArrayBase is not documented.
/home/mike/git/np/include/np/ndarray/internal/NDArrayBase.hpp:136: warning: Member add(const DType2 &value) const (function) of class np::ndarray::internal::NDArrayBase is not documented.
/home/mike/git/np/include/np/ndarray/internal/NDArrayBase.hpp:139: warning: Member addInplace(const DType2 &value) (function) of class np::ndarray::internal::NDArrayBase is not documented.
/home/mike/git/np/include/np/ndarray/internal/NDArrayBase.hpp:142: warning: Member subtractInplace(const NDArrayBase< DType2, Derived2, Storage2 > &array) (function) of class np::ndarray::internal::NDArrayBase is not documented.
/home/mike/git/np/include/np/ndarray/internal/NDArrayBase.hpp:145: warning: Member subtract(const DType2 &value) const (function) of class np::ndarray::internal::NDArrayBase is not documented.
/home/mike/git/np/include/np/ndarray/internal/NDArrayBase.hpp:148: warning: Member subtractInplace(const DType2 &value) (function) of class np::ndarray::internal::NDArrayBase is not documented.
/home/mike/git/np/include/np/ndarray/internal/NDArrayBase.hpp:151: warning: Member subtractFrom(const DType2 &value) const (function) of class np::ndarray::internal::NDArrayBase is not documented.
/home/mike/git/np/include/np/ndarray/internal/NDArrayBase.hpp:154: warning: Member multiplyInplace(const NDArrayBase< DType2, Derived2, Storage2 > &array) (function) of class np::ndarray::internal::NDArrayBase is not documented.
/home/mike/git/np/include/np/ndarray/internal/NDArrayBase.hpp:157: warning: Member multiply(const DType2 &value) const (function) of class np::ndarray::internal::NDArrayBase is not documented.
/home/mike/git/np/include/np/ndarray/internal/NDArrayBase.hpp:160: warning: Member multiplyInplace(const DType2 &value) (function) of class np::ndarray::internal::NDArrayBase is not documented.
/home/mike/git/np/include/np/ndarray/internal/NDArrayBase.hpp:163: warning: Member divideInplace(const NDArrayBase< DType2, Derived2, Storage2 > &array) (function) of class np::ndarray::internal::NDArrayBase is not documented.
/home/mike/git/np/include/np/ndarray/internal/NDArrayBase.hpp:166: warning: Member divide(const DType2 &value) const (function) of class np::ndarray::internal::NDArrayBase is not documented.
/home/mike/git/np/include/np/ndarray/internal/NDArrayBase.hpp:169: warning: Member divideInplace(const DType2 &value) (function) of class np::ndarray::internal::NDArrayBase is not documented.
/home/mike/git/np/include/np/ndarray/internal/NDArrayBase.hpp:172: warning: Member divideFrom(const DType2 &value) const (function) of class np::ndarray::internal::NDArrayBase is not documented.
/home/mike/git/np/include/np/ndarray/internal/NDArrayBase.hpp:174: warning: Member exp() const (function) of class np::ndarray::internal::NDArrayBase is not documented.
/home/mike/git/np/include/np/ndarray/internal/NDArrayBase.hpp:176: warning: Member expInplace() (function) of class np::ndarray::internal::NDArrayBase is not documented.
/home/mike/git/np/include/np/ndarray/internal/NDArrayBase.hpp:178: warning: Member sqrt() const (function) of class np::ndarray::internal::NDArrayBase is not documented.
/home/mike/git/np/include/np/ndarray/internal/NDArrayBase.hpp:180: warning: Member sqrtInplace() (function) of class np::ndarray::internal::NDArrayBase is not documented.
/home/mike/git/np/include/np/ndarray/internal/NDArrayBase.hpp:182: warning: Member sin() const (function) of class np::ndarray::internal::NDArrayBase is not documented.
/home/mike/git/np/include/np/ndarray/internal/NDArrayBase.hpp:184: warning: Member sinInplace() (function) of class np::ndarray::internal::NDArrayBase is not documented.
/home/mike/git/np/include/np/ndarray/internal/NDArrayBase.hpp:186: warning: Member cos() const (function) of class np::ndarray::internal::NDArrayBase is not documented.
/home/mike/git/np/include/np/ndarray/internal/NDArrayBase.hpp:188: warning: Member cosInplace() (function) of class np::ndarray::internal::NDArrayBase is not documented.
/home/mike/git/np/include/np/ndarray/internal/NDArrayBase.hpp:190: warning: Member log() const (function) of class np::ndarray::internal::NDArrayBase is not documented.
/home/mike/git/np/include/np/ndarray/internal/NDArrayBase.hpp:192: warning: Member logInplace() (function) of class np::ndarray::internal::NDArrayBase is not documented.
/home/mike/git/np/include/np/ndarray/internal/NDArrayBase.hpp:194: warning: Member abs() const (function) of class np::ndarray::internal::NDArrayBase is not documented.
/home/mike/git/np/include/np/ndarray/internal/NDArrayBase.hpp:196: warning: Member absInplace() (function) of class np::ndarray::internal::NDArrayBase is not documented.
/home/mike/git/np/include/np/ndarray/internal/NDArrayBase.hpp:200: warning: Member dot(const NDArrayBase< DType2, Derived2, Storage2 > &array) const (function) of class np::ndarray::internal::NDArrayBase is not documented.
/home/mike/git/np/include/np/ndarray/internal/NDArrayBase.hpp:204: warning: Member operator==(const NDArrayBase< DType2, Derived2, Storage2 > &array) const (function) of class np::ndarray::internal::NDArrayBase is not documented.
/home/mike/git/np/include/np/ndarray/internal/NDArrayBase.hpp:207: warning: Member operator<(const NDArrayBase< DType2, Derived2, Storage2 > &array) const (function) of class np::ndarray::internal::NDArrayBase is not documented.
/home/mike/git/np/include/np/ndarray/internal/NDArrayBase.hpp:210: warning: Member operator>(const NDArrayBase< DType2, Derived2, Storage2 > &array) const (function) of class np::ndarray::internal::NDArrayBase is not documented.
/home/mike/git/np/include/np/ndarray/internal/NDArrayBase.hpp:213: warning: Member array_equal(const DType &element) const (function) of class np::ndarray::internal::NDArrayBase is not documented.
/home/mike/git/np/include/np/ndarray/internal/NDArrayBase.hpp:219: warning: Member array_equal(const NDArrayBase< DType2, Derived2, Storage2 > &array) const (function) of class np::ndarray::internal::NDArrayBase is not documented.
/home/mike/git/np/include/np/ndarray/internal/NDArrayBase.hpp:234: warning: Member average(const NDArrayBase< DType2, Derived2, Storage2 > &weights) const (function) of class np::ndarray::internal::NDArrayBase is not documented.
/home/mike/git/np/include/np/ndarray/internal/NDArrayBase.hpp:237: warning: Member sum() const (function) of class np::ndarray::internal::NDArrayBase is not documented.
/home/mike/git/np/include/np/ndarray/internal/NDArrayBase.hpp:240: warning: Member nansum() const (function) of class np::ndarray::internal::NDArrayBase is not documented.
/home/mike/git/np/include/np/ndarray/internal/NDArrayBase.hpp:243: warning: Member min() const (function) of class np::ndarray::internal::NDArrayBase is not documented.
/home/mike/git/np/include/np/ndarray/internal/NDArrayBase.hpp:246: warning: Member max() const (function) of class np::ndarray::internal::NDArrayBase is not documented.
/home/mike/git/np/include/np/ndarray/internal/NDArrayBase.hpp:249: warning: Member cumsum() const (function) of class np::ndarray::internal::NDArrayBase is not documented.
/home/mike/git/np/include/np/ndarray/internal/NDArrayBase.hpp:252: warning: Member nancumsum() const (function) of class np::ndarray::internal::NDArrayBase is not documented.
/home/mike/git/np/include/np/ndarray/internal/NDArrayBase.hpp:255: warning: Member mean() const (function) of class np::ndarray::internal::NDArrayBase is not documented.
/home/mike/git/np/include/np/ndarray/internal/NDArrayBase.hpp:258: warning: Member nanmean() const (function) of class np::ndarray::internal::NDArrayBase is not documented.
/home/mike/git/np/include/np/ndarray/internal/NDArrayBase.hpp:261: warning: Member median() const (function) of class np::ndarray::internal::NDArrayBase is not documented.
/home/mike/git/np/include/np/ndarray/internal/NDArrayBase.hpp:264: warning: Member nanmedian() const (function) of class np::ndarray::internal::NDArrayBase is not documented.
/home/mike/git/np/include/np/ndarray/internal/NDArrayBase.hpp:267: warning: Member cov() const (function) of class np::ndarray::internal::NDArrayBase is not documented.
/home/mike/git/np/include/np/ndarray/internal/NDArrayBase.hpp:270: warning: Member corrcoef() const (function) of class np::ndarray::internal::NDArrayBase is not documented.
/home/mike/git/np/include/np/ndarray/internal/NDArrayBase.hpp:273: warning: Member std_() const (function) of class np::ndarray::internal::NDArrayBase is not documented.
/home/mike/git/np/include/np/ndarray/internal/NDArrayBase.hpp:276: warning: Member nanstd() const (function) of class np::ndarray::internal::NDArrayBase is not documented.
/home/mike/git/np/include/np/ndarray/internal/NDArrayBase.hpp:279: warning: Member var() const (function) of class np::ndarray::internal::NDArrayBase is not documented.
/home/mike/git/np/include/np/ndarray/internal/NDArrayBase.hpp:282: warning: Member nanvar() const (function) of class np::ndarray::internal::NDArrayBase is not documented.
/home/mike/git/np/include/np/ndarray/internal/NDArrayBase.hpp:285: warning: Member view() const (function) of class np::ndarray::internal::NDArrayBase is not documented.
/home/mike/git/np/include/np/ndarray/internal/NDArrayBase.hpp:288: warning: Member copy() const (function) of class np::ndarray::internal::NDArrayBase is not documented.
/home/mike/git/np/include/np/ndarray/internal/NDArrayBase.hpp:291: warning: Member sort() (function) of class np::ndarray::internal::NDArrayBase is not documented.
/home/mike/git/np/include/np/ndarray/internal/NDArrayBase.hpp:297: warning: Member transpose() const (function) of class np::ndarray::internal::NDArrayBase is not documented.
/home/mike/git/np/include/np/ndarray/internal/NDArrayBase.hpp:300: warning: Member ravel() const (function) of class np::ndarray::internal::NDArrayBase is not documented.
/home/mike/git/np/include/np/ndarray/internal/NDArrayBase.hpp:303: warning: Member reshape(const Shape &shape) const (function) of class np::ndarray::internal::NDArrayBase is not documented.
/home/mike/git/np/include/np/ndarray/internal/NDArrayBase.hpp:307: warning: Member resize(const Shape &shape) const (function) of class np::ndarray::internal::NDArrayBase is not documented.
/home/mike/git/np/include/np/ndarray/internal/NDArrayBase.hpp:311: warning: Member append(const NDArrayBase< DType2, Derived2, Storage2 > &array) const (function) of class np::ndarray::internal::NDArrayBase is not documented.
/home/mike/git/np/include/np/ndarray/internal/NDArrayBase.hpp:315: warning: Member insert(Size index, const NDArrayBase< DType2, Derived2, Storage2 > &array) const (function) of class np::ndarray::internal::NDArrayBase is not documented.
/home/mike/git/np/include/np/ndarray/internal/NDArrayBase.hpp:318: warning: Member del(Size index) const (function) of class np::ndarray::internal::NDArrayBase is not documented.
/home/mike/git/np/include/np/ndarray/internal/NDArrayBase.hpp:322: warning: Member concatenate(const NDArrayBase< DType2, Derived2, Storage2 > &array, std::optional< size_t > axis=std::nullopt) const (function) of class np::ndarray::internal::NDArrayBase is not documented.
/home/mike/git/np/include/np/ndarray/internal/NDArrayBase.hpp:326: warning: Member vstack(const NDArrayBase< DType2, Derived2, Storage2 > &array) const (function) of class np::ndarray::internal::NDArrayBase is not documented.
/home/mike/git/np/include/np/ndarray/internal/NDArrayBase.hpp:330: warning: Member r_(const NDArrayBase< DType2, Derived2, Storage2 > &array) const (function) of class np::ndarray::internal::NDArrayBase is not documented.
/home/mike/git/np/include/np/ndarray/internal/NDArrayBase.hpp:334: warning: Member hstack(const NDArrayBase< DType2, Derived2, Storage2 > &array) const (function) of class np::ndarray::internal::NDArrayBase is not documented.
/home/mike/git/np/include/np/ndarray/internal/NDArrayBase.hpp:338: warning: Member c_(const NDArrayBase< DType2, Derived2, Storage2 > &array) const (function) of class np::ndarray::internal::NDArrayBase is not documented.
/home/mike/git/np/include/np/ndarray/internal/NDArrayBase.hpp:341: warning: Member hsplit(size_t sections) const (function) of class np::ndarray::internal::NDArrayBase is not documented.
/home/mike/git/np/include/np/ndarray/internal/NDArrayBase.hpp:344: warning: Member vsplit(size_t sections) const (function) of class np::ndarray::internal::NDArrayBase is not documented.
/home/mike/git/np/include/np/ndarray/internal/NDArrayBase.hpp:347: warning: Member expand_dims(Size axis) const (function) of class np::ndarray::internal::NDArrayBase is not documented.
/home/mike/git/np/include/np/ndarray/internal/NDArrayBase.hpp:349: warning: Member data() const (function) of class np::ndarray::internal::NDArrayBase is not documented.
/home/mike/git/np/include/np/ndarray/internal/NDArrayBase.hpp:361: warning: Member data() (function) of class np::ndarray::internal::NDArrayBase is not documented.
/home/mike/git/np/include/np/ndarray/internal/NDArrayBase.hpp:370: warning: Member get(Size i) const (function) of class np::ndarray::internal::NDArrayBase is not documented.
/home/mike/git/np/include/np/ndarray/internal/NDArrayBase.hpp:374: warning: Member get(Size i) (function) of class np::ndarray::internal::NDArrayBase is not documented.
/home/mike/git/np/include/np/ndarray/internal/NDArrayBase.hpp:378: warning: Member set(Size i, const DType &value) (function) of class np::ndarray::internal::NDArrayBase is not documented.
/home/mike/git/np/include/np/ndarray/internal/NDArrayBase.hpp:383: warning: Member at(Size row, Size column) const (function) of class np::ndarray::internal::NDArrayBase is not documented.
/home/mike/git/np/include/np/ndarray/internal/NDArrayBase.hpp:397: warning: Member at(Size row, Size column) (function) of class np::ndarray::internal::NDArrayBase is not documented.
/home/mike/git/np/include/np/ndarray/internal/NDArrayBase.hpp:410: warning: Member getStorage() (function) of class np::ndarray::internal::NDArrayBase is not documented.
/home/mike/git/np/include/np/ndarray/internal/NDArrayBase.hpp:414: warning: Member getStorage() const (function) of class np::ndarray::internal::NDArrayBase is not documented.
/home/mike/git/np/include/np/ndarray/internal/NDArrayBase.hpp:418: warning: Member index(Size i) const (function) of class np::ndarray::internal::NDArrayBase is not documented.
/home/mike/git/np/include/np/ndarray/internal/NDArrayBase.hpp:426: warning: Member begin() (function) of class np::ndarray::internal::NDArrayBase is not documented.
/home/mike/git/np/include/np/ndarray/internal/NDArrayBase.hpp:430: warning: Member end() (function) of class np::ndarray::internal::NDArrayBase is not documented.
/home/mike/git/np/include/np/ndarray/internal/NDArrayBase.hpp:434: warning: Member cbegin() const (function) of class np::ndarray::internal::NDArrayBase is not documented.
/home/mike/git/np/include/np/ndarray/internal/NDArrayBase.hpp:438: warning: Member cend() const (function) of class np::ndarray::internal::NDArrayBase is not documented.
/home/mike/git/np/include/np/ndarray/internal/NDArrayBase.hpp:442: warning: Member push(const DType &value) (function) of class np::ndarray::internal::NDArrayBase is not documented.
/home/mike/git/np/include/np/ndarray/internal/NDArrayBase.hpp:450: warning: Member operator[](SignedSize i) const (function) of class np::ndarray::internal::NDArrayBase is not documented.
/home/mike/git/np/include/np/ndarray/internal/NDArrayBase.hpp:451: warning: Member operator[](SignedSize i) (function) of class np::ndarray::internal::NDArrayBase is not documented.
/home/mike/git/np/include/np/ndarray/internal/NDArrayBase.hpp:461: warning: Member operator[](const std::string &cond) const (function) of class np::ndarray::internal::NDArrayBase is not documented.
/home/mike/git/np/include/np/ndarray/internal/NDArrayBase.hpp:462: warning: Member operator[](const std::string &cond) (function) of class np::ndarray::internal::NDArrayBase is not documented.
/home/mike/git/np/include/np/ndarray/internal/NDArrayBase.hpp:464: warning: Member operator DType() const (function) of class np::ndarray::internal::NDArrayBase is not documented.
/home/mike/git/np/include/np/ndarray/internal/NDArrayShaped.hpp:108: warning: Member m_shape (variable) of class np::ndarray::internal::NDArrayShaped is not documented.
/home/mike/git/np/include/np/ndarray/internal/NDArrayBase.hpp:470: warning: Member getMaxElementSize() const (function) of class np::ndarray::internal::NDArrayBase is not documented.
/home/mike/git/np/include/np/ndarray/internal/NDArrayBase.hpp:483: warning: Member dumpToStreamAsBinary(std::ostream &stream) (function) of class np::ndarray::internal::NDArrayBase is not documented.
/home/mike/git/np/include/np/ndarray/internal/NDArrayBase.hpp:489: warning: Member runHandlers(Size dimIndex, const std::string &dimCond) const (function) of class np::ndarray::internal::NDArrayBase is not documented.
/home/mike/git/np/include/np/ndarray/internal/NDArrayBase.hpp:490: warning: Member none(Size dimIndex, const std::string &dimCond) const (function) of class np::ndarray::internal::NDArrayBase is not documented.
/home/mike/git/np/include/np/ndarray/internal/NDArrayBase.hpp:491: warning: Member subsetting(Size dimIndex, const std::string &dimCond) const (function) of class np::ndarray::internal::NDArrayBase is not documented.
/home/mike/git/np/include/np/ndarray/internal/NDArrayBase.hpp:492: warning: Member slicing(Size dimIndex, const std::string &dimCond) const (function) of class np::ndarray::internal::NDArrayBase is not documented.
/home/mike/git/np/include/np/ndarray/internal/NDArrayBase.hpp:493: warning: Member booleanIndexing(Size dimIndex, const std::string &dimCond) const (function) of class np::ndarray::internal::NDArrayBase is not documented.
/home/mike/git/np/include/np/ndarray/internal/NDArrayBase.hpp:495: warning: Member save(std::ostream &stream) (function) of class np::ndarray::internal::NDArrayBase is not documented.
/home/mike/git/np/include/np/ndarray/internal/NDArrayBase.hpp:496: warning: Member load(std::istream &stream) (function) of class np::ndarray::internal::NDArrayBase is not documented.
/home/mike/git/np/include/np/ndarray/internal/OffsetType.hpp:36: warning: Member difference_type (typedef) of class np::ndarray::internal::OffsetType is not documented.
/home/mike/git/np/include/np/ndarray/internal/OffsetType.hpp:41: warning: Member OffsetType(Size currentPosition) (function) of class np::ndarray::internal::OffsetType is not documented.
/home/mike/git/np/include/np/ndarray/internal/OffsetType.hpp:44: warning: Member OffsetType(const OffsetType &offsetType) (function) of class np::ndarray::internal::OffsetType is not documented.
/home/mike/git/np/include/np/ndarray/internal/OffsetType.hpp:47: warning: Member operator==(const OffsetType &another) const (function) of class np::ndarray::internal::OffsetType is not documented.
/home/mike/git/np/include/np/ndarray/internal/OffsetType.hpp:51: warning: Member operator!=(const OffsetType &another) const (function) of class np::ndarray::internal::OffsetType is not documented.
/home/mike/git/np/include/np/ndarray/internal/OffsetType.hpp:55: warning: Member operator<(const OffsetType &another) const (function) of class np::ndarray::internal::OffsetType is not documented.
/home/mike/git/np/include/np/ndarray/internal/OffsetType.hpp:59: warning: Member operator<=(const OffsetType &another) const (function) of class np::ndarray::internal::OffsetType is not documented.
/home/mike/git/np/include/np/ndarray/internal/OffsetType.hpp:63: warning: Member operator>(const OffsetType &another) const (function) of class np::ndarray::internal::OffsetType is not documented.
/home/mike/git/np/include/np/ndarray/internal/OffsetType.hpp:67: warning: Member operator>=(const OffsetType &another) const (function) of class np::ndarray::internal::OffsetType is not documented.
/home/mike/git/np/include/np/ndarray/internal/OffsetType.hpp:71: warning: Member operator++() (function) of class np::ndarray::internal::OffsetType is not documented.
/home/mike/git/np/include/np/ndarray/internal/OffsetType.hpp:76: warning: Member operator++(int) (function) of class np::ndarray::internal::OffsetType is not documented.
/home/mike/git/np/include/np/ndarray/internal/OffsetType.hpp:81: warning: Member operator+(difference_type diff) (function) of class np::ndarray::internal::OffsetType is not documented.
/home/mike/git/np/include/np/ndarray/internal/OffsetType.hpp:89: warning: Member operator+=(difference_type diff) (function) of class np::ndarray::internal::OffsetType is not documented.
/home/mike/git/np/include/np/ndarray/internal/OffsetType.hpp:96: warning: Member operator--() (function) of class np::ndarray::internal::OffsetType is not documented.
/home/mike/git/np/include/np/ndarray/internal/OffsetType.hpp:104: warning: Member operator--(int) (function) of class np::ndarray::internal::OffsetType is not documented.
/home/mike/git/np/include/np/ndarray/internal/OffsetType.hpp:112: warning: Member operator-(difference_type diff) (function) of class np::ndarray::internal::OffsetType is not documented.
/home/mike/git/np/include/np/ndarray/internal/OffsetType.hpp:120: warning: Member operator-=(difference_type diff) (function) of class np::ndarray::internal::OffsetType is not documented.
/home/mike/git/np/include/np/ndarray/internal/OffsetType.hpp:127: warning: Member operator-(const OffsetType &another) const (function) of class np::ndarray::internal::OffsetType is not documented.
/home/mike/git/np/include/np/ndarray/internal/OffsetType.hpp:137: warning: Member operator Size() const (function) of class np::ndarray::internal::OffsetType is not documented.
/home/mike/git/np/include/np/ndarray/internal/Indexing.hpp:50: warning: Member m_operator (variable) of struct np::ndarray::internal::OperatorWithArg is not documented.
/home/mike/git/np/include/np/ndarray/internal/Indexing.hpp:51: warning: Member m_arg (variable) of struct np::ndarray::internal::OperatorWithArg is not documented.
/home/mike/git/np/include/np/ndarray/internal/Indexing.hpp:88: warning: Member op (variable) of struct np::ndarray::internal::Pattern is not documented.
/home/mike/git/np/include/np/ndarray/internal/Indexing.hpp:89: warning: Member str (variable) of struct np::ndarray::internal::Pattern is not documented.
/home/mike/git/np/include/np/ndarray/internal/Expression.hpp:120: warning: Member DType (typedef) of struct np::ndarray::internal::ScalarWrapper is not documented.
/home/mike/git/np/include/np/ndarray/internal/Expression.hpp:123: warning: Member get(Size) const (function) of struct np::ndarray::internal::ScalarWrapper is not documented.
/home/mike/git/np/include/np/ndarray/internal/Expression.hpp:124: warning: Member size() const (function) of struct np::ndarray::internal::ScalarWrapper is not documented.
/home/mike/git/np/include/np/ndarray/internal/Expression.hpp:125: warning: Member shape() const (function) of struct np::ndarray::internal::ScalarWrapper is not documented.
/home/mike/git/np/include/np/ndarray/internal/Expression.hpp:121: warning: Member value (variable) of struct np::ndarray::internal::ScalarWrapper is not documented.
/home/mike/git/np/include/np/ndarray/internal/Tools.hpp:104: warning: Member SquareBracketsInserter(Stream &stream) noexcept (function) of class np::ndarray::internal::SquareBracketsInserter is not documented.
/home/mike/git/np/include/np/Creators.hpp:449: warning: Member operator NDArrayStatic< DType, m_size >() (function) of struct np::random::rand_helper is not documented.
/home/mike/git/np/include/np/Creators.hpp:453: warning: Member m_array (variable) of struct np::random::rand_helper is not documented.
/home/mike/git/np/include/np/Creators.hpp:431: warning: Member m_size (variable) of struct np::random::rand_helper is not documented.
/home/mike/git/np/include/np/Creators.hpp:537: warning: Member operator NDArrayStatic< DType, m_size >() (function) of struct np::random::randn_helper is not documented.
/home/mike/git/np/include/np/Creators.hpp:541: warning: Member m_array (variable) of struct np::random::randn_helper is not documented.
/home/mike/git/np/include/np/Creators.hpp:525: warning: Member m_size (variable) of struct np::random::randn_helper is not documented.
